institution,year,rank_str,overall_score,country,rank
Massachusetts Institute of Technology (MIT) ,2017,1,100.0,United States,1.0
Stanford University,2017,2,98.7,United States,2.0
Harvard University,2017,3,98.3,United States,3.0
University of Cambridge,2017,4,97.2,United Kingdom,4.0
California Institute of Technology (Caltech),2017,5,96.9,United States,5.0
University of Oxford,2017,6,96.8,United Kingdom,6.0
UCL,2017,7,95.6,United Kingdom,7.0
ETH Zurich - Swiss Federal Institute of Technology,2017,8,94.2,Switzerland,8.0
Imperial College London,2017,9,94.1,United Kingdom,9.0
University of Chicago,2017,10,93.0,United States,10.0
Princeton University,2017,11,92.8,United States,11.0
National University of Singapore (NUS),2017,12,91.5,Singapore,12.0
"Nanyang Technological University, Singapore (NTU)",2017,13,91.4,Singapore,13.0
EPFL,2017,14,91.1,Switzerland,14.0
Yale University,2017,15,90.9,United States,15.0
Cornell University,2017,16,90.1,United States,16.0
Johns Hopkins University,2017,17,89.3,United States,17.0
University of Pennsylvania,2017,18,89.0,United States,18.0
The University of Edinburgh,2017,19,88.9,United Kingdom,19.0
Columbia University,2017,20,88.6,United States,20.0
King's College London,2017,21,87.7,United Kingdom,21.0
The Australian National University,2017,22,87.3,Australia,22.0
University of Michigan-Ann Arbor,2017,23,86.4,United States,23.0
Tsinghua University,2017,24,86.0,China (Mainland),24.0
Duke University,2017,24,86.0,United States,24.0
Northwestern University,2017,26,85.7,United States,26.0
The University of Hong Kong,2017,27,85.4,Hong Kong SAR,27.0
"University of California, Berkeley (UCB)",2017,28,85.2,United States,28.0
The University of Manchester,2017,29,84.8,United Kingdom,29.0
McGill University,2017,30,84.1,Canada,30.0
"University of California, Los Angeles (UCLA)",2017,31,84.0,United States,31.0
University of Toronto,2017,32,83.8,Canada,32.0
"Ecole normale supérieure, Paris",2017,33,79.9,France,33.0
The University of Tokyo,2017,34,82.6,Japan,34.0
Seoul National University,2017,35,82.1,South Korea,35.0
The Hong Kong University of Science and Technology,2017,36,81.8,Hong Kong SAR,36.0
Kyoto University,2017,37,81.7,Japan,37.0
The London School of Economics and Political Science (LSE),2017,37,81.7,United Kingdom,37.0
Peking University,2017,39,81.3,China (Mainland),39.0
"University of California, San Diego (UCSD)",2017,40,80.6,United States,40.0
University of Bristol,2017,41,79.6,United Kingdom,41.0
The University of Melbourne,2017,42,79.5,Australia,42.0
Fudan University,2017,43,79.4,China (Mainland),43.0
The Chinese University of Hong Kong (CUHK),2017,44,78.1,Hong Kong SAR,44.0
University of British Columbia,2017,45,78.0,Canada,45.0
The University of Sydney,2017,46,77.9,Australia,46.0
New York University (NYU),2017,46,77.9,United States,46.0
KAIST - Korea Advanced Institute of Science & Technology,2017,46,77.9,South Korea,46.0
The University of New South Wales (UNSW Sydney),2017,49,77.8,Australia,49.0
Brown University,2017,49,77.8,United States,49.0
The University of Queensland,2017,51,77.6,Australia,51.0
The University of Warwick,2017,51,77.6,United Kingdom,51.0
University of Wisconsin-Madison,2017,53,75.7,United States,53.0
Ecole Polytechnique,2017,53,69.9,France,53.0
City University of Hong Kong,2017,55,75.4,Hong Kong SAR,55.0
Tokyo Institute of Technology (Tokyo Tech),2017,56,74.9,Japan,56.0
University of Amsterdam,2017,57,74.3,Netherlands,57.0
Carnegie Mellon University,2017,58,74.2,United States,58.0
University of Washington,2017,59,73.9,United States,59.0
Technical University of Munich,2017,60,72.4,Germany,60.0
Shanghai Jiao Tong University,2017,61,72.2,China (Mainland),61.0
Delft University of Technology,2017,62,72.1,Netherlands,62.0
Osaka University,2017,63,71.7,Japan,63.0
University of Glasgow,2017,63,71.7,United Kingdom,63.0
Monash University,2017,65,71.6,Australia,65.0
University of Illinois at Urbana-Champaign,2017,66,71.4,United States,66.0
University of Texas at Austin,2017,67,70.7,United States,67.0
Ludwig-Maximilians-Universität München,2017,68,70.2,Germany,68.0
National Taiwan University (NTU),2017,68,70.2,Taiwan,68.0
University of Copenhagen,2017,68,70.2,Denmark,68.0
Georgia Institute of Technology,2017,71,69.8,United States,71.0
Ruprecht-Karls-Universität Heidelberg,2017,72,69.7,Germany,72.0
Lund University,2017,73,69.1,Sweden,73.0
Durham University,2017,74,68.8,United Kingdom,74.0
Tohoku University,2017,75,68.7,Japan,75.0
University of Nottingham,2017,75,68.7,United Kingdom,75.0
University of St Andrews,2017,77,68.2,United Kingdom,77.0
"University of North Carolina, Chapel Hill",2017,78,68.1,United States,78.0
KU Leuven,2017,79,67.9,Belgium,79.0
University of Zurich,2017,80,67.8,Switzerland,80.0
The University of Auckland,2017,81,67.3,New Zealand,81.0
University of Birmingham,2017,82,67.2,United Kingdom,82.0
Pohang University of Science And Technology (POSTECH),2017,83,67.0,South Korea,83.0
The University of Sheffield,2017,84,66.9,United Kingdom,84.0
Universidad de Buenos Aires (UBA),2017,85,65.8,Argentina,85.0
"University of California, Davis",2017,85,65.8,United States,85.0
University of Southampton,2017,87,65.6,United Kingdom,87.0
The Ohio State University,2017,88,65.4,United States,88.0
Boston University,2017,89,65.2,United States,89.0
Rice University,2017,90,65.0,United States,90.0
University of Helsinki,2017,91,64.7,Finland,91.0
Purdue University,2017,92,64.5,United States,92.0
University of Leeds,2017,93,64.2,United Kingdom,93.0
University of Alberta,2017,94,64.0,Canada,94.0
Pennsylvania State University,2017,95,63.6,United States,95.0
University of Geneva,2017,95,63.6,Switzerland,95.0
KTH Royal Institute of Technology ,2017,97,63.1,Sweden,97.0
Uppsala University,2017,98,62.8,Sweden,98.0
Korea University,2017,98,62.8,South Korea,98.0
"Trinity College Dublin, The University of Dublin",2017,98,62.8,Ireland,98.0
"KIT, Karlsruhe Institute of Technology",2017,98,62.8,Germany,98.0
Leiden University,2017,102,62.7,Netherlands,102.0
The University of Western Australia,2017,102,62.7,Australia,102.0
Utrecht University,2017,104,62.4,Netherlands,104.0
University of Science and Technology of China,2017,104,62.4,China (Mainland),104.0
Sungkyunkwan University(SKKU),2017,106,61.5,South Korea,106.0
Washington University in St. Louis,2017,106,62.2,United States,106.0
Lomonosov Moscow State University,2017,108,62.1,Russia,108.0
Technical University of Denmark,2017,109,61.8,Denmark,109.0
Zhejiang University,2017,110,61.6,China (Mainland),110.0
The Hong Kong Polytechnic University,2017,111,61.4,Hong Kong SAR,111.0
Yonsei University,2017,112,60.5,South Korea,112.0
University of Oslo,2017,113,60.0,Norway,113.0
University of Groningen,2017,113,60.0,Netherlands,113.0
Nanjing University,2017,115,59.6,China (Mainland),115.0
Nagoya University,2017,115,59.6,Japan,115.0
Aarhus University,2017,117,59.5,Denmark,117.0
"University of California, Santa Barbara (UCSB)",2017,118,59.4,United States,118.0
Wageningen University & Research,2017,119,59.1,Netherlands,119.0
Universidade de São Paulo,2017,120,59.0,Brazil,120.0
Humboldt-Universität zu Berlin,2017,121,58.9,Germany,121.0
Eindhoven University of Technology,2017,121,58.9,Netherlands,121.0
Freie Universitaet Berlin,2017,123,58.7,Germany,123.0
Queen Mary University of London,2017,123,58.7,United Kingdom,123.0
The University of Adelaide,2017,125,58.6,Australia,125.0
Université de Montréal ,2017,126,58.5,Canada,126.0
University of York,2017,127,58.4,United Kingdom,127.0
Universidad Nacional Autónoma de México  (UNAM),2017,128,58.3,Mexico,128.0
Lancaster University,2017,129,57.9,United Kingdom,129.0
Hokkaido University,2017,130,57.8,Japan,130.0
Ghent University,2017,131,57.6,Belgium,131.0
"University of Maryland, College Park",2017,131,57.6,United States,131.0
Universiti Malaya (UM),2017,133,57.1,Malaysia,133.0
Aalto University,2017,133,57.1,Finland,133.0
Kyushu University,2017,135,56.8,Japan,135.0
University of Southern California,2017,136,56.7,United States,136.0
University of Minnesota Twin Cities,2017,137,56.4,United States,137.0
University of Lausanne,2017,138,56.3,Switzerland,138.0
Chalmers University of Technology,2017,139,56.1,Sweden,139.0
Cardiff University,2017,140,55.7,United Kingdom,140.0
Université Pierre et Marie Curie (UPMC),2017,141,57.5,France,141.0
University of Basel,2017,141,55.6,Switzerland,141.0
University of Aberdeen,2017,141,55.6,United Kingdom,141.0
Erasmus University Rotterdam ,2017,144,55.5,Netherlands,144.0
University of Pittsburgh,2017,145,55.1,United States,145.0
RWTH Aachen University,2017,146,55.0,Germany,146.0
Pontificia Universidad Católica de Chile (UC),2017,147,54.7,Chile,147.0
The Hebrew University of Jerusalem,2017,148,54.2,Israel,148.0
McMaster University,2017,149,54.1,Canada,149.0
Emory University,2017,149,54.1,United States,149.0
National Tsing Hua University,2017,151,53.9,Taiwan,151.0
University of Waterloo,2017,152,53.8,Canada,152.0
Indian Institute of Science,2017,152,53.8,India,152.0
Université catholique de Louvain (UCLouvain),2017,154,53.4,Belgium,154.0
University of Vienna,2017,155,53.3,Austria,155.0
"University of California, Irvine",2017,156,53.2,United States,156.0
University of Liverpool,2017,157,53.1,United Kingdom,157.0
Dartmouth College,2017,158,53.0,United States,158.0
University of Bath,2017,159,52.7,United Kingdom,159.0
Universitat de Barcelona,2017,160,52.6,Spain,160.0
Texas A&M University,2017,160,52.6,United States,160.0
Michigan State University,2017,160,52.6,United States,160.0
Albert-Ludwigs-Universitaet Freiburg,2017,163,52.2,Germany,163.0
Technische Universität Berlin (TU Berlin),2017,164,52.1,Germany,164.0
The University of Exeter,2017,164,52.1,United Kingdom,164.0
CentraleSupélec,2017,164,52.3,France,164.0
Eberhard Karls Universität Tübingen,2017,167,51.9,Germany,167.0
Newcastle University,2017,168,51.8,United Kingdom,168.0
University of Otago,2017,169,51.3,New Zealand,169.0
University of Colorado Boulder,2017,170,51.2,United States,170.0
Hanyang University,2017,171,50.6,South Korea,171.0
University of Virginia,2017,172,50.5,United States,172.0
Maastricht University ,2017,173,50.3,Netherlands,173.0
National Chiao Tung University,2017,174,38.2,Taiwan,174.0
University of Reading,2017,175,50.0,United Kingdom,175.0
University College Dublin,2017,176,49.7,Ireland,176.0
University of Göttingen,2017,177,49.6,Germany,177.0
École Normale Supérieure de Lyon,2017,177,49.6,France,177.0
University of Bergen,2017,177,49.6,Norway,177.0
University of Twente,2017,177,49.6,Netherlands,177.0
University of Bern,2017,181,49.3,Switzerland,181.0
Vrije Universiteit Brussel (VUB),2017,182,48.9,Belgium,182.0
Politecnico di Milano,2017,183,48.8,Italy,183.0
Technische Universität Wien,2017,183,48.8,Austria,183.0
University of Florida,2017,185,48.6,United States,185.0
University of Rochester,2017,185,48.6,United States,185.0
Indian Institute of Technology Delhi (IITD),2017,185,48.6,India,185.0
University of Illinois at Chicago (UIC),2017,187,48.4,United States,187.0
University of Sussex,2017,187,48.4,United Kingdom,187.0
King Fahd University of Petroleum & Minerals,2017,189,48.3,Saudi Arabia,189.0
Radboud University ,2017,190,48.2,Netherlands,190.0
Universidade Estadual de Campinas (Unicamp),2017,191,48.0,Brazil,191.0
University of Cape Town,2017,191,48.0,South Africa,191.0
University of Technology Sydney,2017,193,47.8,Australia,193.0
Queen's University Belfast,2017,195,47.5,United Kingdom,195.0
Stockholm University,2017,196,47.2,Sweden,196.0
University of Calgary,2017,196,47.2,Canada,196.0
Western University,2017,198,47.1,Canada,198.0
Vrije Universiteit Amsterdam,2017,199,46.8,Netherlands,199.0
Universidad de Chile,2017,200,46.7,Chile,200.0
Waseda University,2017,201,46.5,Japan,201.0
Case Western Reserve University,2017,202,46.4,United States,202.0
Universitat Autònoma de Barcelona,2017,203,46.3,Spain,203.0
Vanderbilt University,2017,203,46.3,United States,203.0
University of Notre Dame,2017,203,46.3,United States,203.0
Université Grenoble Alpes,2017,206,46.1,France,206.0
Tecnológico de Monterrey,2017,206,46.1,Mexico,206.0
Alma Mater Studiorum - University of Bologna,2017,208,46.0,Italy,208.0
University of Antwerp,2017,209,45.8,Belgium,209.0
Universidad Autónoma de Madrid,2017,210,45.7,Spain,210.0
Technische Universität Dresden,2017,210,45.7,Germany,210.0
Tel Aviv University,2017,212,45.6,Israel,212.0
Technion - Israel Institute of Technology,2017,213,45.5,Israel,213.0
University of Canterbury,2017,214,40.0,New Zealand,214.0
Georgetown University,2017,214,45.4,United States,214.0
Keio University,2017,216,45.1,Japan,216.0
Universite libre de Bruxelles,2017,216,45.1,Belgium,216.0
University of Wollongong,2017,218,44.7,Australia,218.0
Indian Institute of Technology Bombay (IITB),2017,219,44.6,India,219.0
Sciences Po ,2017,220,38.1,France,220.0
Université Paris-Sorbonne (Paris IV),2017,221,37.9,France,221.0
Arizona State University,2017,222,44.2,United States,222.0
Sapienza University of Rome,2017,223,44.0,Italy,223.0
Queen's University at Kingston,2017,223,44.0,Canada,223.0
University of Tsukuba,2017,225,43.8,Japan,225.0
Simon Fraser University,2017,226,43.6,Canada,226.0
King Saud University,2017,227,43.4,Saudi Arabia,227.0
Université Paris 1 Panthéon-Sorbonne,2017,228,43.3,France,228.0
Victoria University of Wellington,2017,228,43.3,New Zealand,228.0
American University of Beirut (AUB),2017,228,43.3,Lebanon,228.0
Rheinische Friedrich-Wilhelms-Universität Bonn,2017,231,43.0,Germany,231.0
Universität Hamburg,2017,232,42.9,Germany,232.0
The University of Arizona,2017,233,42.8,United States,233.0
University of Turku,2017,234,42.7,Finland,234.0
Royal Holloway University of London,2017,235,42.6,United Kingdom,235.0
Al-Farabi Kazakh National University,2017,236,42.5,Kazakhstan,236.0
Loughborough University,2017,237,42.3,United Kingdom,237.0
Tufts University,2017,238,42.2,United States,238.0
Complutense University of Madrid,2017,239,42.1,Spain,239.0
University of Leicester,2017,239,42.1,United Kingdom,239.0
National Cheng Kung University (NCKU),2017,241,42.0,Taiwan,241.0
Université Paris-Saclay,2017,241,42.0,France,241.0
National Taiwan University of Science and Technology (Taiwan Tech),2017,243,41.7,Taiwan,243.0
 University of Dundee,2017,244,41.6,United Kingdom,244.0
"The University of Newcastle, Australia (UON)",2017,245,41.3,Australia,245.0
University of Navarra,2017,245,41.3,Spain,245.0
Macquarie University,2017,247,41.2,Australia,247.0
Technical University of Darmstadt,2017,247,41.2,Germany,247.0
Indian Institute of Technology Madras (IITM),2017,249,41.0,India,249.0
National University of Ireland Galway,2017,249,41.0,Ireland,249.0
University of Massachusetts Amherst,2017,251,40.8,United States,251.0
Chulalongkorn University,2017,252,40.6,Thailand,252.0
RMIT University,2017,252,40.6,Australia,252.0
SOAS University of London ,2017,252,40.6,United Kingdom,252.0
University of East Anglia (UEA),2017,252,40.6,United Kingdom,252.0
University of Miami,2017,252,40.6,United States,252.0
Beijing Normal University ,2017,257,40.4,China (Mainland),257.0
Saint Petersburg State University,2017,258,40.1,Russia,258.0
Norwegian University of Science And Technology,2017,259,39.8,Norway,259.0
Université de Strasbourg,2017,260,39.6,France,260.0
University of Surrey,2017,261,39.5,United Kingdom,261.0
Université Diderot  Paris 7,2017,262,34.7,France,262.0
Universität Stuttgart,2017,263,39.3,Germany,263.0
Goethe-University Frankfurt am Main,2017,264,39.2,Germany,264.0
University of Gothenburg,2017,264,39.2,Sweden,264.0
Kyung Hee University,2017,264,39.2,South Korea,264.0
ENS Paris-Saclay,2017,264,34.6,France,264.0
Ecole des Ponts ParisTech,2017,268,39.1,France,268.0
Universidad Nacional de Colombia,2017,269,38.9,Colombia,269.0
Universiti Putra Malaysia (UPM),2017,270,38.8,Malaysia,270.0
"University of California, Riverside",2017,271,38.7,United States,271.0
Universidad de los Andes,2017,272,38.5,Colombia,272.0
Friedrich-Alexander-Universität Erlangen-Nürnberg,2017,272,38.5,Germany,272.0
University of Strathclyde,2017,272,38.5,United Kingdom,272.0
Wuhan University,2017,275,38.2,China (Mainland),275.0
Queensland University of Technology (QUT),2017,276,38.1,Australia,276.0
North Carolina State University,2017,277,38.0,United States,277.0
Harbin Institute of Technology,2017,278,37.9,China (Mainland),278.0
Hong Kong Baptist University,2017,278,37.9,Hong Kong SAR,278.0
Universidad Carlos III de Madrid (UC3M),2017,280,37.8,Spain,280.0
"Birkbeck, University of London",2017,280,37.8,United Kingdom,280.0
Linköping University,2017,282,37.7,Sweden,282.0
Mahidol University,2017,283,37.6,Thailand,283.0
Universitat Pompeu Fabra (Barcelona),2017,283,37.6,Spain,283.0
University College Cork,2017,283,37.6,Ireland,283.0
King Abdulaziz University (KAU),2017,283,37.6,Saudi Arabia,283.0
Dalhousie University,2017,283,37.6,Canada,283.0
University of South Australia,2017,288,37.4,Australia,288.0
Universiti Teknologi Malaysia ,2017,288,37.4,Malaysia,288.0
University of St.Gallen (HSG),2017,288,37.4,Switzerland,288.0
Indiana University Bloomington,2017,291,37.3,United States,291.0
University of Ottawa,2017,291,37.3,Canada,291.0
Novosibirsk State University,2017,291,37.3,Russia,291.0
Westfälische Wilhelms-Universität Münster ,2017,294,37.2,Germany,294.0
Umea University,2017,294,37.2,Sweden,294.0
"University of California, Santa Cruz",2017,296,37.1,United States,296.0
Sun Yat-sen University,2017,297,37.0,China (Mainland),297.0
Hiroshima University,2017,297,37.0,Japan,297.0
Universität Innsbruck,2017,299,36.9,Austria,299.0
Boston College,2017,299,36.9,United States,299.0
Rutgers University–New Brunswick,2017,301,36.8,United States,301.0
Charles University,2017,302,36.7,Czech Republic,302.0
Universiti Kebangsaan Malaysia (UKM),2017,302,36.7,Malaysia,302.0
Indian Institute of Technology Kanpur (IITK),2017,302,36.7,India,302.0
Politecnico di Torino,2017,305,36.4,Italy,305.0
Curtin University,2017,306,36.3,Australia,306.0
Bauman Moscow State Technical University,2017,306,36.3,Russia,306.0
Universidad Austral,2017,308,36.2,Argentina,308.0
National Yang Ming University,2017,308,34.4,Taiwan,308.0
National Taiwan Normal University,2017,310,36.0,Taiwan,310.0
Pontificia Universidad Católica Argentina,2017,310,36.0,Argentina,310.0
Rensselaer Polytechnic Institute,2017,310,36.0,United States,310.0
Indian Institute of Technology Kharagpur (IIT-KGP),2017,313,35.9,India,313.0
"City, University of London",2017,314,35.8,United Kingdom,314.0
Nankai University,2017,315,35.7,China (Mainland),315.0
Tongji University,2017,315,35.7,China (Mainland),315.0
Université de Liège,2017,315,35.7,Belgium,315.0
Xi’an Jiaotong University,2017,318,35.6,China (Mainland),318.0
Tampere University of Technology ,2017,319,30.0,Finland,319.0
Ben-Gurion University of The Negev,2017,320,35.4,Israel,320.0
Universidade Federal do Rio de Janeiro,2017,321,35.3,Brazil,321.0
Universitat Politècnica de Catalunya · BarcelonaTech (UPC),2017,321,35.3,Spain,321.0
University of Porto,2017,323,35.2,Portugal,323.0
University of Waikato,2017,324,35.1,New Zealand,324.0
Universitas Indonesia,2017,325,35.0,Indonesia,325.0
University of Victoria (UVic),2017,325,35.0,Canada,325.0
Université de Montpellier,2017,327,34.8,France,327.0
Heriot-Watt University,2017,327,34.8,United Kingdom,327.0
Tokyo Medical and Dental University (TMDU),2017,329,34.7,Japan,329.0
University of Lisbon ,2017,330,34.6,Portugal,330.0
Universiti Sains Malaysia (USM),2017,330,34.6,Malaysia,330.0
Tilburg University,2017,330,34.6,Netherlands,330.0
"Essex, University of",2017,330,34.6,United Kingdom,330.0
Yeshiva University,2017,330,34.6,United States,330.0
Ewha Womans University,2017,335,34.5,South Korea,335.0
Griffith University,2017,336,34.4,Australia,336.0
Gwangju Institute of Science and Technology (GIST),2017,337,34.3,South Korea,337.0
Università di Padova,2017,338,39.6,Italy,338.0
University of Jyväskylä,2017,338,34.2,Finland,338.0
Massey University,2017,340,34.1,New Zealand,340.0
James Cook University,2017,340,34.1,Australia,340.0
University at Buffalo SUNY,2017,342,34.0,United States,342.0
Lincoln University ,2017,343,33.9,New Zealand,343.0
University of Hawaiʻi at Mānoa,2017,343,33.9,United States,343.0
Brunel University London,2017,345,33.8,United Kingdom,345.0
L.N. Gumilyov Eurasian National University (ENU),2017,345,33.8,Kazakhstan,345.0
University of Cologne,2017,347,33.6,Germany,347.0
University of Tartu,2017,347,33.6,Estonia,347.0
University Ulm,2017,347,31.4,Germany,347.0
Moscow Institute of Physics and Technology (MIPT / Moscow Phystech),2017,350,33.4,Russia,350.0
MGIMO University,2017,350,31.0,Russia,350.0
Universität Konstanz,2017,352,33.2,Germany,352.0
Universidad de Belgrano,2017,352,33.2,Argentina,352.0
Belarusian State University,2017,354,33.0,Belarus,354.0
Deakin University,2017,355,32.9,Australia,355.0
"Université Paris-Dauphine, Université PSL",2017,356,33.4,France,356.0
Aston University,2017,358,32.7,United Kingdom,358.0
University of Witwatersrand,2017,359,32.6,South Africa,359.0
Oxford Brookes University,2017,359,32.6,United Kingdom,359.0
Virginia Polytechnic Institute and State University,2017,361,32.4,United States,361.0
Northeastern University,2017,361,32.4,United States,361.0
George Washington University,2017,363,32.3,United States,363.0
Universität Jena,2017,363,32.3,Germany,363.0
The American University in Cairo,2017,365,32.2,Egypt,365.0
University of Warsaw ,2017,366,32.1,Poland,366.0
Universidade Nova de Lisboa,2017,366,32.1,Portugal,366.0
University of Kent,2017,366,32.1,United Kingdom,366.0
Kobe University,2017,369,32.0,Japan,369.0
University of Milan,2017,370,31.9,Italy,370.0
University of Tasmania,2017,370,31.9,Australia,370.0
Université Laval,2017,372,31.8,Canada,372.0
University of Kansas,2017,373,31.7,United States,373.0
University of the Philippines,2017,374,31.5,Philippines,374.0
Aalborg University,2017,374,31.5,Denmark,374.0
"University of Colorado, Denver ",2017,374,31.5,United States,374.0
Tomsk State University,2017,377,31.4,Russia,377.0
University of Tromsø The Arctic University of Norway,2017,377,31.4,Norway,377.0
Dublin City University,2017,380,31.3,Ireland,380.0
University of Texas Dallas,2017,380,31.3,United States,380.0
University of Eastern Finland,2017,382,31.2,Finland,382.0
V. N. Karazin Kharkiv National University,2017,382,31.2,Ukraine,382.0
American University,2017,384,31.1,United States,384.0
University of Stirling,2017,385,31.0,United Kingdom,385.0
Colorado State University,2017,386,30.9,United States,386.0
Chung-Ang University (CAU),2017,386,30.9,South Korea,386.0
La Trobe University,2017,386,30.9,Australia,386.0
Beijing Institute of Technology,2017,389,30.8,China (Mainland),389.0
"Stony Brook University, State University of New York",2017,390,30.7,United States,390.0
Swansea University,2017,390,30.7,United Kingdom,390.0
University of Southern Denmark (SDU),2017,390,30.7,Denmark,390.0
University of Iowa,2017,393,30.6,United States,393.0
Qatar University,2017,393,30.6,Qatar,393.0
Stellenbosch University,2017,395,30.5,South Africa,395.0
Washington State University,2017,395,30.5,United States,395.0
National Sun Yat-sen University,2017,395,30.5,Taiwan,395.0
National Technical University of Athens,2017,395,30.5,Greece,395.0
Indian Institute of Technology Roorkee (IITR),2017,399,30.4,India,399.0
Leibniz University Hannover,2017,400,30.3,Germany,400.0
National Research Tomsk Polytechnic University,2017,400,30.3,Russia,400.0
Khalifa University of Science and Technology,2017,401410,36.5,United Arab Emirates,401410.0
Pontificia Universidad Católica del Perú,2017,481490,26.4,Peru,481490.0
Massachusetts Institute of Technology (MIT) ,2018,1,100.0,United States,1.0
Stanford University,2018,2,98.7,United States,2.0
Harvard University,2018,3,98.4,United States,3.0
California Institute of Technology (Caltech),2018,4,97.7,United States,4.0
University of Cambridge,2018,5,95.6,United Kingdom,5.0
University of Oxford,2018,6,95.3,United Kingdom,6.0
UCL,2018,7,94.6,United Kingdom,7.0
Imperial College London,2018,8,93.7,United Kingdom,8.0
University of Chicago,2018,9,93.5,United States,9.0
ETH Zurich - Swiss Federal Institute of Technology,2018,10,93.3,Switzerland,10.0
"Nanyang Technological University, Singapore (NTU)",2018,11,92.2,Singapore,11.0
EPFL,2018,12,91.2,Switzerland,12.0
Princeton University,2018,13,91.0,United States,13.0
Cornell University,2018,14,90.7,United States,14.0
National University of Singapore (NUS),2018,15,90.5,Singapore,15.0
Yale University,2018,16,90.4,United States,16.0
Johns Hopkins University,2018,17,89.8,United States,17.0
Columbia University,2018,18,88.9,United States,18.0
University of Pennsylvania,2018,19,88.7,United States,19.0
The Australian National University,2018,20,87.1,Australia,20.0
Duke University,2018,21,87.0,United States,21.0
University of Michigan-Ann Arbor,2018,21,87.0,United States,21.0
King's College London,2018,23,86.9,United Kingdom,23.0
The University of Edinburgh,2018,23,86.9,United Kingdom,23.0
Tsinghua University,2018,25,85.6,China (Mainland),25.0
The University of Hong Kong,2018,26,85.5,Hong Kong SAR,26.0
"University of California, Berkeley (UCB)",2018,27,84.9,United States,27.0
Northwestern University,2018,28,84.8,United States,28.0
The University of Tokyo,2018,28,84.8,Japan,28.0
The Hong Kong University of Science and Technology,2018,30,84.3,Hong Kong SAR,30.0
University of Toronto,2018,31,84.0,Canada,31.0
McGill University,2018,32,83.9,Canada,32.0
"University of California, Los Angeles (UCLA)",2018,33,83.6,United States,33.0
The University of Manchester,2018,34,83.0,United Kingdom,34.0
The London School of Economics and Political Science (LSE),2018,35,81.8,United Kingdom,35.0
Seoul National University,2018,36,81.5,South Korea,36.0
Kyoto University,2018,36,81.5,Japan,36.0
"University of California, San Diego (UCSD)",2018,38,80.8,United States,38.0
Peking University,2018,38,80.8,China (Mainland),38.0
Fudan University,2018,40,80.6,China (Mainland),40.0
The University of Melbourne,2018,41,80.4,Australia,41.0
KAIST - Korea Advanced Institute of Science & Technology,2018,41,80.4,South Korea,41.0
"Ecole normale supérieure, Paris",2018,43,79.9,France,43.0
University of Bristol,2018,44,79.5,United Kingdom,44.0
The University of New South Wales (UNSW Sydney),2018,45,78.9,Australia,45.0
The Chinese University of Hong Kong (CUHK),2018,46,78.8,Hong Kong SAR,46.0
The University of Queensland,2018,47,78.6,Australia,47.0
Carnegie Mellon University,2018,47,78.6,United States,47.0
City University of Hong Kong,2018,49,78.4,Hong Kong SAR,49.0
The University of Sydney,2018,50,78.0,Australia,50.0
University of British Columbia,2018,51,77.9,Canada,51.0
New York University (NYU),2018,52,77.3,United States,52.0
Brown University,2018,53,76.5,United States,53.0
Delft University of Technology,2018,54,76.1,Netherlands,54.0
University of Wisconsin-Madison,2018,55,75.8,United States,55.0
Tokyo Institute of Technology (Tokyo Tech),2018,56,74.8,Japan,56.0
The University of Warwick,2018,57,74.4,United Kingdom,57.0
University of Amsterdam,2018,58,74.3,Netherlands,58.0
Ecole Polytechnique,2018,59,69.9,France,59.0
Monash University,2018,60,73.1,Australia,60.0
University of Washington,2018,61,72.9,United States,61.0
Shanghai Jiao Tong University,2018,62,72.5,China (Mainland),62.0
Osaka University,2018,63,72.1,Japan,63.0
Technical University of Munich,2018,64,72.0,Germany,64.0
University of Glasgow,2018,65,71.6,United Kingdom,65.0
Ludwig-Maximilians-Universität München,2018,66,70.8,Germany,66.0
University of Texas at Austin,2018,67,70.6,United States,67.0
Ruprecht-Karls-Universität Heidelberg,2018,68,70.4,Germany,68.0
University of Illinois at Urbana-Champaign,2018,69,70.3,United States,69.0
Georgia Institute of Technology,2018,70,70.1,United States,70.0
KU Leuven,2018,71,69.4,Belgium,71.0
Pohang University of Science And Technology (POSTECH),2018,71,69.4,South Korea,71.0
University of Zurich,2018,73,69.2,Switzerland,73.0
University of Copenhagen,2018,73,69.2,Denmark,73.0
Universidad de Buenos Aires (UBA),2018,75,69.1,Argentina,75.0
National Taiwan University (NTU),2018,76,69.0,Taiwan,76.0
Tohoku University,2018,76,69.0,Japan,76.0
Durham University,2018,78,68.5,United Kingdom,78.0
Lund University,2018,78,68.5,Sweden,78.0
"University of North Carolina, Chapel Hill",2018,80,67.8,United States,80.0
Boston University,2018,81,67.2,United States,81.0
The University of Sheffield,2018,82,67.0,United Kingdom,82.0
The University of Auckland,2018,82,67.0,New Zealand,82.0
University of Birmingham,2018,84,66.8,United Kingdom,84.0
University of Nottingham,2018,84,66.8,United Kingdom,84.0
The Ohio State University,2018,86,66.1,United States,86.0
Zhejiang University,2018,87,65.9,China (Mainland),87.0
"Trinity College Dublin, The University of Dublin",2018,88,65.7,Ireland,88.0
Rice University,2018,89,65.6,United States,89.0
Korea University,2018,90,65.5,South Korea,90.0
University of Alberta,2018,90,65.5,Canada,90.0
University of St Andrews,2018,92,65.3,United Kingdom,92.0
The University of Western Australia,2018,93,65.2,Australia,93.0
Pennsylvania State University,2018,93,65.2,United States,93.0
The Hong Kong Polytechnic University,2018,95,65.0,Hong Kong SAR,95.0
Lomonosov Moscow State University,2018,95,65.0,Russia,95.0
University of Science and Technology of China,2018,97,64.9,China (Mainland),97.0
University of Geneva,2018,98,64.7,Switzerland,98.0
KTH Royal Institute of Technology ,2018,98,64.7,Sweden,98.0
Washington University in St. Louis,2018,100,64.6,United States,100.0
University of Leeds,2018,101,64.5,United Kingdom,101.0
University of Southampton,2018,102,63.9,United Kingdom,102.0
University of Helsinki,2018,102,63.9,Finland,102.0
Eindhoven University of Technology,2018,104,63.6,Netherlands,104.0
Purdue University,2018,105,63.2,United States,105.0
Yonsei University,2018,106,62.3,South Korea,106.0
"KIT, Karlsruhe Institute of Technology",2018,107,61.9,Germany,107.0
Sungkyunkwan University(SKKU),2018,108,61.5,South Korea,108.0
Utrecht University,2018,109,61.5,Netherlands,109.0
The University of Adelaide,2018,109,61.5,Australia,109.0
Leiden University,2018,109,61.5,Netherlands,109.0
Uppsala University,2018,112,61.4,Sweden,112.0
University of Groningen,2018,113,61.3,Netherlands,113.0
Universiti Malaya (UM),2018,114,60.8,Malaysia,114.0
Nanjing University,2018,114,60.8,China (Mainland),114.0
Technical University of Denmark,2018,116,60.7,Denmark,116.0
Nagoya University,2018,116,60.7,Japan,116.0
"University of California, Davis",2018,118,60.4,United States,118.0
Aarhus University,2018,119,59.3,Denmark,119.0
Humboldt-Universität zu Berlin,2018,120,59.2,Germany,120.0
Universidade de São Paulo,2018,121,59.1,Brazil,121.0
Hokkaido University,2018,122,59.0,Japan,122.0
Universidad Nacional Autónoma de México  (UNAM),2018,122,59.0,Mexico,122.0
Wageningen University & Research,2018,124,58.7,Netherlands,124.0
Ghent University,2018,125,58.4,Belgium,125.0
Freie Universitaet Berlin,2018,125,58.4,Germany,125.0
Queen Mary University of London,2018,127,58.3,United Kingdom,127.0
Kyushu University,2018,128,58.2,Japan,128.0
"University of Maryland, College Park",2018,129,58.1,United States,129.0
Université de Montréal ,2018,130,57.7,Canada,130.0
Université Pierre et Marie Curie (UPMC),2018,131,57.5,France,131.0
University of Southern California,2018,132,57.2,United States,132.0
Chalmers University of Technology,2018,133,57.1,Sweden,133.0
"University of California, Santa Barbara (UCSB)",2018,134,56.9,United States,134.0
University of York,2018,135,56.3,United Kingdom,135.0
Lancaster University,2018,135,56.3,United Kingdom,135.0
Cardiff University,2018,137,56.0,United Kingdom,137.0
Aalto University,2018,137,56.0,Finland,137.0
Pontificia Universidad Católica de Chile (UC),2018,137,56.0,Chile,137.0
McMaster University,2018,140,55.8,Canada,140.0
RWTH Aachen University,2018,141,55.6,Germany,141.0
University of Pittsburgh,2018,142,55.5,United States,142.0
University of Oslo,2018,142,55.5,Norway,142.0
Technische Universität Berlin (TU Berlin),2018,144,55.2,Germany,144.0
The Hebrew University of Jerusalem,2018,145,54.7,Israel,145.0
University of Lausanne,2018,146,54.5,Switzerland,146.0
Emory University,2018,147,54.4,United States,147.0
Erasmus University Rotterdam ,2018,147,54.4,Netherlands,147.0
University of Basel,2018,149,54.3,Switzerland,149.0
Michigan State University,2018,149,54.3,United States,149.0
University of Otago,2018,151,54.2,New Zealand,151.0
University of Waterloo,2018,152,53.7,Canada,152.0
Université catholique de Louvain (UCLouvain),2018,153,53.6,Belgium,153.0
University of Vienna,2018,154,53.3,Austria,154.0
Hanyang University,2018,155,53.2,South Korea,155.0
Universitat de Barcelona,2018,156,52.9,Spain,156.0
École Normale Supérieure de Lyon,2018,157,52.8,France,157.0
The University of Exeter,2018,158,52.7,United Kingdom,158.0
University of Aberdeen,2018,158,52.7,United Kingdom,158.0
University of Bath,2018,160,52.6,United Kingdom,160.0
National Tsing Hua University,2018,161,52.4,Taiwan,161.0
Newcastle University,2018,161,52.4,United Kingdom,161.0
University of Minnesota Twin Cities,2018,163,52.2,United States,163.0
"University of California, Irvine",2018,164,52.1,United States,164.0
University of Bergen,2018,164,52.1,Norway,164.0
Eberhard Karls Universität Tübingen,2018,164,52.1,Germany,164.0
University of Bern,2018,167,51.9,Switzerland,167.0
University College Dublin,2018,168,51.5,Ireland,168.0
Dartmouth College,2018,169,51.3,United States,169.0
Politecnico di Milano,2018,170,50.9,Italy,170.0
Albert-Ludwigs-Universitaet Freiburg,2018,171,50.8,Germany,171.0
Indian Institute of Technology Delhi (IITD),2018,172,50.7,India,172.0
King Fahd University of Petroleum & Minerals,2018,173,50.3,Saudi Arabia,173.0
University of Virginia,2018,173,50.3,United States,173.0
University of Liverpool,2018,173,50.3,United Kingdom,173.0
University of Technology Sydney,2018,176,50.1,Australia,176.0
CentraleSupélec,2018,177,52.3,France,177.0
University of Florida,2018,178,49.8,United States,178.0
University of Twente,2018,179,49.7,Netherlands,179.0
Indian Institute of Technology Bombay (IITB),2018,179,49.7,India,179.0
University of Göttingen,2018,181,49.6,Germany,181.0
Technische Universität Wien,2018,182,49.5,Austria,182.0
University of Colorado Boulder,2018,182,49.5,United States,182.0
Universidade Estadual de Campinas (Unicamp),2018,182,49.5,Brazil,182.0
Vrije Universiteit Brussel (VUB),2018,182,49.5,Belgium,182.0
University of Rochester,2018,186,49.3,United States,186.0
Universidad Autónoma de Madrid,2018,187,49.2,Spain,187.0
University of Reading,2018,188,49.1,United Kingdom,188.0
Alma Mater Studiorum - University of Bologna,2018,188,49.1,Italy,188.0
Indian Institute of Science,2018,190,49.0,India,190.0
University of Cape Town,2018,191,48.9,South Africa,191.0
Keio University,2018,192,48.5,Japan,192.0
Technische Universität Dresden,2018,195,48.1,Germany,195.0
Universitat Autònoma de Barcelona,2018,195,48.1,Spain,195.0
Stockholm University,2018,195,48.1,Sweden,195.0
Texas A&M University,2018,195,48.1,United States,195.0
Tecnológico de Monterrey,2018,199,48.0,Mexico,199.0
Maastricht University ,2018,200,47.9,Netherlands,200.0
Universidad de Chile,2018,201,47.8,Chile,201.0
Queen's University Belfast,2018,202,47.4,United Kingdom,202.0
Waseda University,2018,203,47.2,Japan,203.0
Radboud University ,2018,204,47.1,Netherlands,204.0
Tel Aviv University,2018,205,47.0,Israel,205.0
Universite libre de Bruxelles,2018,205,47.0,Belgium,205.0
National Chiao Tung University,2018,207,38.2,Taiwan,207.0
University of Illinois at Chicago (UIC),2018,207,46.9,United States,207.0
Arizona State University,2018,209,46.7,United States,209.0
Western University,2018,210,46.6,Canada,210.0
University of Antwerp,2018,210,46.6,Belgium,210.0
Vanderbilt University,2018,212,46.5,United States,212.0
Case Western Reserve University,2018,213,46.4,United States,213.0
University of Canterbury,2018,214,40.0,New Zealand,214.0
Sapienza University of Rome,2018,215,46.1,Italy,215.0
University of Notre Dame,2018,216,45.9,United States,216.0
University of Calgary,2018,217,45.8,Canada,217.0
Vrije Universiteit Amsterdam,2018,218,45.6,Netherlands,218.0
Victoria University of Wellington,2018,219,45.5,New Zealand,219.0
Sciences Po ,2018,220,38.1,France,220.0
King Saud University,2018,221,44.5,Saudi Arabia,221.0
National Cheng Kung University (NCKU),2018,222,44.3,Taiwan,222.0
Universität Hamburg,2018,223,44.2,Germany,223.0
"The University of Newcastle, Australia (UON)",2018,224,44.0,Australia,224.0
Technion - Israel Institute of Technology,2018,224,44.0,Israel,224.0
Queen's University at Kingston,2018,224,44.0,Canada,224.0
Georgetown University,2018,227,43.8,United States,227.0
University of Sussex,2018,228,43.7,United Kingdom,228.0
Universiti Putra Malaysia (UPM),2018,229,43.6,Malaysia,229.0
Universiti Kebangsaan Malaysia (UKM),2018,230,43.4,Malaysia,230.0
The University of Arizona,2018,230,43.4,United States,230.0
University of Wollongong,2018,232,43.3,Australia,232.0
Complutense University of Madrid,2018,233,43.2,Spain,233.0
Loughborough University,2018,234,43.1,United Kingdom,234.0
American University of Beirut (AUB),2018,235,43.0,Lebanon,235.0
Université Grenoble Alpes,2018,236,42.9,France,236.0
Al-Farabi Kazakh National University,2018,236,42.9,Kazakhstan,236.0
University of Leicester,2018,238,42.8,United Kingdom,238.0
Rheinische Friedrich-Wilhelms-Universität Bonn,2018,239,42.6,Germany,239.0
Saint Petersburg State University,2018,240,42.5,Russia,240.0
Macquarie University,2018,240,42.5,Australia,240.0
Université Paris-Saclay,2018,242,42.3,France,242.0
Tufts University,2018,243,42.0,United States,243.0
National University of Ireland Galway,2018,243,42.0,Ireland,243.0
Simon Fraser University,2018,245,41.8,Canada,245.0
Chulalongkorn University,2018,245,41.8,Thailand,245.0
RMIT University,2018,247,41.6,Australia,247.0
Queensland University of Technology (QUT),2018,247,41.6,Australia,247.0
University of Massachusetts Amherst,2018,249,41.5,United States,249.0
University of Tsukuba,2018,250,41.3,Japan,250.0
Novosibirsk State University,2018,250,41.3,Russia,250.0
University of Miami,2018,252,41.2,United States,252.0
Universiti Teknologi Malaysia ,2018,253,41.1,Malaysia,253.0
Goethe-University Frankfurt am Main,2018,254,40.9,Germany,254.0
Universidad Nacional de Colombia,2018,254,40.9,Colombia,254.0
Universidad de los Andes,2018,256,40.6,Colombia,256.0
Kyung Hee University,2018,256,40.6,South Korea,256.0
Beijing Normal University ,2018,256,40.6,China (Mainland),256.0
Royal Holloway University of London,2018,259,40.5,United Kingdom,259.0
Norwegian University of Science And Technology,2018,259,40.5,Norway,259.0
Universität Stuttgart,2018,259,40.5,Germany,259.0
Curtin University,2018,262,40.4,Australia,262.0
North Carolina State University,2018,263,40.3,United States,263.0
National Taiwan University of Science and Technology (Taiwan Tech),2018,264,40.2,Taiwan,264.0
Indian Institute of Technology Madras (IITM),2018,264,40.2,India,264.0
University of Surrey,2018,264,40.2,United Kingdom,264.0
Universiti Sains Malaysia (USM),2018,264,40.2,Malaysia,264.0
King Abdulaziz University (KAU),2018,267,40.1,Saudi Arabia,267.0
 University of Dundee,2018,267,40.1,United Kingdom,267.0
Université Paris 1 Panthéon-Sorbonne,2018,269,40.0,France,269.0
University of Navarra,2018,270,39.8,Spain,270.0
Ecole des Ponts ParisTech,2018,270,39.8,France,270.0
Technical University of Darmstadt,2018,272,39.6,Germany,272.0
University of East Anglia (UEA),2018,274,39.5,United Kingdom,274.0
Universitat Politècnica de Catalunya · BarcelonaTech (UPC),2018,275,39.4,Spain,275.0
University of Turku,2018,276,39.3,Finland,276.0
University of Strathclyde,2018,277,39.2,United Kingdom,277.0
Universitas Indonesia,2018,277,39.2,Indonesia,277.0
University of South Australia,2018,279,39.1,Australia,279.0
Dalhousie University,2018,279,39.1,Canada,279.0
Universidad Carlos III de Madrid (UC3M),2018,281,38.9,Spain,281.0
Wuhan University,2018,282,38.8,China (Mainland),282.0
Rutgers University–New Brunswick,2018,283,38.6,United States,283.0
University of Gothenburg,2018,283,38.6,Sweden,283.0
University College Cork,2018,283,38.6,Ireland,283.0
Universität Innsbruck,2018,286,38.5,Austria,286.0
Friedrich-Alexander-Universität Erlangen-Nürnberg,2018,287,38.4,Germany,287.0
Linköping University,2018,287,38.4,Sweden,287.0
University of Ottawa,2018,289,38.3,Canada,289.0
National Taiwan Normal University,2018,289,38.3,Taiwan,289.0
Bauman Moscow State Technical University,2018,291,38.2,Russia,291.0
University of Waikato,2018,292,38.1,New Zealand,292.0
Indian Institute of Technology Kanpur (IITK),2018,293,37.9,India,293.0
Deakin University,2018,293,37.9,Australia,293.0
Université Paris-Sorbonne (Paris IV),2018,293,37.9,France,293.0
Università di Padova,2018,296,39.6,Italy,296.0
SOAS University of London ,2018,296,37.8,United Kingdom,296.0
Universitat Pompeu Fabra (Barcelona),2018,296,37.8,Spain,296.0
Ewha Womans University,2018,299,37.7,South Korea,299.0
Hong Kong Baptist University,2018,299,37.7,Hong Kong SAR,299.0
"University of California, Santa Cruz",2018,301,37.6,United States,301.0
University of Porto,2018,301,37.6,Portugal,301.0
Université de Strasbourg,2018,303,37.5,France,303.0
Indiana University Bloomington,2018,304,37.4,United States,304.0
University of Lisbon ,2018,305,37.3,Portugal,305.0
Université Diderot  Paris 7,2018,305,34.7,France,305.0
Politecnico di Torino,2018,307,37.0,Italy,307.0
"Birkbeck, University of London",2018,308,36.9,United Kingdom,308.0
Westfälische Wilhelms-Universität Münster ,2018,308,36.9,Germany,308.0
Indian Institute of Technology Kharagpur (IIT-KGP),2018,308,36.9,India,308.0
Universidade Federal do Rio de Janeiro,2018,311,36.7,Brazil,311.0
Heriot-Watt University,2018,312,36.6,United Kingdom,312.0
University of Tasmania,2018,313,36.5,Australia,313.0
University of Tartu,2018,314,36.3,Estonia,314.0
Charles University,2018,314,36.3,Czech Republic,314.0
Tongji University,2018,316,36.2,China (Mainland),316.0
Massey University,2018,316,36.2,New Zealand,316.0
University at Buffalo SUNY,2018,318,36.1,United States,318.0
Sun Yat-sen University,2018,319,35.9,China (Mainland),319.0
Lincoln University ,2018,319,35.9,New Zealand,319.0
Université de Liège,2018,319,35.9,Belgium,319.0
Hiroshima University,2018,322,35.8,Japan,322.0
"University of California, Riverside",2018,323,35.7,United States,323.0
Tomsk State University,2018,323,35.7,Russia,323.0
University of Milan,2018,325,35.6,Italy,325.0
Harbin Institute of Technology,2018,325,35.6,China (Mainland),325.0
Yeshiva University,2018,325,35.6,United States,325.0
Griffith University,2018,325,35.6,Australia,325.0
National Yang Ming University,2018,329,34.4,Taiwan,329.0
ENS Paris-Saclay,2018,330,34.6,France,330.0
Bandung Institute of Technology (ITB),2018,331,35.3,Indonesia,331.0
University of Cologne,2018,331,35.3,Germany,331.0
Universidad Austral,2018,331,35.3,Argentina,331.0
Belarusian State University,2018,334,35.1,Belarus,334.0
Mahidol University,2018,334,35.1,Thailand,334.0
L.N. Gumilyov Eurasian National University (ENU),2018,336,35.0,Kazakhstan,336.0
Universidad de Belgrano,2018,337,34.9,Argentina,337.0
Umea University,2018,338,34.8,Sweden,338.0
Gwangju Institute of Science and Technology (GIST),2018,339,34.7,South Korea,339.0
Boston College,2018,339,34.7,United States,339.0
University of Hawaiʻi at Mānoa,2018,341,34.6,United States,341.0
Universität Jena,2018,341,34.6,Germany,341.0
"City, University of London",2018,343,34.2,United Kingdom,343.0
Xi’an Jiaotong University,2018,344,34.0,China (Mainland),344.0
Nankai University,2018,344,34.0,China (Mainland),344.0
Northeastern University,2018,346,33.9,United States,346.0
Brunel University London,2018,346,33.9,United Kingdom,346.0
University of Victoria (UVic),2018,346,33.9,Canada,346.0
"Essex, University of",2018,347,33.9,United Kingdom,347.0
Universiti Brunei Darussalam (UBD),2018,349,33.8,Brunei,349.0
Qatar University,2018,349,33.8,Qatar,349.0
Kobe University,2018,351,33.6,Japan,351.0
Ben-Gurion University of The Negev,2018,352,33.5,Israel,352.0
George Washington University,2018,352,33.5,United States,352.0
"Université Paris-Dauphine, Université PSL",2018,355,33.4,France,355.0
Moscow Institute of Physics and Technology (MIPT / Moscow Phystech),2018,355,33.4,Russia,355.0
Tilburg University,2018,357,33.3,Netherlands,357.0
University of Jyväskylä,2018,357,33.3,Finland,357.0
University Ulm,2018,357,31.4,Germany,357.0
La Trobe University,2018,360,33.2,Australia,360.0
Oxford Brookes University,2018,361,33.1,United Kingdom,361.0
Universidade Nova de Lisboa,2018,361,33.1,Portugal,361.0
Stellenbosch University,2018,361,33.1,South Africa,361.0
University of Witwatersrand,2018,364,33.0,South Africa,364.0
Rensselaer Polytechnic Institute,2018,364,33.0,United States,364.0
Pontificia Universidad Católica Argentina,2018,364,33.0,Argentina,364.0
Tokyo Medical and Dental University (TMDU),2018,367,32.9,Japan,367.0
University of Tromsø The Arctic University of Norway,2018,367,32.9,Norway,367.0
James Cook University,2018,367,32.9,Australia,367.0
University of the Philippines,2018,367,32.9,Philippines,367.0
Virginia Polytechnic Institute and State University,2018,367,32.9,United States,367.0
University of St.Gallen (HSG),2018,372,32.8,Switzerland,372.0
Aston University,2018,373,32.5,United Kingdom,373.0
National Research Nuclear University MEPhI (Moscow Engineering Physics Institute),2018,373,32.5,Russia,373.0
University of Kent,2018,373,32.5,United Kingdom,373.0
MGIMO University,2018,373,31.0,Russia,373.0
Universitat Politècnica de València,2018,373,32.5,Spain,373.0
Université Laval,2018,378,32.4,Canada,378.0
Aalborg University,2018,379,32.2,Denmark,379.0
Tampere University of Technology ,2018,380,30.0,Finland,380.0
Université de Montpellier,2018,381,32.0,France,381.0
HSE University,2018,382,31.9,Russia,382.0
"Stony Brook University, State University of New York",2018,382,31.9,United States,382.0
University of Southern Denmark (SDU),2018,384,31.6,Denmark,384.0
Universität Konstanz,2018,385,31.5,Germany,385.0
National Research Tomsk Polytechnic University,2018,386,31.3,Russia,386.0
University of Kansas,2018,386,31.3,United States,386.0
Universität Mannheim,2018,388,31.2,Germany,388.0
National Sun Yat-sen University,2018,388,31.2,Taiwan,388.0
United Arab Emirates University,2018,390,31.1,United Arab Emirates,390.0
Dublin City University,2018,391,31.0,Ireland,391.0
University of Utah,2018,391,31.0,United States,391.0
National Central University,2018,391,31.0,Taiwan,391.0
"University of Colorado, Denver ",2018,394,30.8,United States,394.0
Illinois Institute of Technology,2018,395,30.7,United States,395.0
The American University in Cairo,2018,395,30.7,Egypt,395.0
HUFS - Hankuk (Korea) University of Foreign Studies ,2018,397,30.6,South Korea,397.0
"Goldsmiths, University of London",2018,398,30.5,United Kingdom,398.0
Taipei Medical University (TMU),2018,398,30.5,Taiwan,398.0
Johannes Gutenberg Universität Mainz,2018,398,30.5,Germany,398.0
BI Norwegian Business School,2018,1001,69.8,Norway,1001.0
Copenhagen Business School,2018,1001,84.7,Denmark,1001.0
WHU - Otto Beisheim School of Management ,2018,1001,69.6,Germany,1001.0
Pontificia Universidad Católica del Perú,2018,431440,26.4,Peru,431440.0
Khalifa University of Science and Technology,2018,451460,36.5,United Arab Emirates,451460.0
Massachusetts Institute of Technology (MIT) ,2019,1,100.0,United States,1.0
Stanford University,2019,2,98.6,United States,2.0
Harvard University,2019,3,98.5,United States,3.0
California Institute of Technology (Caltech),2019,4,97.2,United States,4.0
University of Oxford,2019,5,96.8,United Kingdom,5.0
University of Cambridge,2019,6,95.6,United Kingdom,6.0
ETH Zurich - Swiss Federal Institute of Technology,2019,7,95.3,Switzerland,7.0
Imperial College London,2019,8,93.3,United Kingdom,8.0
University of Chicago,2019,9,93.2,United States,9.0
UCL,2019,10,92.9,United Kingdom,10.0
National University of Singapore (NUS),2019,11,92.0,Singapore,11.0
"Nanyang Technological University, Singapore (NTU)",2019,12,91.3,Singapore,12.0
Princeton University,2019,13,90.9,United States,13.0
Cornell University,2019,14,90.5,United States,14.0
Yale University,2019,15,89.6,United States,15.0
Columbia University,2019,16,88.5,United States,16.0
Tsinghua University,2019,17,87.2,China (Mainland),17.0
The University of Edinburgh,2019,18,86.9,United Kingdom,18.0
University of Pennsylvania,2019,19,86.5,United States,19.0
University of Michigan-Ann Arbor,2019,20,86.4,United States,20.0
Johns Hopkins University,2019,21,85.9,United States,21.0
EPFL,2019,22,85.8,Switzerland,22.0
The University of Tokyo,2019,23,85.3,Japan,23.0
The Australian National University,2019,24,84.4,Australia,24.0
The University of Hong Kong,2019,25,84.3,Hong Kong SAR,25.0
Duke University,2019,26,83.9,United States,26.0
"University of California, Berkeley (UCB)",2019,27,83.2,United States,27.0
University of Toronto,2019,28,83.0,Canada,28.0
The University of Manchester,2019,29,82.9,United Kingdom,29.0
Peking University,2019,30,82.6,China (Mainland),30.0
King's College London,2019,31,82.5,United Kingdom,31.0
"University of California, Los Angeles (UCLA)",2019,32,81.9,United States,32.0
McGill University,2019,33,81.7,Canada,33.0
Northwestern University,2019,34,81.5,United States,34.0
Kyoto University,2019,35,81.2,Japan,35.0
Seoul National University,2019,36,80.6,South Korea,36.0
The Hong Kong University of Science and Technology,2019,37,80.5,Hong Kong SAR,37.0
The London School of Economics and Political Science (LSE),2019,38,80.2,United Kingdom,38.0
The University of Melbourne,2019,39,80.1,Australia,39.0
KAIST - Korea Advanced Institute of Science & Technology,2019,40,78.7,South Korea,40.0
"University of California, San Diego (UCSD)",2019,41,78.6,United States,41.0
The University of Sydney,2019,42,78.3,Australia,42.0
New York University (NYU),2019,43,77.7,United States,43.0
Fudan University,2019,44,77.6,China (Mainland),44.0
The University of New South Wales (UNSW Sydney),2019,45,77.0,Australia,45.0
Carnegie Mellon University,2019,46,76.6,United States,46.0
University of British Columbia,2019,47,75.8,Canada,47.0
The University of Queensland,2019,48,75.7,Australia,48.0
The Chinese University of Hong Kong (CUHK),2019,49,75.6,Hong Kong SAR,49.0
Université PSL,2019,50,75.1,France,50.0
University of Bristol,2019,51,74.9,United Kingdom,51.0
Delft University of Technology,2019,52,73.3,Netherlands,52.0
University of Wisconsin-Madison,2019,53,73.2,United States,53.0
The University of Warwick,2019,54,72.9,United Kingdom,54.0
City University of Hong Kong,2019,55,72.1,Hong Kong SAR,55.0
Brown University,2019,56,72.0,United States,56.0
University of Amsterdam,2019,57,71.1,Netherlands,57.0
Tokyo Institute of Technology (Tokyo Tech),2019,58,71.0,Japan,58.0
Monash University,2019,59,70.4,Australia,59.0
Shanghai Jiao Tong University,2019,59,70.4,China (Mainland),59.0
Technical University of Munich,2019,61,70.0,Germany,61.0
Ludwig-Maximilians-Universität München,2019,62,69.4,Germany,62.0
University of Texas at Austin,2019,63,68.7,United States,63.0
Ruprecht-Karls-Universität Heidelberg,2019,64,68.0,Germany,64.0
Ecole Polytechnique,2019,65,69.9,France,65.0
University of Washington,2019,66,67.8,United States,66.0
Osaka University,2019,67,67.7,Japan,67.0
Zhejiang University,2019,68,67.5,China (Mainland),68.0
Georgia Institute of Technology,2019,69,67.4,United States,69.0
University of Glasgow,2019,69,67.4,United Kingdom,69.0
University of Illinois at Urbana-Champaign,2019,71,67.0,United States,71.0
National Taiwan University (NTU),2019,72,66.3,Taiwan,72.0
Universidad de Buenos Aires (UBA),2019,73,66.2,Argentina,73.0
Durham University,2019,74,65.7,United Kingdom,74.0
Sorbonne University,2019,75,64.8,France,75.0
The University of Sheffield,2019,75,64.8,United Kingdom,75.0
Tohoku University,2019,77,64.3,Japan,77.0
University of Zurich,2019,78,63.6,Switzerland,78.0
University of Birmingham,2019,79,63.5,United Kingdom,79.0
University of Copenhagen,2019,79,63.5,Denmark,79.0
KU Leuven,2019,81,63.4,Belgium,81.0
University of Nottingham,2019,82,63.1,United Kingdom,82.0
Pohang University of Science And Technology (POSTECH),2019,83,63.0,South Korea,83.0
"University of North Carolina, Chapel Hill",2019,83,63.0,United States,83.0
The University of Auckland,2019,85,62.8,New Zealand,85.0
Korea University,2019,86,62.7,South Korea,86.0
Rice University,2019,87,62.6,United States,87.0
Universiti Malaya (UM),2019,87,62.6,Malaysia,87.0
The Ohio State University,2019,89,62.4,United States,89.0
Lomonosov Moscow State University,2019,90,62.3,Russia,90.0
The University of Western Australia,2019,91,62.2,Australia,91.0
Lund University,2019,92,62.1,Sweden,92.0
Boston University,2019,93,62.0,United States,93.0
University of Leeds,2019,93,62.0,United Kingdom,93.0
Pennsylvania State University,2019,95,61.9,United States,95.0
University of Southampton,2019,96,61.6,United Kingdom,96.0
University of St Andrews,2019,97,61.4,United Kingdom,97.0
University of Science and Technology of China,2019,98,60.8,China (Mainland),98.0
Eindhoven University of Technology,2019,99,59.8,Netherlands,99.0
Purdue University,2019,100,59.5,United States,100.0
Sungkyunkwan University(SKKU),2019,100,61.5,South Korea,100.0
"University of California, Davis",2019,100,59.5,United States,100.0
Washington University in St. Louis,2019,100,59.5,United States,100.0
KTH Royal Institute of Technology ,2019,104,59.3,Sweden,104.0
"Trinity College Dublin, The University of Dublin",2019,104,59.3,Ireland,104.0
The Hong Kong Polytechnic University,2019,106,59.1,Hong Kong SAR,106.0
Yonsei University,2019,107,58.9,South Korea,107.0
University of Geneva,2019,108,58.4,Switzerland,108.0
University of Alberta,2019,109,58.1,Canada,109.0
University of Helsinki,2019,110,57.9,Finland,110.0
Nagoya University,2019,111,57.3,Japan,111.0
Technical University of Denmark,2019,112,57.1,Denmark,112.0
Universidad Nacional Autónoma de México  (UNAM),2019,113,56.8,Mexico,113.0
The University of Adelaide,2019,114,56.6,Australia,114.0
University of Southern California,2019,115,56.2,United States,115.0
"KIT, Karlsruhe Institute of Technology",2019,116,55.9,Germany,116.0
Uppsala University,2019,117,55.8,Sweden,117.0
Universidade de São Paulo,2019,118,55.5,Brazil,118.0
Queen Mary University of London,2019,119,55.4,United Kingdom,119.0
University of Groningen,2019,120,55.2,Netherlands,120.0
Humboldt-Universität zu Berlin,2019,121,55.1,Germany,121.0
Leiden University,2019,122,55.0,Netherlands,122.0
Nanjing University,2019,122,55.0,China (Mainland),122.0
Utrecht University,2019,124,54.5,Netherlands,124.0
Wageningen University & Research,2019,125,54.4,Netherlands,125.0
Kyushu University,2019,126,54.1,Japan,126.0
"University of Maryland, College Park",2019,126,54.1,United States,126.0
Chalmers University of Technology,2019,128,53.6,Sweden,128.0
Hokkaido University,2019,128,53.6,Japan,128.0
Freie Universitaet Berlin,2019,130,53.4,Germany,130.0
Lancaster University,2019,131,53.0,United Kingdom,131.0
Pontificia Universidad Católica de Chile (UC),2019,132,52.9,Chile,132.0
"University of California, Santa Barbara (UCSB)",2019,132,52.9,United States,132.0
University of York,2019,134,52.4,United Kingdom,134.0
University of Oslo,2019,135,51.9,Norway,135.0
University of Pittsburgh,2019,136,51.8,United States,136.0
CentraleSupélec,2019,137,52.3,France,137.0
Ghent University,2019,138,51.3,Belgium,138.0
University of Bern,2019,139,51.1,Switzerland,139.0
Aalto University,2019,140,50.8,Finland,140.0
Aarhus University,2019,141,50.7,Denmark,141.0
Michigan State University,2019,141,50.7,United States,141.0
Newcastle University,2019,141,50.7,United Kingdom,141.0
RWTH Aachen University,2019,144,50.4,Germany,144.0
Cardiff University,2019,145,50.3,United Kingdom,145.0
McMaster University,2019,146,50.1,Canada,146.0
Technische Universität Berlin (TU Berlin),2019,147,49.9,Germany,147.0
Emory University,2019,148,49.6,United States,148.0
Université de Montréal ,2019,149,49.5,Canada,149.0
University of Lausanne,2019,149,49.5,Switzerland,149.0
Hanyang University,2019,151,49.4,South Korea,151.0
École Normale Supérieure de Lyon,2019,153,49.2,France,153.0
The Hebrew University of Jerusalem,2019,154,49.1,Israel,154.0
The University of Exeter,2019,154,49.1,United Kingdom,154.0
Politecnico di Milano,2019,156,48.7,Italy,156.0
University of Minnesota Twin Cities,2019,156,48.7,United States,156.0
University of Bath,2019,158,48.6,United Kingdom,158.0
Universidad Autónoma de Madrid,2019,159,48.5,Spain,159.0
University of Basel,2019,160,48.4,Switzerland,160.0
University of Technology Sydney,2019,160,48.4,Australia,160.0
Indian Institute of Technology Bombay (IITB),2019,162,48.2,India,162.0
National Tsing Hua University,2019,163,48.0,Taiwan,163.0
University of Waterloo,2019,163,48.0,Canada,163.0
University of Liverpool,2019,164,47.9,United Kingdom,164.0
Université catholique de Louvain (UCLouvain),2019,165,47.9,Belgium,165.0
Universitat de Barcelona,2019,166,47.8,Spain,166.0
Eberhard Karls Universität Tübingen,2019,168,47.6,Germany,168.0
"University of California, Irvine",2019,169,47.5,United States,169.0
Indian Institute of Science,2019,170,47.1,India,170.0
University of Bergen,2019,171,46.8,Norway,171.0
Indian Institute of Technology Delhi (IITD),2019,172,46.6,India,172.0
University of Aberdeen,2019,172,46.6,United Kingdom,172.0
University of Twente,2019,172,46.6,Netherlands,172.0
University of Vienna,2019,175,46.4,Austria,175.0
University of Otago,2019,175,46.4,New Zealand,175.0
Tecnológico de Monterrey,2019,178,46.2,Mexico,178.0
Erasmus University Rotterdam ,2019,179,46.1,Netherlands,179.0
Queen's University Belfast,2019,180,45.9,United Kingdom,180.0
Alma Mater Studiorum - University of Bologna,2019,180,45.9,Italy,180.0
University of Florida,2019,180,45.9,United States,180.0
Dartmouth College,2019,183,45.8,United States,183.0
Universiti Kebangsaan Malaysia (UKM),2019,184,45.5,Malaysia,184.0
University of Rochester,2019,184,45.5,United States,184.0
Case Western Reserve University,2019,186,45.4,United States,186.0
Albert-Ludwigs-Universitaet Freiburg,2019,186,45.4,Germany,186.0
Vrije Universiteit Brussel (VUB),2019,188,45.2,Belgium,188.0
King Fahd University of Petroleum & Minerals,2019,189,45.1,Saudi Arabia,189.0
University of Colorado Boulder,2019,190,45.0,United States,190.0
Technische Universität Dresden,2019,191,44.9,Germany,191.0
University of Virginia,2019,192,44.8,United States,192.0
Universitat Autònoma de Barcelona,2019,193,44.7,Spain,193.0
University College Dublin,2019,193,44.7,Ireland,193.0
University of Reading,2019,195,44.4,United Kingdom,195.0
Vanderbilt University,2019,195,44.4,United States,195.0
University of Göttingen,2019,197,44.3,Germany,197.0
Keio University,2019,198,44.1,Japan,198.0
Technische Universität Wien,2019,199,44.0,Austria,199.0
Stockholm University,2019,200,43.9,Sweden,200.0
University of Cape Town,2019,200,43.9,South Africa,200.0
Universiti Putra Malaysia (UPM),2019,202,43.8,Malaysia,202.0
Texas A&M University,2019,203,43.5,United States,203.0
Radboud University ,2019,204,43.3,Netherlands,204.0
Universidade Estadual de Campinas (Unicamp),2019,204,43.3,Brazil,204.0
Complutense University of Madrid,2019,206,43.2,Spain,206.0
Universiti Sains Malaysia (USM),2019,207,43.0,Malaysia,207.0
National Chiao Tung University,2019,208,38.2,Taiwan,208.0
Universidad de Chile,2019,208,42.6,Chile,208.0
Waseda University,2019,208,42.6,Japan,208.0
Maastricht University ,2019,211,42.5,Netherlands,211.0
Arizona State University,2019,212,42.3,United States,212.0
University of Notre Dame,2019,212,42.3,United States,212.0
University of Illinois at Chicago (UIC),2019,214,42.0,United States,214.0
"The University of Newcastle, Australia (UON)",2019,214,42.0,Australia,214.0
Western University,2019,214,42.0,Canada,214.0
Sapienza University of Rome,2019,217,41.8,Italy,217.0
Loughborough University,2019,218,41.4,United Kingdom,218.0
University of Wollongong,2019,218,41.4,Australia,218.0
Al-Farabi Kazakh National University,2019,220,41.3,Kazakhstan,220.0
Sciences Po ,2019,221,38.1,France,221.0
Victoria University of Wellington,2019,221,41.0,New Zealand,221.0
Universität Hamburg,2019,223,40.9,Germany,223.0
University of Antwerp,2019,223,40.9,Belgium,223.0
University of Leicester,2019,223,40.9,United Kingdom,223.0
Georgetown University,2019,226,40.8,United States,226.0
University of Sussex,2019,227,40.7,United Kingdom,227.0
Universiti Teknologi Malaysia ,2019,228,40.5,Malaysia,228.0
University of Calgary,2019,229,40.4,Canada,229.0
Tel Aviv University,2019,230,40.3,Israel,230.0
King Abdulaziz University (KAU),2019,231,40.0,Saudi Arabia,231.0
University of Canterbury,2019,231,40.0,New Zealand,231.0
Vrije Universiteit Amsterdam,2019,231,40.0,Netherlands,231.0
National Cheng Kung University (NCKU),2019,234,39.4,Taiwan,234.0
Saint Petersburg State University,2019,235,39.2,Russia,235.0
Royal Holloway University of London,2019,236,39.1,United Kingdom,236.0
American University of Beirut (AUB),2019,237,39.0,Lebanon,237.0
Tufts University,2019,237,39.0,United States,237.0
Queen's University at Kingston,2019,239,38.9,Canada,239.0
Universite libre de Bruxelles,2019,239,38.9,Belgium,239.0
Université Paris-Saclay,2019,239,38.9,France,239.0
University of Navarra,2019,242,38.8,Spain,242.0
University of Miami,2019,242,38.8,United States,242.0
Novosibirsk State University,2019,244,38.7,Russia,244.0
Queensland University of Technology (QUT),2019,244,38.7,Australia,244.0
The University of Arizona,2019,246,38.5,United States,246.0
Technion - Israel Institute of Technology,2019,247,38.4,Israel,247.0
University of Surrey,2019,248,38.3,United Kingdom,248.0
Università di Padova,2019,249,39.6,Italy,249.0
Curtin University,2019,250,38.0,Australia,250.0
Macquarie University,2019,250,38.0,Australia,250.0
RMIT University,2019,250,38.0,Australia,250.0
Technical University of Darmstadt,2019,253,37.9,Germany,253.0
Universidad Carlos III de Madrid (UC3M),2019,253,37.9,Spain,253.0
Rheinische Friedrich-Wilhelms-Universität Bonn,2019,255,37.7,Germany,255.0
King Saud University,2019,256,37.6,Saudi Arabia,256.0
National Taiwan University of Science and Technology (Taiwan Tech),2019,257,37.5,Taiwan,257.0
Wuhan University,2019,257,37.5,China (Mainland),257.0
University of Massachusetts Amherst,2019,259,37.3,United States,259.0
National University of Ireland Galway,2019,260,37.1,Ireland,260.0
Universität Stuttgart,2019,260,37.1,Germany,260.0
University of Tsukuba,2019,260,37.1,Japan,260.0
Ecole des Ponts ParisTech,2019,263,37.0,France,263.0
Indian Institute of Technology Madras (IITM),2019,264,36.7,India,264.0
Kyung Hee University,2019,264,36.7,South Korea,264.0
Simon Fraser University,2019,264,36.7,Canada,264.0
University of South Australia,2019,264,36.7,Australia,264.0
University of Strathclyde,2019,268,36.6,United Kingdom,268.0
University of East Anglia (UEA),2019,269,36.4,United Kingdom,269.0
University of Gothenburg,2019,269,36.4,Sweden,269.0
Chulalongkorn University,2019,271,36.3,Thailand,271.0
Universidad de los Andes,2019,272,36.1,Colombia,272.0
 University of Dundee,2019,272,36.1,United Kingdom,272.0
University of Waikato,2019,274,36.0,New Zealand,274.0
Universidad Nacional de Colombia,2019,275,35.9,Colombia,275.0
Universitat Politècnica de Catalunya · BarcelonaTech (UPC),2019,275,35.9,Spain,275.0
Hong Kong Baptist University,2019,277,35.8,Hong Kong SAR,277.0
Tomsk State University,2019,277,35.8,Russia,277.0
Dalhousie University,2019,279,35.7,Canada,279.0
North Carolina State University,2019,279,35.7,United States,279.0
Goethe-University Frankfurt am Main,2019,279,35.7,Germany,279.0
Universität Innsbruck,2019,279,35.7,Austria,279.0
Indian Institute of Technology Kanpur (IITK),2019,283,35.6,India,283.0
Rutgers University–New Brunswick,2019,283,35.6,United States,283.0
Harbin Institute of Technology,2019,285,35.3,China (Mainland),285.0
University of Turku,2019,285,35.3,Finland,285.0
University of Tasmania,2019,287,35.2,Australia,287.0
SOAS University of London ,2019,288,35.1,United Kingdom,288.0
Université Grenoble Alpes,2019,289,35.0,France,289.0
University of Ottawa,2019,289,35.0,Canada,289.0
Tongji University,2019,291,34.9,China (Mainland),291.0
Beijing Normal University ,2019,292,34.8,China (Mainland),292.0
National Yang Ming University,2019,292,34.4,Taiwan,292.0
Universitas Indonesia,2019,292,34.8,Indonesia,292.0
Indian Institute of Technology Kharagpur (IIT-KGP),2019,295,34.7,India,295.0
Sun Yat-sen University,2019,295,34.7,China (Mainland),295.0
Université Diderot  Paris 7,2019,295,34.7,France,295.0
Universitat Pompeu Fabra (Barcelona),2019,298,34.6,Spain,298.0
Bauman Moscow State Technical University,2019,299,34.5,Russia,299.0
Friedrich-Alexander-Universität Erlangen-Nürnberg,2019,299,34.5,Germany,299.0
Université Paris 1 Panthéon-Sorbonne,2019,299,34.5,France,299.0
Heriot-Watt University,2019,302,34.4,United Kingdom,302.0
Linköping University,2019,302,34.4,Sweden,302.0
University of Hawaiʻi at Mānoa,2019,302,34.4,United States,302.0
ENS Paris-Saclay,2019,305,34.6,France,305.0
"Birkbeck, University of London",2019,306,34.2,United Kingdom,306.0
University of Cologne,2019,306,34.2,Germany,306.0
National Taiwan Normal University,2019,308,34.1,Taiwan,308.0
Deakin University,2019,309,34.0,Australia,309.0
Universitat Politècnica de València,2019,310,33.7,Spain,310.0
Yeshiva University,2019,310,33.7,United States,310.0
Moscow Institute of Physics and Technology (MIPT / Moscow Phystech),2019,312,33.6,Russia,312.0
University at Buffalo SUNY,2019,313,33.4,United States,313.0
Xi’an Jiaotong University,2019,313,33.4,China (Mainland),313.0
Gwangju Institute of Science and Technology (GIST),2019,315,33.3,South Korea,315.0
Khalifa University of Science and Technology,2019,315,36.5,United Arab Emirates,315.0
Charles University,2019,317,33.2,Czech Republic,317.0
Lincoln University ,2019,317,33.2,New Zealand,317.0
Ewha Womans University,2019,319,33.1,South Korea,319.0
Tilburg University,2019,319,33.1,Netherlands,319.0
Hiroshima University,2019,321,32.8,Japan,321.0
University of Tartu,2019,321,32.8,Estonia,321.0
Indiana University Bloomington,2019,323,32.7,United States,323.0
Universiti Brunei Darussalam (UBD),2019,323,32.7,Brunei,323.0
University of Milan,2019,325,32.5,Italy,325.0
Northeastern University,2019,326,32.3,United States,326.0
Universität Jena,2019,326,32.3,Germany,326.0
University of Porto,2019,328,32.2,Portugal,328.0
Griffith University,2019,329,32.1,Australia,329.0
National Research Nuclear University MEPhI (Moscow Engineering Physics Institute),2019,329,32.1,Russia,329.0
Westfälische Wilhelms-Universität Münster ,2019,329,32.1,Germany,329.0
Brunel University London,2019,332,32.0,United Kingdom,332.0
Massey University,2019,332,32.0,New Zealand,332.0
Qatar University,2019,332,32.0,Qatar,332.0
University Ulm,2019,332,31.4,Germany,332.0
"University of California, Santa Cruz",2019,336,31.9,United States,336.0
University of Jyväskylä,2019,336,31.9,Finland,336.0
Nankai University,2019,338,31.7,China (Mainland),338.0
Umea University,2019,338,31.7,Sweden,338.0
Universität Mannheim,2019,338,31.7,Germany,338.0
University College Cork,2019,338,31.7,Ireland,338.0
Virginia Polytechnic Institute and State University,2019,338,31.7,United States,338.0
Aalborg University,2019,343,31.6,Denmark,343.0
HSE University,2019,343,31.6,Russia,343.0
George Washington University,2019,345,31.5,United States,345.0
Rensselaer Polytechnic Institute,2019,345,31.5,United States,345.0
University of Utah,2019,345,31.5,United States,345.0
Université de Strasbourg,2019,348,31.3,France,348.0
"Stony Brook University, State University of New York",2019,349,31.2,United States,349.0
United Arab Emirates University,2019,350,31.1,United Arab Emirates,350.0
"City, University of London",2019,351,31.0,United Kingdom,351.0
Kobe University,2019,352,30.9,Japan,352.0
Tokyo Medical and Dental University (TMDU),2019,352,30.9,Japan,352.0
Belarusian State University,2019,354,30.8,Belarus,354.0
MGIMO University,2019,355,31.0,Russia,355.0
"Essex, University of",2019,355,30.7,United Kingdom,355.0
University of Kent,2019,355,30.7,United Kingdom,355.0
University of Lisbon ,2019,355,30.7,Portugal,355.0
Bandung Institute of Technology (ITB),2019,359,30.4,Indonesia,359.0
University of Victoria (UVic),2019,359,30.4,Canada,359.0
Universidade Federal do Rio de Janeiro,2019,361,30.3,Brazil,361.0
Taipei Medical University (TMU),2019,362,30.2,Taiwan,362.0
Norwegian University of Science And Technology,2019,363,30.1,Norway,363.0
Oxford Brookes University,2019,363,30.1,United Kingdom,363.0
Graz University of Technology,2019,363,30.1,Austria,363.0
Tampere University of Technology ,2019,366,30.0,Finland,366.0
Universidad Austral,2019,367,29.9,Argentina,367.0
University of Kansas,2019,367,29.9,United States,367.0
James Cook University,2019,369,29.7,Australia,369.0
Pontificia Universidad Católica Argentina,2019,369,29.7,Argentina,369.0
University of Tromsø The Arctic University of Norway,2019,369,29.7,Norway,369.0
Ruhr-Universität Bochum,2019,372,29.6,Germany,372.0
National Research Tomsk Polytechnic University,2019,373,29.4,Russia,373.0
University of Connecticut,2019,373,29.4,United States,373.0
University of St.Gallen (HSG),2019,375,29.3,Switzerland,375.0
American University of Sharjah,2019,376,29.2,United Arab Emirates,376.0
Boston College,2019,376,29.2,United States,376.0
University of Oulu,2019,376,29.2,Finland,376.0
University of Southern Denmark (SDU),2019,376,29.2,Denmark,376.0
Mahidol University,2019,380,29.1,Thailand,380.0
Aston University,2019,381,29.0,United Kingdom,381.0
Indian Institute of Technology Roorkee (IITR),2019,381,29.0,India,381.0
University of Witwatersrand,2019,381,29.0,South Africa,381.0
Universidad de Belgrano,2019,384,28.8,Argentina,384.0
"University of California, Riverside",2019,384,28.8,United States,384.0
University of the Philippines,2019,384,28.8,Philippines,384.0
HUFS - Hankuk (Korea) University of Foreign Studies ,2019,387,28.7,South Korea,387.0
Politecnico di Torino,2019,387,28.7,Italy,387.0
Swinburne University of Technology,2019,387,28.7,Australia,387.0
Wake Forest University,2019,387,28.7,United States,387.0
Gadjah Mada University,2019,391,28.6,Indonesia,391.0
Université de Liège,2019,391,28.6,Belgium,391.0
Washington State University,2019,391,28.6,United States,391.0
L.N. Gumilyov Eurasian National University (ENU),2019,394,28.5,Kazakhstan,394.0
University of Warsaw ,2019,394,28.5,Poland,394.0
"Goldsmiths, University of London",2019,396,28.3,United Kingdom,396.0
Chung-Ang University (CAU),2019,397,28.2,South Korea,397.0
La Trobe University,2019,397,28.2,Australia,397.0
Pakistan Institute of Engineering and Applied Sciences (PIEAS),2019,397,28.2,Pakistan,397.0
Universität Konstanz,2019,397,28.2,Germany,397.0
"University of Colorado, Denver ",2019,397,28.2,United States,397.0
Université Laval,2019,402,28.1,Canada,402.0
National Sun Yat-sen University,2019,402,28.1,Taiwan,402.0
Peter the Great St. Petersburg Polytechnic University,2019,404,28.0,Russia,404.0
Stellenbosch University,2019,405,27.9,South Africa,405.0
Universidade Nova de Lisboa,2019,405,27.9,Portugal,405.0
Ben-Gurion University of The Negev,2019,407,27.7,Israel,407.0
Johannes Gutenberg Universität Mainz,2019,407,27.7,Germany,407.0
Universidad Externado de Colombia ,2019,407,27.7,Colombia,407.0
University of Coimbra,2019,407,27.7,Portugal,407.0
Jagiellonian University,2019,411,27.6,Poland,411.0
Tulane University,2019,412,27.5,United States,412.0
Universidad de Zaragoza,2019,412,27.5,Spain,412.0
Ural Federal University - UrFU,2019,412,27.5,Russia,412.0
Huazhong University of Science and Technology,2019,415,27.4,China (Mainland),415.0
National Central University,2019,415,27.4,Taiwan,415.0
National University of Sciences And Technology (NUST) Islamabad,2019,417,27.3,Pakistan,417.0
University of Stirling,2019,417,27.3,United Kingdom,417.0
"The University of Tennessee, Knoxville",2019,419,27.2,United States,419.0
The American University in Cairo,2019,420,27.1,Egypt,420.0
Universidad de Palermo (UP),2019,420,27.1,Argentina,420.0
Dublin City University,2019,422,27.0,Ireland,422.0
Shanghai University,2019,422,27.0,China (Mainland),422.0
University of Pisa,2019,422,27.0,Italy,422.0
Université de Montpellier,2019,422,27.0,France,422.0
Illinois Institute of Technology,2019,426,26.9,United States,426.0
University of Trento,2019,426,26.9,Italy,426.0
University of Texas Dallas,2019,426,26.9,United States,426.0
Brandeis University,2019,429,26.8,United States,429.0
Chang Gung University,2019,429,26.8,Taiwan,429.0
The University of Georgia,2019,431,26.7,United States,431.0
Aberystwyth University,2019,432,26.5,United Kingdom,432.0
Dongguk University ,2019,432,26.5,South Korea,432.0
Sharif University of Technology,2019,432,26.5,"Iran, Islamic Republic of",432.0
Bangor University,2019,435,26.4,United Kingdom,435.0
Sogang University,2019,435,26.4,South Korea,435.0
Swansea University,2019,435,26.4,United Kingdom,435.0
University of Iowa,2019,435,26.4,United States,435.0
Kazan (Volga region) Federal University,2019,439,26.2,Russia,439.0
University of Delaware,2019,439,26.2,United States,439.0
Wayne State University,2019,439,26.2,United States,439.0
Universiti Teknologi Brunei,2019,442,26.1,Brunei,442.0
Bond University,2019,443,26.0,Australia,443.0
Tianjin University,2019,443,26.0,China (Mainland),443.0
University of Macau,2019,443,26.0,Macau SAR,443.0
National Technical University of Athens,2019,446,25.9,Greece,446.0
RUDN University,2019,446,25.9,Russia,446.0
King Khalid University,2019,448,25.8,Saudi Arabia,448.0
Koç University,2019,448,25.8,Turkey,448.0
Colorado State University,2019,450,25.7,United States,450.0
Oregon State University,2019,450,25.7,United States,450.0
Sultan Qaboos University,2019,450,25.7,Oman,450.0
Christian-Albrechts-University zu Kiel,2019,453,25.6,Germany,453.0
Aix-Marseille University,2019,453,25.6,France,453.0
"University of Maryland, Baltimore County",2019,453,25.6,United States,453.0
Bilkent University,2019,456,25.5,Turkey,456.0
Hitotsubashi University,2019,456,25.5,Japan,456.0
Johannes Kepler University Linz,2019,456,25.5,Austria,456.0
The Catholic University of Korea ,2019,456,25.5,South Korea,456.0
Yokohama City University,2019,460,25.4,Japan,460.0
Clark University,2019,461,25.3,United States,461.0
Universität des Saarlandes,2019,461,25.3,Germany,461.0
University of Saskatchewan,2019,461,25.3,Canada,461.0
Auckland University of Technology (AUT),2019,464,25.2,New Zealand,464.0
Beijing Institute of Technology,2019,464,25.2,China (Mainland),464.0
Chiba University,2019,464,25.2,Japan,464.0
Concordia University,2019,464,25.2,Canada,464.0
Satbayev University,2019,464,25.2,Kazakhstan,464.0
Universidade Federal de São Paulo,2019,464,25.2,Brazil,464.0
Universidad Politécnica de Madrid (UPM),2019,470,25.1,Spain,470.0
University of Szeged,2019,470,25.1,Hungary,470.0
Florida State University,2019,472,25.0,United States,472.0
Indian Institute of Technology Guwahati (IITG),2019,472,25.0,India,472.0
University of Naples - Federico II,2019,472,25.0,Italy,472.0
Jilin University,2019,475,24.8,China (Mainland),475.0
The National University of Science and Technology MISIS,2019,476,24.7,Russia,476.0
Xiamen University,2019,476,24.7,China (Mainland),476.0
Flinders University,2019,478,24.6,Australia,478.0
Institut National des Sciences Appliquées de Lyon (INSA),2019,478,24.6,France,478.0
Auezov South Kazakhstan University (SKU),2019,480,24.5,Kazakhstan,480.0
Abai Kazakh National Pedagogical University,2019,481,24.4,Kazakhstan,481.0
UCSI University,2019,481,24.4,Malaysia,481.0
Universidad de Alcalá,2019,481,24.4,Spain,481.0
University of Eastern Finland,2019,481,24.4,Finland,481.0
V. N. Karazin Kharkiv National University,2019,481,24.4,Ukraine,481.0
York University,2019,481,24.4,Canada,481.0
University of Delhi,2019,487,24.2,India,487.0
Vilnius University ,2019,488,24.1,Lithuania,488.0
Iowa State University,2019,489,24.0,United States,489.0
University of Bordeaux,2019,489,24.0,France,489.0
Beihang University (former BUAA),2019,491,23.9,China (Mainland),491.0
UNESP,2019,491,23.9,Brazil,491.0
University of New Mexico,2019,494,23.8,United States,494.0
University of Granada,2019,495,23.7,Spain,495.0
University of Hohenheim,2019,495,23.7,Germany,495.0
University of Oklahoma,2019,495,23.7,United States,495.0
Amirkabir University of Technology,2019,498,23.6,"Iran, Islamic Republic of",498.0
 Western Sydney University,2019,498,23.6,Australia,498.0
Singapore Management University,2019,500,23.5,Singapore,500.0
Technische Universität Braunschweig,2019,500,23.5,Germany,500.0
Saint Joseph University of Beirut (USJ) ,2019,500,23.5,Lebanon,500.0
University of Science and Technology Beijing,2019,500,23.5,China (Mainland),500.0
Pontificia Universidad Católica del Perú,2019,551560,26.4,Peru,551560.0
Massachusetts Institute of Technology (MIT) ,2020,1,100.0,United States,1.0
Stanford University,2020,2,98.4,United States,2.0
Harvard University,2020,3,97.4,United States,3.0
University of Oxford,2020,4,97.2,United Kingdom,4.0
California Institute of Technology (Caltech),2020,5,96.9,United States,5.0
ETH Zurich - Swiss Federal Institute of Technology,2020,6,95.9,Switzerland,6.0
University of Cambridge,2020,7,95.0,United Kingdom,7.0
UCL,2020,8,94.8,United Kingdom,8.0
Imperial College London,2020,9,94.1,United Kingdom,9.0
University of Chicago,2020,10,92.0,United States,10.0
"Nanyang Technological University, Singapore (NTU)",2020,11,91.8,Singapore,11.0
National University of Singapore (NUS),2020,11,91.8,Singapore,11.0
Princeton University,2020,13,90.9,United States,13.0
Cornell University,2020,14,89.3,United States,14.0
University of Pennsylvania,2020,15,88.9,United States,15.0
Tsinghua University,2020,16,88.6,China (Mainland),16.0
Yale University,2020,17,87.7,United States,17.0
Columbia University,2020,18,87.4,United States,18.0
EPFL,2020,18,87.4,Switzerland,18.0
The University of Edinburgh,2020,20,86.2,United Kingdom,20.0
University of Michigan-Ann Arbor,2020,21,86.0,United States,21.0
Peking University,2020,22,84.3,China (Mainland),22.0
The University of Tokyo,2020,22,84.3,Japan,22.0
Johns Hopkins University,2020,24,83.9,United States,24.0
Duke University,2020,25,83.8,United States,25.0
The University of Hong Kong,2020,25,83.8,Hong Kong SAR,25.0
The University of Manchester,2020,27,82.7,United Kingdom,27.0
"University of California, Berkeley (UCB)",2020,28,82.6,United States,28.0
The Australian National University,2020,29,82.1,Australia,29.0
University of Toronto,2020,29,82.1,Canada,29.0
Northwestern University,2020,31,81.5,United States,31.0
The Hong Kong University of Science and Technology,2020,32,80.6,Hong Kong SAR,32.0
King's College London,2020,33,80.5,United Kingdom,33.0
Kyoto University,2020,33,80.5,Japan,33.0
McGill University,2020,35,80.4,Canada,35.0
"University of California, Los Angeles (UCLA)",2020,35,80.4,United States,35.0
Seoul National University,2020,37,79.6,South Korea,37.0
The University of Melbourne,2020,38,79.5,Australia,38.0
New York University (NYU),2020,39,78.8,United States,39.0
Fudan University,2020,40,78.6,China (Mainland),40.0
KAIST - Korea Advanced Institute of Science & Technology,2020,41,77.9,South Korea,41.0
The University of Sydney,2020,42,77.8,Australia,42.0
The University of New South Wales (UNSW Sydney),2020,43,77.1,Australia,43.0
The London School of Economics and Political Science (LSE),2020,44,77.0,United Kingdom,44.0
"University of California, San Diego (UCSD)",2020,45,76.6,United States,45.0
The Chinese University of Hong Kong (CUHK),2020,46,75.9,Hong Kong SAR,46.0
The University of Queensland,2020,47,75.7,Australia,47.0
Carnegie Mellon University,2020,48,74.8,United States,48.0
University of Bristol,2020,49,74.5,United Kingdom,49.0
Delft University of Technology,2020,50,74.2,Netherlands,50.0
University of British Columbia,2020,51,74.1,Canada,51.0
City University of Hong Kong,2020,52,73.6,Hong Kong SAR,52.0
Université PSL,2020,53,73.4,France,53.0
Zhejiang University,2020,54,72.4,China (Mainland),54.0
Technical University of Munich,2020,55,72.3,Germany,55.0
University of Wisconsin-Madison,2020,56,71.8,United States,56.0
Brown University,2020,57,71.5,United States,57.0
Monash University,2020,58,70.9,Australia,58.0
Tokyo Institute of Technology (Tokyo Tech),2020,58,70.9,Japan,58.0
Ecole Polytechnique,2020,60,69.9,France,60.0
Shanghai Jiao Tong University,2020,60,70.5,China (Mainland),60.0
The University of Warwick,2020,62,70.4,United Kingdom,62.0
Ludwig-Maximilians-Universität München,2020,63,69.6,Germany,63.0
University of Amsterdam,2020,64,69.0,Netherlands,64.0
University of Texas at Austin,2020,65,68.6,United States,65.0
Ruprecht-Karls-Universität Heidelberg,2020,66,68.4,Germany,66.0
University of Glasgow,2020,67,68.2,United Kingdom,67.0
University of Washington,2020,68,67.9,United States,68.0
National Taiwan University (NTU),2020,69,67.3,Taiwan,69.0
Universiti Malaya (UM),2020,70,67.1,Malaysia,70.0
Osaka University,2020,71,66.5,Japan,71.0
Georgia Institute of Technology,2020,72,66.2,United States,72.0
Universidad de Buenos Aires (UBA),2020,74,66.0,Argentina,74.0
University of Illinois at Urbana-Champaign,2020,75,65.9,United States,75.0
University of Zurich,2020,76,65.8,Switzerland,76.0
Sorbonne University,2020,77,64.9,France,77.0
Durham University,2020,78,64.2,United Kingdom,78.0
The University of Sheffield,2020,78,64.2,United Kingdom,78.0
KU Leuven,2020,80,64.1,Belgium,80.0
University of Copenhagen,2020,81,63.8,Denmark,81.0
University of Birmingham,2020,81,64.0,United Kingdom,81.0
Tohoku University,2020,82,63.7,Japan,82.0
Korea University,2020,83,63.4,South Korea,83.0
The University of Auckland,2020,83,63.4,New Zealand,83.0
Lomonosov Moscow State University,2020,84,63.2,Russia,84.0
Rice University,2020,85,63.1,United States,85.0
The University of Western Australia,2020,86,62.9,Australia,86.0
Pohang University of Science And Technology (POSTECH),2020,87,62.6,South Korea,87.0
University of Science and Technology of China,2020,89,62.3,China (Mainland),89.0
"University of North Carolina, Chapel Hill",2020,90,62.2,United States,90.0
The Hong Kong Polytechnic University,2020,91,61.9,Hong Kong SAR,91.0
Lund University,2020,92,61.8,Sweden,92.0
Pennsylvania State University,2020,93,61.7,United States,93.0
University of Leeds,2020,93,61.7,United Kingdom,93.0
Sungkyunkwan University(SKKU),2020,95,61.5,South Korea,95.0
University of Nottingham,2020,96,60.8,United Kingdom,96.0
University of Southampton,2020,97,60.6,United Kingdom,97.0
Boston University,2020,98,60.5,United States,98.0
KTH Royal Institute of Technology ,2020,98,60.5,Sweden,98.0
University of St Andrews,2020,100,59.9,United Kingdom,100.0
The Ohio State University,2020,101,59.5,United States,101.0
Eindhoven University of Technology,2020,102,58.9,Netherlands,102.0
Universidad Nacional Autónoma de México  (UNAM),2020,103,58.8,Mexico,103.0
"University of California, Davis",2020,104,58.7,United States,104.0
Yonsei University,2020,104,58.7,South Korea,104.0
The University of Adelaide,2020,106,58.6,Australia,106.0
University of Helsinki,2020,107,58.4,Finland,107.0
"Trinity College Dublin, The University of Dublin",2020,108,58.3,Ireland,108.0
Washington University in St. Louis,2020,108,58.3,United States,108.0
University of Geneva,2020,110,58.1,Switzerland,110.0
Purdue University,2020,111,57.8,United States,111.0
Technical University of Denmark,2020,112,57.4,Denmark,112.0
University of Alberta,2020,113,57.3,Canada,113.0
University of Groningen,2020,114,56.1,Netherlands,114.0
Nagoya University,2020,115,55.8,Japan,115.0
Universidade de São Paulo,2020,116,55.5,Brazil,116.0
Uppsala University,2020,116,55.5,Sweden,116.0
Leiden University,2020,118,55.4,Netherlands,118.0
University of Oslo,2020,119,54.7,Norway,119.0
Humboldt-Universität zu Berlin,2020,120,54.5,Germany,120.0
Nanjing University,2020,120,54.5,China (Mainland),120.0
Utrecht University,2020,120,54.5,Netherlands,120.0
University of Bern,2020,123,54.3,Switzerland,123.0
"KIT, Karlsruhe Institute of Technology",2020,124,54.2,Germany,124.0
Chalmers University of Technology,2020,125,54.0,Sweden,125.0
Wageningen University & Research,2020,125,54.0,Netherlands,125.0
Queen Mary University of London,2020,126,53.9,United Kingdom,126.0
Pontificia Universidad Católica de Chile (UC),2020,127,53.4,Chile,127.0
Lancaster University,2020,128,53.2,United Kingdom,128.0
University of Southern California,2020,129,53.1,United States,129.0
Freie Universitaet Berlin,2020,130,53.0,Germany,130.0
Ghent University,2020,130,53.0,Belgium,130.0
Hokkaido University,2020,132,52.9,Japan,132.0
Kyushu University,2020,132,52.9,Japan,132.0
Aalto University,2020,134,52.4,Finland,134.0
"University of California, Santa Barbara (UCSB)",2020,135,52.3,United States,135.0
"University of Maryland, College Park",2020,136,52.1,United States,136.0
Université de Montréal ,2020,137,52.0,Canada,137.0
RWTH Aachen University,2020,138,51.9,Germany,138.0
CentraleSupélec,2020,139,52.3,France,139.0
McMaster University,2020,140,51.2,Canada,140.0
University of Pittsburgh,2020,140,51.2,United States,140.0
University of Technology Sydney,2020,140,51.2,Australia,140.0
Michigan State University,2020,144,51.1,United States,144.0
Aarhus University,2020,145,51.0,Denmark,145.0
Newcastle University,2020,146,50.9,United Kingdom,146.0
Technische Universität Berlin (TU Berlin),2020,147,50.6,Germany,147.0
University of York,2020,148,50.5,United Kingdom,148.0
Politecnico di Milano,2020,149,50.4,Italy,149.0
Hanyang University,2020,150,50.3,South Korea,150.0
University of Basel,2020,151,50.0,Switzerland,151.0
Indian Institute of Technology Bombay (IITB),2020,152,49.4,India,152.0
University of Lausanne,2020,153,49.2,Switzerland,153.0
Cardiff University,2020,154,49.0,United Kingdom,154.0
University of Vienna,2020,154,49.0,Austria,154.0
Emory University,2020,156,48.6,United States,156.0
University of Minnesota Twin Cities,2020,156,48.6,United States,156.0
Tecnológico de Monterrey,2020,158,48.5,Mexico,158.0
Universiti Putra Malaysia (UPM),2020,159,48.4,Malaysia,159.0
École Normale Supérieure de Lyon,2020,160,48.3,France,160.0
Universiti Kebangsaan Malaysia (UKM),2020,160,48.3,Malaysia,160.0
The Hebrew University of Jerusalem,2020,162,48.2,Israel,162.0
University of Bergen,2020,163,48.1,Norway,163.0
The University of Exeter,2020,163,48.1,United Kingdom,163.0
Universitat de Barcelona,2020,165,47.9,Spain,165.0
Universiti Sains Malaysia (USM),2020,165,47.9,Malaysia,165.0
Case Western Reserve University,2020,167,47.8,United States,167.0
Université catholique de Louvain (UCLouvain),2020,167,47.7,Belgium,167.0
University of Florida,2020,167,47.7,United States,167.0
Eberhard Karls Universität Tübingen,2020,169,47.3,Germany,169.0
Albert-Ludwigs-Universitaet Freiburg,2020,169,47.3,Germany,169.0
University of Rochester,2020,170,47.3,United States,170.0
University of Bath,2020,172,47.0,United Kingdom,172.0
National Tsing Hua University,2020,173,46.8,Taiwan,173.0
Queen's University Belfast,2020,173,46.8,United Kingdom,173.0
University of Waterloo,2020,173,46.8,Canada,173.0
University of Otago,2020,176,46.7,New Zealand,176.0
Alma Mater Studiorum - University of Bologna,2020,177,46.6,Italy,177.0
Technische Universität Dresden,2020,179,46.4,Germany,179.0
University of Liverpool,2020,181,46.3,United Kingdom,181.0
Indian Institute of Technology Delhi (IITD),2020,182,46.2,India,182.0
Erasmus University Rotterdam ,2020,183,46.1,Netherlands,183.0
Indian Institute of Science,2020,184,45.9,India,184.0
University College Dublin,2020,185,45.6,Ireland,185.0
King Abdulaziz University (KAU),2020,186,45.2,Saudi Arabia,186.0
University of Twente,2020,186,45.2,Netherlands,186.0
Universitat Autònoma de Barcelona,2020,188,45.1,Spain,188.0
Texas A&M University,2020,189,45.0,United States,189.0
Universidad de Chile,2020,189,45.0,Chile,189.0
Stockholm University,2020,191,44.8,Sweden,191.0
Technische Universität Wien,2020,192,44.7,Austria,192.0
Universidad Autónoma de Madrid,2020,192,44.7,Spain,192.0
University of Aberdeen,2020,194,44.6,United Kingdom,194.0
Vrije Universiteit Brussel (VUB),2020,195,44.5,Belgium,195.0
Waseda University,2020,196,44.4,Japan,196.0
University of Göttingen,2020,197,44.2,Germany,197.0
University of Cape Town,2020,198,44.1,South Africa,198.0
University of Virginia,2020,198,44.1,United States,198.0
Keio University,2020,200,44.0,Japan,200.0
King Fahd University of Petroleum & Minerals,2020,200,44.0,Saudi Arabia,200.0
Vanderbilt University,2020,200,44.0,United States,200.0
Sapienza University of Rome,2020,203,43.5,Italy,203.0
University of Reading,2020,205,43.3,United Kingdom,205.0
University of Colorado Boulder,2020,206,43.2,United States,206.0
Al-Farabi Kazakh National University,2020,207,43.1,Kazakhstan,207.0
Dartmouth College,2020,207,43.1,United States,207.0
"The University of Newcastle, Australia (UON)",2020,207,43.1,Australia,207.0
University of Notre Dame,2020,210,42.9,United States,210.0
Western University,2020,211,42.8,Canada,211.0
Complutense University of Madrid,2020,212,42.7,Spain,212.0
University of Wollongong,2020,212,42.7,Australia,212.0
Universidade Estadual de Campinas (Unicamp),2020,214,42.1,Brazil,214.0
Arizona State University,2020,215,42.0,United States,215.0
Victoria University of Wellington,2020,215,42.0,New Zealand,215.0
Radboud University ,2020,217,41.4,Netherlands,217.0
Universiti Teknologi Malaysia ,2020,217,41.4,Malaysia,217.0
Tel Aviv University,2020,219,41.3,Israel,219.0
"University of California, Irvine",2020,219,41.3,United States,219.0
Vrije Universiteit Amsterdam,2020,219,41.3,Netherlands,219.0
Loughborough University,2020,222,41.2,United Kingdom,222.0
University of Antwerp,2020,223,40.9,Belgium,223.0
Queensland University of Technology (QUT),2020,224,40.7,Australia,224.0
National Cheng Kung University (NCKU),2020,225,40.4,Taiwan,225.0
Georgetown University,2020,226,40.1,United States,226.0
National Chiao Tung University,2020,227,38.2,Taiwan,227.0
Universität Hamburg,2020,227,40.0,Germany,227.0
University of Canterbury,2020,227,40.0,New Zealand,227.0
Curtin University,2020,230,39.9,Australia,230.0
Novosibirsk State University,2020,231,39.8,Russia,231.0
University of Illinois at Chicago (UIC),2020,231,39.8,United States,231.0
University of Calgary,2020,233,39.7,Canada,233.0
Saint Petersburg State University,2020,234,39.6,Russia,234.0
Universidad de los Andes,2020,234,39.6,Colombia,234.0
Università di Padova,2020,234,39.6,Italy,234.0
Macquarie University,2020,237,39.5,Australia,237.0
RMIT University,2020,238,39.2,Australia,238.0
Maastricht University ,2020,239,39.0,Netherlands,239.0
Queen's University at Kingston,2020,239,39.0,Canada,239.0
University of Leicester,2020,239,39.0,United Kingdom,239.0
Sciences Po ,2020,242,38.1,France,242.0
Rheinische Friedrich-Wilhelms-Universität Bonn,2020,243,38.8,Germany,243.0
American University of Beirut (AUB),2020,244,38.7,Lebanon,244.0
University of Navarra,2020,245,38.5,Spain,245.0
University of Sussex,2020,246,38.4,United Kingdom,246.0
Chulalongkorn University,2020,247,38.3,Thailand,247.0
Kyung Hee University,2020,247,38.3,South Korea,247.0
Ecole des Ponts ParisTech,2020,250,37.8,France,250.0
National Taiwan University of Science and Technology (Taiwan Tech),2020,251,37.6,Taiwan,251.0
Universite libre de Bruxelles,2020,251,37.6,Belgium,251.0
Tufts University,2020,253,37.5,United States,253.0
Universidad Nacional de Colombia,2020,253,37.5,Colombia,253.0
University of Gothenburg,2020,256,37.3,Sweden,256.0
Technion - Israel Institute of Technology,2020,257,37.2,Israel,257.0
Wuhan University,2020,257,37.2,China (Mainland),257.0
National University of Ireland Galway,2020,259,37.1,Ireland,259.0
Technical University of Darmstadt,2020,260,37.0,Germany,260.0
Hong Kong Baptist University,2020,261,36.9,Hong Kong SAR,261.0
Rutgers University–New Brunswick,2020,262,36.8,United States,262.0
Université Paris-Saclay,2020,262,36.8,France,262.0
The University of Arizona,2020,262,36.8,United States,262.0
Tongji University,2020,265,36.7,China (Mainland),265.0
Universität Innsbruck,2020,266,36.6,Austria,266.0
University of Waikato,2020,266,36.6,New Zealand,266.0
Khalifa University of Science and Technology,2020,268,36.5,United Arab Emirates,268.0
Tomsk State University,2020,268,36.5,Russia,268.0
University of Tsukuba,2020,270,36.3,Japan,270.0
Deakin University,2020,271,36.1,Australia,271.0
Indian Institute of Technology Madras (IITM),2020,271,36.1,India,271.0
University of Miami,2020,271,36.1,United States,271.0
University of South Australia,2020,274,35.9,Australia,274.0
University of Surrey,2020,274,35.9,United Kingdom,274.0
Qatar University,2020,276,35.8,Qatar,276.0
Beijing Normal University ,2020,277,35.7,China (Mainland),277.0
Harbin Institute of Technology,2020,277,35.7,China (Mainland),277.0
Universität Stuttgart,2020,279,35.6,Germany,279.0
Dalhousie University,2020,280,35.4,Canada,280.0
Indian Institute of Technology Kharagpur (IIT-KGP),2020,281,35.2,India,281.0
King Saud University,2020,281,35.2,Saudi Arabia,281.0
University of Ottawa,2020,281,35.2,Canada,281.0
Bauman Moscow State Technical University,2020,284,35.1,Russia,284.0
North Carolina State University,2020,285,35.0,United States,285.0
Universitat Pompeu Fabra (Barcelona),2020,285,35.0,Spain,285.0
Massey University,2020,287,34.9,New Zealand,287.0
National Yang Ming University,2020,287,34.4,Taiwan,287.0
Sun Yat-sen University,2020,287,34.9,China (Mainland),287.0
University of Turku,2020,287,34.9,Finland,287.0
Charles University,2020,291,34.8,Czech Republic,291.0
Indian Institute of Technology Kanpur (IITK),2020,291,34.8,India,291.0
Royal Holloway University of London,2020,291,34.8,United Kingdom,291.0
Goethe-University Frankfurt am Main,2020,291,34.8,Germany,291.0
University of Tasmania,2020,291,34.8,Australia,291.0
Universitas Indonesia,2020,296,34.7,Indonesia,296.0
University of Strathclyde,2020,296,34.7,United Kingdom,296.0
Universidad Carlos III de Madrid (UC3M),2020,298,34.6,Spain,298.0
Universiti Brunei Darussalam (UBD),2020,298,34.6,Brunei,298.0
Universitat Politècnica de Catalunya · BarcelonaTech (UPC),2020,300,34.5,Spain,300.0
University of Tartu,2020,301,34.4,Estonia,301.0
Moscow Institute of Physics and Technology (MIPT / Moscow Phystech),2020,302,34.3,Russia,302.0
University of Milan,2020,302,34.3,Italy,302.0
 University of Dundee,2020,302,34.3,United Kingdom,302.0
Université Paris 1 Panthéon-Sorbonne,2020,305,34.2,France,305.0
University of Massachusetts Amherst,2020,305,34.2,United States,305.0
Xi’an Jiaotong University,2020,307,34.1,China (Mainland),307.0
University of Cologne,2020,308,34.0,Germany,308.0
SOAS University of London ,2020,309,33.9,United Kingdom,309.0
University College Cork,2020,310,33.7,Ireland,310.0
Graz University of Technology,2020,311,33.6,Austria,311.0
ENS Paris-Saclay,2020,312,34.6,France,312.0
Indiana University Bloomington,2020,312,33.5,United States,312.0
Heriot-Watt University,2020,314,33.4,United Kingdom,314.0
Mahidol University,2020,314,33.4,Thailand,314.0
Simon Fraser University,2020,314,33.4,Canada,314.0
Universität Mannheim,2020,314,33.4,Germany,314.0
University of East Anglia (UEA),2020,314,33.4,United Kingdom,314.0
Friedrich-Alexander-Universität Erlangen-Nürnberg,2020,319,33.3,Germany,319.0
Griffith University,2020,320,33.2,Australia,320.0
Gadjah Mada University,2020,320,33.2,Indonesia,320.0
Gwangju Institute of Science and Technology (GIST),2020,322,33.1,South Korea,322.0
HSE University,2020,322,33.1,Russia,322.0
Aalborg University,2020,324,33.0,Denmark,324.0
Linköping University,2020,324,33.0,Sweden,324.0
University of Hawaiʻi at Mānoa,2020,326,32.9,United States,326.0
Virginia Polytechnic Institute and State University,2020,327,32.7,United States,327.0
"Birkbeck, University of London",2020,328,32.6,United Kingdom,328.0
National Research Nuclear University MEPhI (Moscow Engineering Physics Institute),2020,329,32.4,Russia,329.0
United Arab Emirates University,2020,329,32.4,United Arab Emirates,329.0
Bandung Institute of Technology (ITB),2020,331,32.3,Indonesia,331.0
Ewha Womans University,2020,331,32.3,South Korea,331.0
National Taiwan Normal University,2020,331,32.3,Taiwan,331.0
Hiroshima University,2020,334,32.2,Japan,334.0
IE University,2020,335,32.1,Spain,335.0
George Washington University,2020,336,32.0,United States,336.0
Universitat Politècnica de València,2020,336,32.0,Spain,336.0
Jagiellonian University,2020,338,31.9,Poland,338.0
University of Lisbon ,2020,338,31.9,Portugal,338.0
Umea University,2020,340,31.8,Sweden,340.0
Universität Jena,2020,340,31.8,Germany,340.0
University Ulm,2020,340,31.4,Germany,340.0
University at Buffalo SUNY,2020,340,31.8,United States,340.0
Northeastern University,2020,344,31.7,United States,344.0
Pontificia Universidad Católica Argentina,2020,344,31.7,Argentina,344.0
University of Jyväskylä,2020,346,31.6,Finland,346.0
Westfälische Wilhelms-Universität Münster ,2020,347,31.3,Germany,347.0
Politecnico di Torino,2020,348,31.2,Italy,348.0
"City, University of London",2020,349,31.1,United Kingdom,349.0
University of Warsaw ,2020,349,31.1,Poland,349.0
Belarusian State University,2020,351,31.0,Belarus,351.0
Université Grenoble Alpes,2020,351,31.0,France,351.0
University of Porto,2020,353,30.9,Portugal,353.0
University of Utah,2020,353,30.9,United States,353.0
"University of Chemistry and Technology, Prague",2020,355,30.8,Czech Republic,355.0
Lincoln University ,2020,356,30.7,New Zealand,356.0
University of the Philippines,2020,356,30.7,Philippines,356.0
Universidade Federal do Rio de Janeiro,2020,358,30.6,Brazil,358.0
Brunel University London,2020,359,30.5,United Kingdom,359.0
Norwegian University of Science And Technology,2020,359,30.5,Norway,359.0
"Stony Brook University, State University of New York",2020,359,30.5,United States,359.0
Tokyo Medical and Dental University (TMDU),2020,359,30.5,Japan,359.0
Yeshiva University,2020,359,30.5,United States,359.0
University of Victoria (UVic),2020,364,30.4,Canada,364.0
Ural Federal University - UrFU,2020,364,30.4,Russia,364.0
MGIMO University,2020,366,31.0,Russia,366.0
"University of California, Santa Cruz",2020,367,30.2,United States,367.0
Nankai University,2020,368,29.8,China (Mainland),368.0
University of Kent,2020,368,29.8,United Kingdom,368.0
"Essex, University of",2020,370,29.7,United Kingdom,370.0
Tilburg University,2020,371,29.6,Netherlands,371.0
American University of Sharjah,2020,371,29.6,United Arab Emirates,371.0
University of Kansas,2020,372,29.4,United States,372.0
University of Southern Denmark (SDU),2020,372,29.4,Denmark,372.0
University of Oulu,2020,374,29.3,Finland,374.0
Pakistan Institute of Engineering and Applied Sciences (PIEAS),2020,375,29.2,Pakistan,375.0
Oxford Brookes University,2020,376,29.1,United Kingdom,376.0
James Cook University,2020,377,29.0,Australia,377.0
University of Connecticut,2020,377,29.0,United States,377.0
Sultan Qaboos University,2020,379,28.9,Oman,379.0
Taipei Medical University (TMU),2020,379,28.9,Taiwan,379.0
Université de Strasbourg,2020,379,28.9,France,379.0
Universiti Teknologi Brunei,2020,379,28.9,Brunei,379.0
Indian Institute of Technology Roorkee (IITR),2020,383,28.8,India,383.0
Rensselaer Polytechnic Institute,2020,383,28.8,United States,383.0
Swinburne University of Technology,2020,383,28.8,Australia,383.0
Universidad de Palermo (UP),2020,383,28.8,Argentina,383.0
National Research Tomsk Polytechnic University,2020,387,28.7,Russia,387.0
University of Macau,2020,387,28.7,Macau SAR,387.0
University of Trento,2020,389,28.6,Italy,389.0
University of Pisa,2020,389,28.6,Italy,389.0
University of Tromsø The Arctic University of Norway,2020,389,28.6,Norway,389.0
Kazan (Volga region) Federal University,2020,392,28.5,Russia,392.0
RUDN University,2020,392,28.5,Russia,392.0
"University of Colorado, Denver ",2020,392,28.5,United States,392.0
Kobe University,2020,395,28.4,Japan,395.0
Tampere University,2020,395,28.4,Finland,395.0
The American University in Cairo,2020,395,28.4,Egypt,395.0
University of St.Gallen (HSG),2020,398,28.3,Switzerland,398.0
Wake Forest University,2020,398,28.3,United States,398.0
Huazhong University of Science and Technology,2020,400,28.2,China (Mainland),400.0
La Trobe University,2020,400,28.2,Australia,400.0
National University of Sciences And Technology (NUST) Islamabad,2020,400,28.2,Pakistan,400.0
Universidad Austral,2020,400,28.2,Argentina,400.0
University of Witwatersrand,2020,400,28.2,South Africa,400.0
Washington State University,2020,400,28.2,United States,400.0
University of Coimbra,2020,406,28.1,Portugal,406.0
HUFS - Hankuk (Korea) University of Foreign Studies ,2020,407,28.0,South Korea,407.0
Sharif University of Technology,2020,407,28.0,"Iran, Islamic Republic of",407.0
"The University of Tennessee, Knoxville",2020,407,28.0,United States,407.0
Johannes Gutenberg Universität Mainz,2020,410,27.9,Germany,410.0
National Sun Yat-sen University,2020,410,27.9,Taiwan,410.0
Chung-Ang University (CAU),2020,412,27.8,South Korea,412.0
Johannes Kepler University Linz,2020,412,27.8,Austria,412.0
Shanghai University,2020,412,27.8,China (Mainland),412.0
Université Laval,2020,416,27.7,Canada,416.0
"Goldsmiths, University of London",2020,417,27.6,United Kingdom,417.0
L.N. Gumilyov Eurasian National University (ENU),2020,418,27.5,Kazakhstan,418.0
Ben-Gurion University of The Negev,2020,419,27.4,Israel,419.0
Tulane University,2020,419,27.4,United States,419.0
Illinois Institute of Technology,2020,421,27.3,United States,421.0
Universidade Nova de Lisboa,2020,421,27.3,Portugal,421.0
University of Iowa,2020,421,27.3,United States,421.0
Flinders University,2020,424,27.2,Australia,424.0
University of Naples - Federico II,2020,424,27.2,Italy,424.0
Universität Konstanz,2020,424,27.2,Germany,424.0
National Central University,2020,427,27.1,Taiwan,427.0
Stellenbosch University,2020,427,27.1,South Africa,427.0
Dublin City University,2020,429,27.0,Ireland,429.0
Tianjin University,2020,429,27.0,China (Mainland),429.0
Université de Liège,2020,429,27.0,Belgium,429.0
Boston College,2020,432,26.7,United States,432.0
Ruhr-Universität Bochum,2020,432,26.7,Germany,432.0
Universidad de Zaragoza,2020,432,26.7,Spain,432.0
Universidad Politécnica de Madrid (UPM),2020,435,26.5,Spain,435.0
Beijing Institute of Technology,2020,436,26.4,China (Mainland),436.0
ITMO University,2020,436,26.4,Russia,436.0
Universidad de Belgrano,2020,438,26.3,Argentina,438.0
Peter the Great St. Petersburg Polytechnic University,2020,439,26.2,Russia,439.0
Universidade Federal de São Paulo,2020,439,26.2,Brazil,439.0
University of Saskatchewan,2020,439,26.2,Canada,439.0
Aston University,2020,442,26.0,United Kingdom,442.0
Auckland University of Technology (AUT),2020,442,26.0,New Zealand,442.0
Bond University,2020,442,26.0,Australia,442.0
Chiba University,2020,442,26.0,Japan,442.0
Colorado State University,2020,442,26.0,United States,442.0
UCSI University,2020,442,26.0,Malaysia,442.0
Florida State University,2020,448,25.8,United States,448.0
Hitotsubashi University,2020,448,25.8,Japan,448.0
University of Florence,2020,448,25.8,Italy,448.0
Koç University,2020,451,25.7,Turkey,451.0
The National University of Science and Technology MISIS,2020,451,25.7,Russia,451.0
Xiamen University,2020,451,25.7,China (Mainland),451.0
Dongguk University ,2020,454,25.6,South Korea,454.0
National Technical University of Athens,2020,454,25.6,Greece,454.0
Sogang University,2020,454,25.6,South Korea,454.0
"University of California, Riverside",2020,454,25.6,United States,454.0
University of Bordeaux,2020,458,25.5,France,458.0
Vilnius University ,2020,458,25.5,Lithuania,458.0
"University of Maryland, Baltimore County",2020,460,25.4,United States,460.0
Oregon State University,2020,461,25.3,United States,461.0
Beihang University (former BUAA),2020,462,25.2,China (Mainland),462.0
Concordia University,2020,462,25.2,Canada,462.0
Julius-Maximilians-Universität Würzburg,2020,462,25.2,Germany,462.0
Swansea University,2020,462,25.2,United Kingdom,462.0
The Catholic University of Korea ,2020,462,25.2,South Korea,462.0
University of Science and Technology Beijing,2020,462,25.2,China (Mainland),462.0
Brandeis University,2020,468,25.1,United States,468.0
Pontificia Universidad Javeriana,2020,468,25.1,Colombia,468.0
Shandong University,2020,468,25.1,China (Mainland),468.0
Universität des Saarlandes,2020,468,25.1,Germany,468.0
 Western Sydney University,2020,468,25.1,Australia,468.0
Yokohama City University,2020,468,25.1,Japan,468.0
Pontificia Universidad Católica del Perú,2020,474,26.4,Peru,474.0
The University of Georgia,2020,474,25.0,United States,474.0
University of Delhi,2020,474,25.0,India,474.0
Singapore Management University,2020,477,24.9,Singapore,477.0
Christian-Albrechts-University zu Kiel,2020,478,24.8,Germany,478.0
University of Stirling,2020,478,24.8,United Kingdom,478.0
South China University of Technology,2020,480,24.7,China (Mainland),480.0
Universidad Externado de Colombia ,2020,480,24.7,Colombia,480.0
UNESP,2020,482,24.6,Brazil,482.0
Universiti Teknologi PETRONAS (UTP),2020,482,24.6,Malaysia,482.0
Aberystwyth University,2020,484,24.5,United Kingdom,484.0
Chang Gung University,2020,484,24.5,Taiwan,484.0
Jilin University,2020,484,24.5,China (Mainland),484.0
University of Canberra ,2020,484,24.5,Australia,484.0
Wayne State University,2020,484,24.5,United States,484.0
Amirkabir University of Technology,2020,489,24.4,"Iran, Islamic Republic of",489.0
Universidad de Santiago de Chile (USACH),2020,489,24.4,Chile,489.0
Indian Institute of Technology Guwahati (IITG),2020,491,24.3,India,491.0
Lappeenranta-Lahti University of Technology LUT,2020,491,24.3,Finland,491.0
Auezov South Kazakhstan University (SKU),2020,491,24.3,Kazakhstan,491.0
Universidad de Montevideo (UM),2020,491,24.3,Uruguay,491.0
Aix-Marseille University,2020,491,24.3,France,491.0
University of Delaware,2020,491,24.3,United States,491.0
V. N. Karazin Kharkiv National University,2020,491,24.3,Ukraine,491.0
Czech Technical University in Prague,2020,498,24.2,Czech Republic,498.0
Université de Montpellier,2020,498,24.2,France,498.0
University of Eastern Finland,2020,498,24.2,Finland,498.0
BI Norwegian Business School,2020,1001,69.8,Norway,1001.0
Central European University,2020,1001,70.1,Austria,1001.0
Copenhagen Business School,2020,1001,84.7,Denmark,1001.0
ESCP Business School - Paris,2020,1001,73.6,France,1001.0
WHU - Otto Beisheim School of Management ,2020,1001,69.6,Germany,1001.0
Massachusetts Institute of Technology (MIT) ,2021,1,100.0,United States,1.0
Stanford University,2021,2,98.4,United States,2.0
Harvard University,2021,3,97.9,United States,3.0
California Institute of Technology (Caltech),2021,4,97.0,United States,4.0
University of Oxford,2021,5,96.7,United Kingdom,5.0
ETH Zurich - Swiss Federal Institute of Technology,2021,6,95.0,Switzerland,6.0
University of Cambridge,2021,7,94.3,United Kingdom,7.0
Imperial College London,2021,8,93.6,United Kingdom,8.0
University of Chicago,2021,9,93.1,United States,9.0
UCL,2021,10,92.9,United Kingdom,10.0
National University of Singapore (NUS),2021,11,91.5,Singapore,11.0
Princeton University,2021,12,91.0,United States,12.0
"Nanyang Technological University, Singapore (NTU)",2021,13,89.9,Singapore,13.0
EPFL,2021,14,89.6,Switzerland,14.0
Tsinghua University,2021,15,89.2,China (Mainland),15.0
University of Pennsylvania,2021,16,88.6,United States,16.0
Yale University,2021,17,88.0,United States,17.0
Cornell University,2021,18,87.6,United States,18.0
Columbia University,2021,19,86.5,United States,19.0
The University of Edinburgh,2021,20,85.8,United Kingdom,20.0
University of Michigan-Ann Arbor,2021,21,84.6,United States,21.0
The University of Hong Kong,2021,22,83.7,Hong Kong SAR,22.0
Peking University,2021,23,83.5,China (Mainland),23.0
The University of Tokyo,2021,24,83.2,Japan,24.0
Johns Hopkins University,2021,25,82.7,United States,25.0
University of Toronto,2021,25,82.7,Canada,25.0
The Hong Kong University of Science and Technology,2021,27,82.1,Hong Kong SAR,27.0
The University of Manchester,2021,27,82.1,United Kingdom,27.0
Northwestern University,2021,29,81.5,United States,29.0
"University of California, Berkeley (UCB)",2021,30,80.8,United States,30.0
The Australian National University,2021,31,80.0,Australia,31.0
King's College London,2021,31,80.0,United Kingdom,31.0
McGill University,2021,31,80.0,Canada,31.0
Fudan University,2021,34,79.9,China (Mainland),34.0
New York University (NYU),2021,35,79.4,United States,35.0
"University of California, Los Angeles (UCLA)",2021,36,79.2,United States,36.0
Seoul National University,2021,37,79.0,South Korea,37.0
Kyoto University,2021,38,78.9,Japan,38.0
KAIST - Korea Advanced Institute of Science & Technology,2021,39,78.6,South Korea,39.0
The University of Sydney,2021,40,77.1,Australia,40.0
The University of Melbourne,2021,41,76.5,Australia,41.0
Duke University,2021,42,76.4,United States,42.0
The Chinese University of Hong Kong (CUHK),2021,43,75.8,Hong Kong SAR,43.0
The University of New South Wales (UNSW Sydney),2021,44,75.4,Australia,44.0
University of British Columbia,2021,45,74.8,Canada,45.0
The University of Queensland,2021,46,74.5,Australia,46.0
Shanghai Jiao Tong University,2021,47,74.4,China (Mainland),47.0
City University of Hong Kong,2021,48,74.3,Hong Kong SAR,48.0
The London School of Economics and Political Science (LSE),2021,49,73.9,United Kingdom,49.0
Technical University of Munich,2021,50,73.6,Germany,50.0
Carnegie Mellon University,2021,51,73.4,United States,51.0
Université PSL,2021,52,73.3,France,52.0
Zhejiang University,2021,53,71.9,China (Mainland),53.0
"University of California, San Diego (UCSD)",2021,54,71.2,United States,54.0
Monash University,2021,55,70.9,Australia,55.0
Tokyo Institute of Technology (Tokyo Tech),2021,56,70.8,Japan,56.0
Delft University of Technology,2021,57,70.7,Netherlands,57.0
University of Bristol,2021,58,70.6,United Kingdom,58.0
Universiti Malaya (UM),2021,59,70.1,Malaysia,59.0
Brown University,2021,60,70.0,United States,60.0
University of Amsterdam,2021,61,69.9,Netherlands,61.0
Ecole Polytechnique,2021,61,69.9,France,61.0
The University of Warwick,2021,62,69.0,United Kingdom,62.0
Ludwig-Maximilians-Universität München,2021,63,68.9,Germany,63.0
Ruprecht-Karls-Universität Heidelberg,2021,64,68.6,Germany,64.0
University of Wisconsin-Madison,2021,65,68.2,United States,65.0
National Taiwan University (NTU),2021,66,67.5,Taiwan,66.0
Universidad de Buenos Aires (UBA),2021,66,67.5,Argentina,66.0
Korea University,2021,69,67.1,South Korea,69.0
University of Zurich,2021,69,67.1,Switzerland,69.0
University of Texas at Austin,2021,71,66.7,United States,71.0
Osaka University,2021,72,66.1,Japan,72.0
University of Washington,2021,72,66.1,United States,72.0
Lomonosov Moscow State University,2021,74,65.9,Russia,74.0
The Hong Kong Polytechnic University,2021,75,65.8,Hong Kong SAR,75.0
University of Copenhagen,2021,76,65.5,Denmark,76.0
Pohang University of Science And Technology (POSTECH),2021,77,64.6,South Korea,77.0
University of Glasgow,2021,77,64.6,United Kingdom,77.0
Tohoku University,2021,79,64.3,Japan,79.0
Georgia Institute of Technology,2021,80,64.1,United States,80.0
The University of Auckland,2021,81,64.0,New Zealand,81.0
University of Illinois at Urbana-Champaign,2021,82,63.4,United States,82.0
Sorbonne University,2021,83,63.3,France,83.0
KU Leuven,2021,84,63.0,Belgium,84.0
Yonsei University,2021,85,62.5,South Korea,85.0
Durham University,2021,86,62.2,United Kingdom,86.0
University of Birmingham,2021,87,62.0,United Kingdom,87.0
Sungkyunkwan University(SKKU),2021,88,61.5,South Korea,88.0
Rice University,2021,89,61.4,United States,89.0
University of Southampton,2021,90,61.3,United Kingdom,90.0
University of Leeds,2021,91,61.2,United Kingdom,91.0
The University of Western Australia,2021,92,61.0,Australia,92.0
The University of Sheffield,2021,93,60.8,United Kingdom,93.0
University of Science and Technology of China,2021,93,60.8,China (Mainland),93.0
"University of North Carolina, Chapel Hill",2021,95,60.6,United States,95.0
University of St Andrews,2021,96,60.3,United Kingdom,96.0
Lund University,2021,97,60.2,Sweden,97.0
KTH Royal Institute of Technology ,2021,98,59.5,Sweden,98.0
University of Nottingham,2021,99,59.0,United Kingdom,99.0
Universidad Nacional Autónoma de México  (UNAM),2021,100,58.8,Mexico,100.0
Pennsylvania State University,2021,101,58.4,United States,101.0
"Trinity College Dublin, The University of Dublin",2021,101,58.4,Ireland,101.0
Technical University of Denmark,2021,103,57.9,Denmark,103.0
University of Helsinki,2021,104,57.6,Finland,104.0
Washington University in St. Louis,2021,105,56.9,United States,105.0
The University of Adelaide,2021,106,56.8,Australia,106.0
University of Geneva,2021,106,56.8,Switzerland,106.0
The Ohio State University,2021,108,56.4,United States,108.0
Purdue University,2021,109,55.9,United States,109.0
Boston University,2021,110,55.8,United States,110.0
Nagoya University,2021,110,55.8,Japan,110.0
"University of California, Davis",2021,112,55.3,United States,112.0
University of Oslo,2021,113,55.2,Norway,113.0
University of Bern,2021,114,54.9,Switzerland,114.0
Queen Mary University of London,2021,114,55.1,United Kingdom,114.0
Universidade de São Paulo,2021,115,54.8,Brazil,115.0
Wageningen University & Research,2021,115,54.8,Netherlands,115.0
Humboldt-Universität zu Berlin,2021,117,54.5,Germany,117.0
Université de Montréal ,2021,118,54.3,Canada,118.0
University of Alberta,2021,119,54.0,Canada,119.0
Eindhoven University of Technology,2021,120,53.9,Netherlands,120.0
Pontificia Universidad Católica de Chile (UC),2021,121,53.8,Chile,121.0
University of Southern California,2021,121,53.8,United States,121.0
Utrecht University,2021,121,53.8,Netherlands,121.0
Kyushu University,2021,124,53.7,Japan,124.0
Nanjing University,2021,124,53.7,China (Mainland),124.0
Uppsala University,2021,124,53.7,Sweden,124.0
Aalto University,2021,127,53.6,Finland,127.0
Leiden University,2021,128,53.4,Netherlands,128.0
University of Groningen,2021,128,53.4,Netherlands,128.0
Freie Universitaet Berlin,2021,130,53.2,Germany,130.0
"KIT, Karlsruhe Institute of Technology",2021,131,52.9,Germany,131.0
Universiti Putra Malaysia (UPM),2021,132,52.7,Malaysia,132.0
University of Technology Sydney,2021,133,52.6,Australia,133.0
Lancaster University,2021,135,52.5,United Kingdom,135.0
Ghent University,2021,135,52.5,Belgium,135.0
Politecnico di Milano,2021,137,52.4,Italy,137.0
CentraleSupélec,2021,138,52.3,France,138.0
Chalmers University of Technology,2021,139,52.2,Sweden,139.0
Hokkaido University,2021,139,52.2,Japan,139.0
Universiti Kebangsaan Malaysia (UKM),2021,141,52.0,Malaysia,141.0
Universiti Sains Malaysia (USM),2021,142,51.9,Malaysia,142.0
King Abdulaziz University (KAU),2021,143,51.7,Saudi Arabia,143.0
McMaster University,2021,144,51.5,Canada,144.0
RWTH Aachen University,2021,145,51.4,Germany,145.0
Hanyang University,2021,146,51.3,South Korea,146.0
Aarhus University,2021,147,51.0,Denmark,147.0
Technische Universität Berlin (TU Berlin),2021,148,50.8,Germany,148.0
University of Basel,2021,149,50.6,Switzerland,149.0
University of Vienna,2021,150,50.3,Austria,150.0
University of York,2021,150,50.3,United Kingdom,150.0
Newcastle University,2021,152,50.2,United Kingdom,152.0
"University of California, Santa Barbara (UCSB)",2021,152,50.2,United States,152.0
"University of Maryland, College Park",2021,152,50.2,United States,152.0
Tecnológico de Monterrey,2021,155,49.9,Mexico,155.0
University of Pittsburgh,2021,156,49.7,United States,156.0
Michigan State University,2021,157,49.6,United States,157.0
Emory University,2021,158,49.1,United States,158.0
Cardiff University,2021,159,48.5,United Kingdom,159.0
Alma Mater Studiorum - University of Bologna,2021,160,48.2,Italy,160.0
École Normale Supérieure de Lyon,2021,161,48.1,France,161.0
Case Western Reserve University,2021,162,47.4,United States,162.0
University of Florida,2021,162,47.4,United States,162.0
The University of Exeter,2021,164,47.2,United Kingdom,164.0
University of Rochester,2021,165,46.9,United States,165.0
Al-Farabi Kazakh National University,2021,165,46.9,Kazakhstan,165.0
University of Waterloo,2021,166,46.8,Canada,166.0
National Tsing Hua University,2021,168,46.4,Taiwan,168.0
Texas A&M University,2021,169,46.2,United States,169.0
University of Lausanne,2021,169,46.2,Switzerland,169.0
Sapienza University of Rome,2021,171,46.1,Italy,171.0
Indian Institute of Technology Bombay (IITB),2021,172,46.0,India,172.0
Technische Universität Dresden,2021,173,45.9,Germany,173.0
University of Bath,2021,173,45.9,United Kingdom,173.0
Eberhard Karls Universität Tübingen,2021,175,45.8,Germany,175.0
Albert-Ludwigs-Universitaet Freiburg,2021,175,45.8,Germany,175.0
The Hebrew University of Jerusalem,2021,177,45.7,Israel,177.0
University College Dublin,2021,177,45.7,Ireland,177.0
University of Minnesota Twin Cities,2021,177,45.7,United States,177.0
Universidad de Chile,2021,180,45.6,Chile,180.0
Stockholm University,2021,181,45.5,Sweden,181.0
University of Liverpool,2021,181,45.5,United Kingdom,181.0
Universitat de Barcelona,2021,183,45.4,Spain,183.0
University of Otago,2021,184,45.3,New Zealand,184.0
Indian Institute of Science,2021,185,44.9,India,185.0
King Fahd University of Petroleum & Minerals,2021,186,44.7,Saudi Arabia,186.0
Universiti Teknologi Malaysia ,2021,187,44.2,Malaysia,187.0
Vanderbilt University,2021,187,44.2,United States,187.0
Université catholique de Louvain (UCLouvain),2021,189,44.1,Belgium,189.0
Waseda University,2021,189,44.1,Japan,189.0
Keio University,2021,191,44.0,Japan,191.0
Technische Universität Wien,2021,191,44.0,Austria,191.0
Indian Institute of Technology Delhi (IITD),2021,193,43.9,India,193.0
University of Bergen,2021,194,43.4,Norway,194.0
University of Göttingen,2021,195,43.3,Germany,195.0
University of Wollongong,2021,196,43.2,Australia,196.0
Erasmus University Rotterdam ,2021,197,43.1,Netherlands,197.0
"The University of Newcastle, Australia (UON)",2021,197,43.1,Australia,197.0
University of Twente,2021,197,43.1,Netherlands,197.0
Universidad Autónoma de Madrid,2021,200,42.8,Spain,200.0
Vrije Universiteit Brussel (VUB),2021,200,42.8,Belgium,200.0
University of Gothenburg,2021,202,42.7,Sweden,202.0
Dartmouth College,2021,203,42.6,United States,203.0
Western University,2021,203,42.6,Canada,203.0
University of Reading,2021,205,42.3,United Kingdom,205.0
Complutense University of Madrid,2021,206,41.9,Spain,206.0
University of Aberdeen,2021,207,41.8,United Kingdom,207.0
Chulalongkorn University,2021,208,41.6,Thailand,208.0
Queen's University Belfast,2021,209,41.5,United Kingdom,209.0
"University of California, Irvine",2021,210,41.4,United States,210.0
Khalifa University,2021,211,41.2,United Arab Emirates,211.0
University of Notre Dame,2021,211,41.2,United States,211.0
Universitat Autònoma de Barcelona,2021,213,40.9,Spain,213.0
Macquarie University,2021,214,40.8,Australia,214.0
Radboud University ,2021,214,40.8,Netherlands,214.0
Università di Padova,2021,216,40.6,Italy,216.0
Curtin University,2021,217,40.5,Australia,217.0
Queensland University of Technology (QUT),2021,217,40.5,Australia,217.0
University of Virginia,2021,217,40.5,United States,217.0
American University of Beirut (AUB),2021,220,40.4,Lebanon,220.0
Arizona State University,2021,220,40.4,United States,220.0
University of Cape Town,2021,220,40.4,South Africa,220.0
RMIT University,2021,223,40.0,Australia,223.0
Victoria University of Wellington,2021,223,40.0,New Zealand,223.0
Saint Petersburg State University,2021,225,39.9,Russia,225.0
Loughborough University,2021,226,39.7,United Kingdom,226.0
Universidad de los Andes,2021,227,39.6,Colombia,227.0
Novosibirsk State University,2021,228,39.4,Russia,228.0
Universität Hamburg,2021,228,39.4,Germany,228.0
Georgetown University,2021,230,39.3,United States,230.0
Tel Aviv University,2021,230,39.3,Israel,230.0
University of Colorado Boulder,2021,230,39.3,United States,230.0
Universidade Estadual de Campinas (Unicamp),2021,233,39.2,Brazil,233.0
Maastricht University ,2021,234,38.9,Netherlands,234.0
National Cheng Kung University (NCKU),2021,234,38.9,Taiwan,234.0
Kyung Hee University,2021,236,38.8,South Korea,236.0
Vrije Universiteit Amsterdam,2021,236,38.8,Netherlands,236.0
National University of Ireland Galway,2021,238,38.3,Ireland,238.0
University of Antwerp,2021,238,38.3,Belgium,238.0
National Chiao Tung University,2021,240,38.2,Taiwan,240.0
Rheinische Friedrich-Wilhelms-Universität Bonn,2021,240,38.2,Germany,240.0
Ecole des Ponts ParisTech,2021,242,38.1,France,242.0
Sciences Po ,2021,242,38.1,France,242.0
University of Leicester,2021,242,38.1,United Kingdom,242.0
Qatar University,2021,245,37.9,Qatar,245.0
Queen's University at Kingston,2021,246,37.8,Canada,246.0
University of Calgary,2021,246,37.8,Canada,246.0
University of Sussex,2021,246,37.8,United Kingdom,246.0
Wuhan University,2021,246,37.8,China (Mainland),246.0
Tomsk State University,2021,250,37.7,Russia,250.0
Universite libre de Bruxelles,2021,250,37.7,Belgium,250.0
Mahidol University,2021,252,37.5,Thailand,252.0
University of Navarra,2021,252,37.5,Spain,252.0
Gadjah Mada University,2021,254,37.4,Indonesia,254.0
Universiti Brunei Darussalam (UBD),2021,254,37.4,Brunei,254.0
Tongji University,2021,256,37.2,China (Mainland),256.0
University of Illinois at Chicago (UIC),2021,256,37.2,United States,256.0
Rutgers University–New Brunswick,2021,258,37.0,United States,258.0
Universidad Nacional de Colombia,2021,259,36.9,Colombia,259.0
Charles University,2021,260,36.7,Czech Republic,260.0
Harbin Institute of Technology,2021,260,36.7,China (Mainland),260.0
Tufts University,2021,260,36.7,United States,260.0
Sun Yat-sen University,2021,263,36.4,China (Mainland),263.0
Hong Kong Baptist University,2021,264,36.3,Hong Kong SAR,264.0
Universität Innsbruck,2021,265,36.2,Austria,265.0
University of Tsukuba,2021,265,36.2,Japan,265.0
National Taiwan University of Science and Technology (Taiwan Tech),2021,267,36.0,Taiwan,267.0
Technical University of Darmstadt,2021,267,36.0,Germany,267.0
University of Surrey,2021,267,36.0,United Kingdom,267.0
University of Canterbury | Te Whare Wānanga o Waitaha,2021,270,35.9,New Zealand,270.0
University of Massachusetts Amherst,2021,270,35.9,United States,270.0
Massey University,2021,272,35.8,New Zealand,272.0
USI - Università della Svizzera italiana,2021,273,35.6,Switzerland,273.0
The University of Arizona,2021,273,35.6,United States,273.0
Deakin University,2021,275,35.5,Australia,275.0
Indian Institute of Technology Madras (IITM),2021,275,35.5,India,275.0
Graz University of Technology,2021,275,35.5,Austria,275.0
Université de Paris,2021,275,35.5,France,275.0
Beijing Normal University ,2021,279,35.4,China (Mainland),279.0
University of Ottawa,2021,279,35.4,Canada,279.0
Moscow Institute of Physics and Technology (MIPT / Moscow Phystech),2021,281,35.3,Russia,281.0
Bauman Moscow State Technical University,2021,282,35.2,Russia,282.0
University of Cologne,2021,282,35.2,Germany,282.0
United Arab Emirates University,2021,284,35.1,United Arab Emirates,284.0
University of Tartu,2021,285,35.0,Estonia,285.0
University College Cork,2021,286,34.9,Ireland,286.0
King Saud University,2021,287,34.8,Saudi Arabia,287.0
Universitat Pompeu Fabra (Barcelona),2021,287,34.8,Spain,287.0
Université Paris 1 Panthéon-Sorbonne,2021,287,34.8,France,287.0
University of Turku,2021,287,34.8,Finland,287.0
Dalhousie University,2021,291,34.6,Canada,291.0
ENS Paris-Saclay,2021,291,34.6,France,291.0
Technion - Israel Institute of Technology,2021,291,34.6,Israel,291.0
University of Miami,2021,291,34.6,United States,291.0
Gwangju Institute of Science and Technology (GIST),2021,295,34.5,South Korea,295.0
North Carolina State University,2021,295,34.5,United States,295.0
University of South Australia,2021,295,34.5,Australia,295.0
HSE University,2021,298,34.4,Russia,298.0
National Yang Ming University,2021,298,34.4,Taiwan,298.0
University of Strathclyde,2021,300,34.3,United Kingdom,300.0
Heriot-Watt University,2021,301,34.2,United Kingdom,301.0
University of Milan,2021,301,34.2,Italy,301.0
Griffith University,2021,303,34.1,Australia,303.0
Xi’an Jiaotong University,2021,303,34.1,China (Mainland),303.0
Aalborg University,2021,305,34.0,Denmark,305.0
Université Paris-Saclay,2021,305,34.0,France,305.0
Universitas Indonesia,2021,305,34.0,Indonesia,305.0
Universität Mannheim,2021,307,33.7,Germany,307.0
Politecnico di Torino,2021,308,33.5,Italy,308.0
Royal Holloway University of London,2021,308,33.5,United Kingdom,308.0
University of Tasmania,2021,308,33.5,Australia,308.0
Universidad Carlos III de Madrid (UC3M),2021,311,33.4,Spain,311.0
Goethe-University Frankfurt am Main,2021,311,33.4,Germany,311.0
Bandung Institute of Technology (ITB),2021,313,33.3,Indonesia,313.0
Indian Institute of Technology Kharagpur (IIT-KGP),2021,314,33.2,India,314.0
National Research Nuclear University MEPhI (Moscow Engineering Physics Institute),2021,314,33.2,Russia,314.0
Universitat Politècnica de Catalunya · BarcelonaTech (UPC),2021,314,33.2,Spain,314.0
Belarusian State University,2021,317,33.0,Belarus,317.0
Friedrich-Alexander-Universität Erlangen-Nürnberg,2021,317,33.0,Germany,317.0
 University of Dundee,2021,319,32.9,United Kingdom,319.0
Indiana University Bloomington,2021,320,32.6,United States,320.0
Hiroshima University,2021,321,32.3,Japan,321.0
University of Warsaw ,2021,321,32.3,Poland,321.0
Simon Fraser University,2021,323,32.1,Canada,323.0
Southern University of Science and Technology,2021,323,32.1,China (Mainland),323.0
Universität Jena,2021,323,32.1,Germany,323.0
Jagiellonian University,2021,326,31.9,Poland,326.0
Pontificia Universidad Católica Argentina,2021,326,31.9,Argentina,326.0
RUDN University,2021,326,31.9,Russia,326.0
Universitat Politècnica de València,2021,326,31.9,Spain,326.0
Virginia Polytechnic Institute and State University,2021,326,31.9,United States,326.0
IE University,2021,327,32.0,Spain,327.0
National Taiwan Normal University,2021,331,31.8,Taiwan,331.0
Ural Federal University - UrFU,2021,331,31.8,Russia,331.0
Ewha Womans University,2021,333,31.7,South Korea,333.0
Umea University,2021,333,31.7,Sweden,333.0
Universität Stuttgart,2021,333,31.7,Germany,333.0
University of East Anglia (UEA),2021,333,31.7,United Kingdom,333.0
University of Hawaiʻi at Mānoa,2021,333,31.7,United States,333.0
University of Jyväskylä,2021,333,31.7,Finland,333.0
University of Utah,2021,333,31.7,United States,333.0
Yeshiva University,2021,341,31.6,United States,341.0
Université Grenoble Alpes,2021,342,31.5,France,342.0
"University of Chemistry and Technology, Prague",2021,342,31.5,Czech Republic,342.0
"Birkbeck, University of London",2021,344,31.4,United Kingdom,344.0
University Ulm,2021,344,31.4,Germany,344.0
SOAS University of London ,2021,346,31.1,United Kingdom,346.0
University at Buffalo SUNY,2021,346,31.1,United States,346.0
American University of Sharjah,2021,348,31.0,United Arab Emirates,348.0
MGIMO University,2021,348,31.0,Russia,348.0
"City, University of London",2021,350,30.9,United Kingdom,350.0
Indian Institute of Technology Kanpur (IITK),2021,350,30.9,India,350.0
Universiti Teknologi Brunei,2021,350,30.9,Brunei,350.0
George Washington University,2021,353,30.8,United States,353.0
University of Southern Denmark (SDU),2021,353,30.8,Denmark,353.0
National University of Sciences And Technology (NUST) Islamabad,2021,355,30.5,Pakistan,355.0
Westfälische Wilhelms-Universität Münster ,2021,356,30.3,Germany,356.0
L.N. Gumilyov Eurasian National University (ENU),2021,357,30.2,Kazakhstan,357.0
University of Lisbon ,2021,357,30.2,Portugal,357.0
University of Porto,2021,357,30.2,Portugal,357.0
ITMO University,2021,360,30.1,Russia,360.0
Norwegian University of Science And Technology,2021,360,30.1,Norway,360.0
Johannes Kepler University Linz,2021,362,30.0,Austria,362.0
Linköping University,2021,362,30.0,Sweden,362.0
Northeastern University,2021,362,30.0,United States,362.0
Tokyo Medical and Dental University (TMDU),2021,362,30.0,Japan,362.0
University of Macau,2021,367,29.9,Macau SAR,367.0
Brunel University London,2021,368,29.7,United Kingdom,368.0
Tilburg University,2021,368,29.7,Netherlands,368.0
Kazan (Volga region) Federal University,2021,370,29.5,Russia,370.0
University of Victoria (UVic),2021,370,29.5,Canada,370.0
Swinburne University of Technology,2021,372,29.4,Australia,372.0
Pakistan Institute of Engineering and Applied Sciences (PIEAS),2021,373,29.2,Pakistan,373.0
"Stony Brook University, State University of New York",2021,373,29.2,United States,373.0
Sultan Qaboos University,2021,375,29.1,Oman,375.0
University of Waikato,2021,375,29.1,New Zealand,375.0
Nankai University,2021,377,29.0,China (Mainland),377.0
Universidad de Palermo (UP),2021,377,29.0,Argentina,377.0
Taylor's University,2021,379,28.9,Malaysia,379.0
Universidade Federal do Rio de Janeiro,2021,380,28.8,Brazil,380.0
University of Kent,2021,380,28.8,United Kingdom,380.0
Wake Forest University,2021,380,28.8,United States,380.0
Indian Institute of Technology Roorkee (IITR),2021,383,28.7,India,383.0
Oxford Brookes University,2021,383,28.7,United Kingdom,383.0
University of Pisa,2021,383,28.7,Italy,383.0
University of Kansas,2021,383,28.7,United States,383.0
Lincoln University ,2021,387,28.6,New Zealand,387.0
Shanghai University,2021,387,28.6,China (Mainland),387.0
Taipei Medical University (TMU),2021,387,28.6,Taiwan,387.0
Tianjin University,2021,387,28.6,China (Mainland),387.0
UCSI University,2021,391,28.5,Malaysia,391.0
Beijing Institute of Technology,2021,392,28.4,China (Mainland),392.0
HUFS - Hankuk (Korea) University of Foreign Studies ,2021,392,28.4,South Korea,392.0
University of Naples - Federico II,2021,392,28.4,Italy,392.0
Università Vita-Salute San Raffaele,2021,392,28.4,Italy,392.0
Huazhong University of Science and Technology,2021,396,28.2,China (Mainland),396.0
University of the Philippines,2021,396,28.2,Philippines,396.0
La Trobe University,2021,398,28.1,Australia,398.0
Université de Strasbourg,2021,398,28.1,France,398.0
"University of Colorado, Denver ",2021,398,28.1,United States,398.0
Peter the Great St. Petersburg Polytechnic University,2021,401,28.0,Russia,401.0
National Research Tomsk Polytechnic University,2021,401,28.0,Russia,401.0
Chung-Ang University (CAU),2021,403,27.9,South Korea,403.0
Johannes Gutenberg Universität Mainz,2021,403,27.9,Germany,403.0
Kobe University,2021,403,27.9,Japan,403.0
University of Trento,2021,403,27.9,Italy,403.0
University of Witwatersrand,2021,403,27.9,South Africa,403.0
University of Oulu,2021,408,27.7,Finland,408.0
Sharif University of Technology,2021,409,27.6,"Iran, Islamic Republic of",409.0
Tampere University,2021,409,27.6,Finland,409.0
The American University in Cairo,2021,411,27.5,Egypt,411.0
"Essex, University of",2021,411,27.5,United Kingdom,411.0
Washington State University,2021,411,27.5,United States,411.0
Bond University,2021,414,27.4,Australia,414.0
Tulane University,2021,414,27.4,United States,414.0
"Goldsmiths, University of London",2021,416,27.2,United Kingdom,416.0
National Sun Yat-sen University,2021,416,27.2,Taiwan,416.0
"University of California, Santa Cruz",2021,416,27.2,United States,416.0
University of Tromsø The Arctic University of Norway,2021,416,27.2,Norway,416.0
Université Laval,2021,420,27.1,Canada,420.0
Universidade Federal de São Paulo,2021,420,27.1,Brazil,420.0
University of Iowa,2021,420,27.1,United States,420.0
Flinders University,2021,423,27.0,Australia,423.0
Vilnius University ,2021,423,27.0,Lithuania,423.0
University of Bordeaux,2021,425,26.9,France,425.0
Illinois Institute of Technology,2021,426,26.8,United States,426.0
Pontificia Universidad Javeriana,2021,426,26.8,Colombia,426.0
The National University of Science and Technology MISIS,2021,428,26.6,Russia,428.0
Universidade Nova de Lisboa,2021,428,26.6,Portugal,428.0
University of St.Gallen (HSG),2021,428,26.6,Switzerland,428.0
University of Coimbra,2021,431,26.5,Portugal,431.0
Czech Technical University in Prague,2021,432,26.4,Czech Republic,432.0
Pontificia Universidad Católica del Perú,2021,432,26.4,Peru,432.0
University of Florence,2021,432,26.4,Italy,432.0
"The University of Tennessee, Knoxville",2021,432,26.4,United States,432.0
Xiamen University,2021,432,26.4,China (Mainland),432.0
Auckland University of Technology (AUT),2021,437,26.2,New Zealand,437.0
Julius-Maximilians-Universität Würzburg,2021,437,26.2,Germany,437.0
Dublin City University,2021,439,26.0,Ireland,439.0
Ruhr-Universität Bochum,2021,439,26.0,Germany,439.0
Universiti Teknologi PETRONAS (UTP),2021,439,26.0,Malaysia,439.0
University of Johannesburg,2021,439,26.0,South Africa,439.0
Colorado State University,2021,443,25.9,United States,443.0
Universidad Austral,2021,443,25.9,Argentina,443.0
Universität Konstanz,2021,443,25.9,Germany,443.0
Ben-Gurion University of The Negev,2021,446,25.8,Israel,446.0
Brandeis University,2021,446,25.8,United States,446.0
University of Science and Technology Beijing,2021,446,25.8,China (Mainland),446.0
Beihang University (former BUAA),2021,449,25.7,China (Mainland),449.0
"University of California, Riverside",2021,449,25.7,United States,449.0
Universidad Politécnica de Madrid (UPM),2021,451,25.6,Spain,451.0
Universität des Saarlandes,2021,451,25.6,Germany,451.0
Université de Liège,2021,451,25.6,Belgium,451.0
Boston College,2021,454,25.5,United States,454.0
Quaid-i-Azam University,2021,454,25.5,Pakistan,454.0
Dongguk University ,2021,456,25.4,South Korea,456.0
Florida State University,2021,456,25.4,United States,456.0
Hasselt University ,2021,456,25.4,Belgium,456.0
Stellenbosch University,2021,456,25.4,South Africa,456.0
The Catholic University of Korea ,2021,456,25.4,South Korea,456.0
University of Canberra ,2021,456,25.4,Australia,456.0
James Cook University,2021,462,25.3,Australia,462.0
South China University of Technology,2021,462,25.3,China (Mainland),462.0
Universidad ORT Uruguay,2021,462,25.3,Uruguay,462.0
Koç University,2021,465,25.2,Turkey,465.0
National Central University,2021,465,25.2,Taiwan,465.0
Universidad de Belgrano,2021,465,25.2,Argentina,465.0
University of Saskatchewan,2021,465,25.2,Canada,465.0
Yokohama City University,2021,465,25.2,Japan,465.0
Indian Institute of Technology Guwahati (IITG),2021,470,25.1,India,470.0
Lappeenranta-Lahti University of Technology LUT,2021,470,25.1,Finland,470.0
Martin-Luther-Universität Halle-Wittenberg,2021,470,25.1,Germany,470.0
Rensselaer Polytechnic Institute,2021,470,25.1,United States,470.0
Swansea University,2021,474,25.0,United Kingdom,474.0
Umm Al-Qura University ,2021,474,25.0,Saudi Arabia,474.0
 Western Sydney University,2021,474,25.0,Australia,474.0
Amirkabir University of Technology,2021,477,24.8,"Iran, Islamic Republic of",477.0
Concordia University,2021,477,24.8,Canada,477.0
National Technical University of Athens,2021,477,24.8,Greece,477.0
University of Cyprus (UCY),2021,477,24.8,Cyprus,477.0
V. N. Karazin Kharkiv National University,2021,477,24.8,Ukraine,477.0
Wayne State University,2021,477,24.8,United States,477.0
Universität  Leipzig,2021,483,24.7,Germany,483.0
"University of Missouri, Columbia",2021,483,24.7,United States,483.0
Aberystwyth University,2021,485,24.6,United Kingdom,485.0
Shandong University,2021,485,24.6,China (Mainland),485.0
University of Stirling,2021,485,24.6,United Kingdom,485.0
Chiba University,2021,488,24.5,Japan,488.0
National Taipei University of Technology,2021,488,24.5,Taiwan,488.0
Auezov South Kazakhstan University (SKU),2021,490,24.4,Kazakhstan,490.0
Sogang University,2021,490,24.4,South Korea,490.0
Universidad de Montevideo (UM),2021,492,24.3,Uruguay,492.0
Chang Gung University,2021,493,24.2,Taiwan,493.0
Far Eastern Federal University,2021,493,24.2,Russia,493.0
Jilin University,2021,493,24.2,China (Mainland),493.0
Southeast University,2021,493,24.2,China (Mainland),493.0
UNESP,2021,493,24.2,Brazil,493.0
Universidad de La Habana,2021,498,24.1,Cuba,498.0
Oregon State University,2021,499,23.9,United States,499.0
Universidad de Alcalá,2021,499,23.9,Spain,499.0
University of Eastern Finland,2021,499,23.9,Finland,499.0
Massachusetts Institute of Technology (MIT) ,2022,1,100.0,United States,1.0
University of Oxford,2022,2,99.5,United Kingdom,2.0
Stanford University,2022,3,98.7,United States,3.0
University of Cambridge,2022,3,98.7,United Kingdom,3.0
Harvard University,2022,5,98.0,United States,5.0
California Institute of Technology (Caltech),2022,6,97.4,United States,6.0
Imperial College London,2022,7,97.3,United Kingdom,7.0
ETH Zurich - Swiss Federal Institute of Technology,2022,8,95.4,Switzerland,8.0
UCL,2022,8,95.4,United Kingdom,8.0
University of Chicago,2022,10,94.5,United States,10.0
National University of Singapore (NUS),2022,11,93.9,Singapore,11.0
"Nanyang Technological University, Singapore (NTU)",2022,12,90.8,Singapore,12.0
University of Pennsylvania,2022,13,90.7,United States,13.0
EPFL,2022,14,90.2,Switzerland,14.0
Yale University,2022,14,90.2,United States,14.0
The University of Edinburgh,2022,16,89.9,United Kingdom,16.0
Tsinghua University,2022,17,89.0,China (Mainland),17.0
Peking University,2022,18,88.8,China (Mainland),18.0
Columbia University,2022,19,88.7,United States,19.0
Princeton University,2022,20,88.6,United States,20.0
Cornell University,2022,21,88.3,United States,21.0
The University of Hong Kong,2022,22,86.3,Hong Kong SAR,22.0
The University of Tokyo,2022,23,86.2,Japan,23.0
University of Michigan-Ann Arbor,2022,23,86.2,United States,23.0
Johns Hopkins University,2022,25,85.9,United States,25.0
University of Toronto,2022,26,85.3,Canada,26.0
McGill University,2022,27,84.0,Canada,27.0
The Australian National University,2022,27,84.0,Australia,27.0
The University of Manchester,2022,27,84.0,United Kingdom,27.0
Northwestern University,2022,30,82.8,United States,30.0
Fudan University,2022,31,82.6,China (Mainland),31.0
"University of California, Berkeley (UCB)",2022,32,82.5,United States,32.0
Kyoto University,2022,33,82.3,Japan,33.0
The Hong Kong University of Science and Technology,2022,34,82.2,Hong Kong SAR,34.0
King's College London,2022,35,82.0,United Kingdom,35.0
Seoul National University,2022,36,81.7,South Korea,36.0
The University of Melbourne,2022,37,81.4,Australia,37.0
The University of Sydney,2022,38,80.4,Australia,38.0
The Chinese University of Hong Kong (CUHK),2022,39,80.3,Hong Kong SAR,39.0
"University of California, Los Angeles (UCLA)",2022,40,79.7,United States,40.0
KAIST - Korea Advanced Institute of Science & Technology,2022,41,79.1,South Korea,41.0
New York University (NYU),2022,42,78.9,United States,42.0
The University of New South Wales (UNSW Sydney),2022,43,77.7,Australia,43.0
Université PSL,2022,44,77.6,France,44.0
Zhejiang University,2022,45,77.4,China (Mainland),45.0
University of British Columbia,2022,46,77.1,Canada,46.0
The University of Queensland,2022,47,76.6,Australia,47.0
"University of California, San Diego (UCSD)",2022,48,76.1,United States,48.0
Institut Polytechnique de Paris,2022,49,75.9,France,49.0
The London School of Economics and Political Science (LSE),2022,49,75.8,United Kingdom,49.0
Shanghai Jiao Tong University,2022,50,75.6,China (Mainland),50.0
Technical University of Munich,2022,50,75.6,Germany,50.0
Duke University,2022,52,75.2,United States,52.0
Carnegie Mellon University,2022,53,74.6,United States,53.0
City University of Hong Kong,2022,53,74.6,Hong Kong SAR,53.0
University of Amsterdam,2022,55,73.8,Netherlands,55.0
Tokyo Institute of Technology (Tokyo Tech),2022,56,73.5,Japan,56.0
Delft University of Technology,2022,57,73.1,Netherlands,57.0
Monash University,2022,58,72.2,Australia,58.0
Brown University,2022,60,71.3,United States,60.0
The University of Warwick,2022,61,71.2,United Kingdom,61.0
University of Bristol,2022,62,71.0,United Kingdom,62.0
Ruprecht-Karls-Universität Heidelberg,2022,63,70.8,Germany,63.0
Ludwig-Maximilians-Universität München,2022,64,70.1,Germany,64.0
Universiti Malaya (UM),2022,65,69.8,Malaysia,65.0
The Hong Kong Polytechnic University,2022,66,69.1,Hong Kong SAR,66.0
University of Texas at Austin,2022,67,68.4,United States,67.0
National Taiwan University (NTU),2022,68,68.2,Taiwan,68.0
Universidad de Buenos Aires (UBA),2022,69,67.9,Argentina,69.0
KU Leuven,2022,70,67.2,Belgium,70.0
University of Zurich,2022,70,67.2,Switzerland,70.0
Sorbonne University,2022,72,67.1,France,72.0
University of Glasgow,2022,73,66.8,United Kingdom,73.0
Korea University,2022,74,66.3,South Korea,74.0
Osaka University,2022,75,66.2,Japan,75.0
University of Wisconsin-Madison,2022,75,66.2,United States,75.0
University of Southampton,2022,77,65.7,United Kingdom,77.0
Lomonosov Moscow State University,2022,78,65.6,Russia,78.0
University of Copenhagen,2022,79,65.5,Denmark,79.0
Yonsei University,2022,79,65.5,South Korea,79.0
Pohang University of Science And Technology (POSTECH),2022,81,65.4,South Korea,81.0
Durham University,2022,82,65.2,United Kingdom,82.0
Tohoku University,2022,82,65.2,Japan,82.0
University of Illinois at Urbana-Champaign,2022,82,65.2,United States,82.0
The University of Auckland,2022,85,65.0,New Zealand,85.0
University of Washington,2022,85,65.0,United States,85.0
Université Paris-Saclay,2022,86,64.9,France,86.0
Lund University,2022,87,63.8,Sweden,87.0
Georgia Institute of Technology,2022,88,63.5,United States,88.0
KTH Royal Institute of Technology ,2022,89,63.2,Sweden,89.0
University of Birmingham,2022,90,62.9,United Kingdom,90.0
University of St Andrews,2022,91,62.8,United Kingdom,91.0
University of Leeds,2022,92,62.6,United Kingdom,92.0
The University of Western Australia,2022,93,62.5,Australia,93.0
Rice University,2022,94,62.3,United States,94.0
The University of Sheffield,2022,95,61.6,United Kingdom,95.0
Pennsylvania State University,2022,96,61.5,United States,96.0
Sungkyunkwan University (SKKU),2022,97,60.5,South Korea,97.0
University of Science and Technology of China,2022,98,60.1,China (Mainland),98.0
Technical University of Denmark,2022,99,59.9,Denmark,99.0
"University of North Carolina, Chapel Hill",2022,100,59.6,United States,100.0
"Trinity College Dublin, The University of Dublin",2022,101,59.5,Ireland,101.0
University of Oslo,2022,102,59.0,Norway,102.0
University of Nottingham,2022,103,58.9,United Kingdom,103.0
University of Helsinki,2022,104,58.5,Finland,104.0
Universidad Nacional Autónoma de México  (UNAM),2022,105,58.3,Mexico,105.0
University of Geneva,2022,105,58.3,Switzerland,105.0
Washington University in St. Louis,2022,107,58.0,United States,107.0
The University of Adelaide,2022,108,57.9,Australia,108.0
"University of California, Davis",2022,108,57.9,United States,108.0
King Abdulaziz University (KAU),2022,109,57.7,Saudi Arabia,109.0
Utrecht University,2022,110,57.5,Netherlands,110.0
Université de Montréal ,2022,111,57.3,Canada,111.0
Aalto University,2022,112,57.0,Finland,112.0
Boston University,2022,112,57.0,United States,112.0
Leiden University,2022,112,57.0,Netherlands,112.0
University of Southern California,2022,112,57.0,United States,112.0
Purdue University,2022,116,56.9,United States,116.0
Queen Mary University of London,2022,117,56.7,United Kingdom,117.0
Nagoya University,2022,118,56.2,Japan,118.0
University of Bern,2022,119,56.1,Switzerland,119.0
The Ohio State University,2022,120,56.0,United States,120.0
Chalmers University of Technology,2022,121,55.9,Sweden,121.0
Universidade de São Paulo,2022,121,55.9,Brazil,121.0
Wageningen University & Research,2022,123,55.8,Netherlands,123.0
Uppsala University,2022,124,55.4,Sweden,124.0
Eindhoven University of Technology,2022,125,55.3,Netherlands,125.0
University of Alberta,2022,126,55.2,Canada,126.0
Freie Universitaet Berlin,2022,127,54.9,Germany,127.0
Humboldt-Universität zu Berlin,2022,128,54.8,Germany,128.0
University of Groningen,2022,128,54.8,Netherlands,128.0
École Normale Supérieure de Lyon,2022,130,54.6,France,130.0
Nanjing University,2022,131,54.2,China (Mainland),131.0
Lancaster University,2022,132,54.0,United Kingdom,132.0
University of Technology Sydney,2022,133,53.9,Australia,133.0
Newcastle University,2022,134,53.8,United Kingdom,134.0
Pontificia Universidad Católica de Chile (UC),2022,135,53.6,Chile,135.0
"KIT, Karlsruhe Institute of Technology",2022,136,53.4,Germany,136.0
Kyushu University,2022,137,53.3,Japan,137.0
University of Basel,2022,138,53.0,Switzerland,138.0
McMaster University,2022,140,52.7,Canada,140.0
Ghent University,2022,141,52.6,Belgium,141.0
Politecnico di Milano,2022,142,52.5,Italy,142.0
Universiti Putra Malaysia (UPM),2022,143,52.2,Malaysia,143.0
Universiti Kebangsaan Malaysia (UKM),2022,144,52.0,Malaysia,144.0
Hokkaido University,2022,145,51.4,Japan,145.0
"University of California, Santa Barbara (UCSB)",2022,146,51.2,United States,146.0
Universiti Sains Malaysia (USM),2022,147,51.0,Malaysia,147.0
Stockholm University,2022,148,50.6,Sweden,148.0
The University of Exeter,2022,149,50.5,United Kingdom,149.0
University of Waterloo,2022,149,50.5,Canada,149.0
Cardiff University,2022,151,50.4,United Kingdom,151.0
University of Vienna,2022,151,50.4,Austria,151.0
University of York,2022,151,50.4,United Kingdom,151.0
University of Rochester,2022,154,50.3,United States,154.0
Aarhus University,2022,155,50.2,Denmark,155.0
Hanyang University,2022,156,49.8,South Korea,156.0
Michigan State University,2022,157,49.7,United States,157.0
"University of Maryland, College Park",2022,158,49.5,United States,158.0
Technische Universität Berlin (TU Berlin),2022,159,49.3,Germany,159.0
Emory University,2022,160,48.6,United States,160.0
Case Western Reserve University,2022,161,48.2,United States,161.0
Tecnológico de Monterrey,2022,161,48.2,Mexico,161.0
King Fahd University of Petroleum & Minerals,2022,163,48.1,Saudi Arabia,163.0
University of Pittsburgh,2022,163,48.1,United States,163.0
RWTH Aachen University,2022,165,48.0,Germany,165.0
Alma Mater Studiorum - University of Bologna,2022,166,47.7,Italy,166.0
University of Bath,2022,166,47.7,United Kingdom,166.0
Texas A&M University,2022,168,47.6,United States,168.0
Universitat de Barcelona,2022,168,47.6,Spain,168.0
Western University,2022,170,47.5,Canada,170.0
Sapienza University of Rome,2022,171,47.2,Italy,171.0
Albert-Ludwigs-Universitaet Freiburg,2022,172,47.0,Germany,172.0
University College Dublin,2022,173,46.9,Ireland,173.0
University of Florida,2022,173,46.9,United States,173.0
Al-Farabi Kazakh National University,2022,175,46.8,Kazakhstan,175.0
University of Lausanne,2022,176,46.6,Switzerland,176.0
Eberhard Karls Universität Tübingen,2022,177,46.4,Germany,177.0
Indian Institute of Technology Bombay (IITB),2022,177,46.4,India,177.0
Erasmus University Rotterdam ,2022,179,46.3,Netherlands,179.0
National Tsing Hua University,2022,180,46.1,Taiwan,180.0
Technische Universität Wien,2022,180,46.1,Austria,180.0
University of Gothenburg,2022,180,46.1,Sweden,180.0
Khalifa University,2022,183,46.0,United Arab Emirates,183.0
Universidad de Chile,2022,183,46.0,Chile,183.0
Indian Institute of Technology Delhi (IITD),2022,185,45.9,India,185.0
Indian Institute of Science,2022,186,45.7,India,186.0
University of Minnesota Twin Cities,2022,186,45.7,United States,186.0
Université catholique de Louvain (UCLouvain),2022,188,45.6,Belgium,188.0
University of Liverpool,2022,189,45.5,United Kingdom,189.0
University of Twente,2022,189,45.5,Netherlands,189.0
Dartmouth College,2022,191,45.1,United States,191.0
Universiti Teknologi Malaysia ,2022,191,45.1,Malaysia,191.0
University of Wollongong,2022,193,44.9,Australia,193.0
Curtin University,2022,194,44.8,Australia,194.0
Technische Universität Dresden,2022,194,44.8,Germany,194.0
University of Otago,2022,194,44.8,New Zealand,194.0
"The University of Newcastle, Australia (UON)",2022,197,44.6,Australia,197.0
The Hebrew University of Jerusalem,2022,198,44.5,Israel,198.0
University of Bergen,2022,199,44.2,Norway,199.0
Macquarie University,2022,200,44.1,Australia,200.0
Keio University,2022,201,43.9,Japan,201.0
University of Reading,2022,202,43.5,United Kingdom,202.0
Waseda University,2022,203,43.3,Japan,203.0
University of Göttingen,2022,204,43.2,Germany,204.0
University of Aberdeen,2022,205,43.1,United Kingdom,205.0
RMIT University,2022,206,42.8,Australia,206.0
Universidad Autónoma de Madrid,2022,207,42.7,Spain,207.0
Universite libre de Bruxelles,2022,207,42.7,Belgium,207.0
Universitat Autònoma de Barcelona,2022,209,42.6,Spain,209.0
Vrije Universiteit Amsterdam,2022,209,42.6,Netherlands,209.0
Tongji University,2022,211,42.5,China (Mainland),211.0
Ulsan National Institute of Science and Technology (UNIST),2022,212,42.4,South Korea,212.0
Queensland University of Technology (QUT),2022,213,42.1,Australia,213.0
Universität Hamburg,2022,214,42.0,Germany,214.0
Chulalongkorn University,2022,215,41.9,Thailand,215.0
Arizona State University,2022,216,41.8,United States,216.0
Queen's University Belfast,2022,216,41.8,United Kingdom,216.0
Vanderbilt University,2022,218,41.7,United States,218.0
Universidade Estadual de Campinas (Unicamp),2022,219,41.3,Brazil,219.0
Radboud University ,2022,220,41.1,Netherlands,220.0
Vrije Universiteit Brussel (VUB),2022,221,41.0,Belgium,221.0
University of Notre Dame,2022,222,40.9,United States,222.0
Complutense University of Madrid,2022,223,40.8,Spain,223.0
Qatar University,2022,224,40.7,Qatar,224.0
Wuhan University,2022,225,40.4,China (Mainland),225.0
Rheinische Friedrich-Wilhelms-Universität Bonn,2022,226,40.3,Germany,226.0
University of Cape Town,2022,226,40.3,South Africa,226.0
University of Sussex,2022,226,40.3,United Kingdom,226.0
University of Virginia,2022,226,40.3,United States,226.0
University of Ottawa,2022,230,40.2,Canada,230.0
Loughborough University,2022,231,40.1,United Kingdom,231.0
"University of California, Irvine",2022,232,40.0,United States,232.0
Maastricht University ,2022,233,39.8,Netherlands,233.0
University of Antwerp,2022,233,39.8,Belgium,233.0
University of Calgary,2022,235,39.7,Canada,235.0
Harbin Institute of Technology,2022,236,39.6,China (Mainland),236.0
Universidad de los Andes,2022,236,39.6,Colombia,236.0
University of Leicester,2022,236,39.6,United Kingdom,236.0
Victoria University of Wellington,2022,236,39.6,New Zealand,236.0
Queen's University at Kingston,2022,240,39.5,Canada,240.0
USI - Università della Svizzera italiana,2022,240,39.5,Switzerland,240.0
American University of Beirut (AUB),2022,242,39.2,Lebanon,242.0
Saint Petersburg State University,2022,242,39.2,Russia,242.0
Università di Padova,2022,242,39.2,Italy,242.0
Ecole des Ponts ParisTech,2022,245,39.1,France,245.0
Novosibirsk State University,2022,246,38.8,Russia,246.0
University of Massachusetts Amherst,2022,246,38.8,United States,246.0
Georgetown University,2022,248,38.7,United States,248.0
Universitat Pompeu Fabra (Barcelona),2022,248,38.7,Spain,248.0
Universiti Brunei Darussalam (UBD),2022,250,38.6,Brunei,250.0
University of Colorado Boulder,2022,251,38.5,United States,251.0
National Cheng Kung University (NCKU),2022,252,38.4,Taiwan,252.0
Yeshiva University,2022,252,38.4,United States,252.0
Gadjah Mada University,2022,254,38.3,Indonesia,254.0
Indian Institute of Technology Madras (IITM),2022,255,38.1,India,255.0
Mahidol University,2022,255,38.1,Thailand,255.0
Tel Aviv University,2022,255,38.1,Israel,255.0
National University of Ireland Galway,2022,258,37.6,Ireland,258.0
Universidad Nacional de Colombia,2022,258,37.6,Colombia,258.0
University of Canterbury | Te Whare Wānanga o Waitaha,2022,258,37.7,New Zealand,258.0
Sun Yat-sen University,2022,260,37.4,China (Mainland),260.0
Sciences Po,2022,261,37.3,France,261.0
Université de Paris,2022,261,37.3,France,261.0
Kyung Hee University,2022,264,37.2,South Korea,264.0
Rutgers University–New Brunswick,2022,264,37.2,United States,264.0
Charles University,2022,266,37.1,Czech Republic,266.0
University of Navarra,2022,266,37.1,Spain,266.0
National Yang Ming Chiao Tung University,2022,268,36.9,Taiwan,268.0
The University of Arizona,2022,268,36.9,United States,268.0
Technical University of Darmstadt,2022,269,36.9,Germany,269.0
Beijing Normal University ,2022,270,36.7,China (Mainland),270.0
Heriot-Watt University,2022,270,36.7,United Kingdom,270.0
Dalhousie University,2022,272,36.6,Canada,272.0
Tomsk State University,2022,272,36.6,Russia,272.0
University of Surrey,2022,272,36.6,United Kingdom,272.0
Southern University of Science and Technology,2022,275,36.5,China (Mainland),275.0
Tufts University,2022,275,36.5,United States,275.0
Graz University of Technology,2022,277,36.4,Austria,277.0
Indian Institute of Technology Kanpur (IITK),2022,277,36.4,India,277.0
King Saud University,2022,277,36.4,Saudi Arabia,277.0
Indian Institute of Technology Kharagpur (IIT-KGP),2022,280,36.3,India,280.0
Bauman Moscow State Technical University,2022,281,36.2,Russia,281.0
Universität Innsbruck,2022,281,36.2,Austria,281.0
Deakin University,2022,283,36.1,Australia,283.0
Massey University,2022,284,35.9,New Zealand,284.0
University of Illinois at Chicago (UIC),2022,285,35.6,United States,285.0
University of Tsukuba,2022,285,35.6,Japan,285.0
Hong Kong Baptist University,2022,287,35.5,Hong Kong SAR,287.0
United Arab Emirates University,2022,288,35.4,United Arab Emirates,288.0
Griffith University,2022,290,35.1,Australia,290.0
Moscow Institute of Physics and Technology (MIPT / Moscow Phystech),2022,290,35.1,Russia,290.0
Universitas Indonesia,2022,290,35.1,Indonesia,290.0
Université Paris 1 Panthéon-Sorbonne,2022,290,35.1,France,290.0
Xi’an Jiaotong University,2022,290,35.1,China (Mainland),290.0
Belarusian State University,2022,295,34.9,Belarus,295.0
University of Porto,2022,295,34.9,Portugal,295.0
University of Turku,2022,295,34.9,Finland,295.0
Simon Fraser University,2022,298,34.8,Canada,298.0
University College Cork,2022,298,34.8,Ireland,298.0
North Carolina State University,2022,300,34.7,United States,300.0
University of Tartu,2022,300,34.7,Estonia,300.0
University of Strathclyde,2022,302,34.4,United Kingdom,302.0
Bandung Institute of Technology (ITB),2022,303,34.2,Indonesia,303.0
University of Tasmania,2022,303,34.2,Australia,303.0
Gwangju Institute of Science and Technology (GIST),2022,305,34.1,South Korea,305.0
HSE University,2022,305,34.1,Russia,305.0
University of East Anglia (UEA),2022,307,34.0,United Kingdom,307.0
University of Warsaw ,2022,308,33.9,Poland,308.0
Jagiellonian University,2022,309,33.8,Poland,309.0
University of Southern Denmark (SDU),2022,309,33.8,Denmark,309.0
Indiana University Bloomington,2022,311,33.7,United States,311.0
University of Cologne,2022,311,33.7,Germany,311.0
University of Miami,2022,311,33.7,United States,311.0
National Taiwan University of Science and Technology (Taiwan Tech),2022,314,33.6,Taiwan,314.0
Université Grenoble Alpes,2022,314,33.6,France,314.0
University of Milan,2022,316,33.5,Italy,316.0
IE University,2022,317,33.4,Spain,317.0
RUDN University,2022,317,33.4,Russia,317.0
National Research Nuclear University MEPhI (Moscow Engineering Physics Institute),2022,319,33.1,Russia,319.0
Universitat Politècnica de Catalunya · BarcelonaTech (UPC),2022,319,33.1,Spain,319.0
Swinburne University of Technology,2022,321,33.0,Australia,321.0
 University of Dundee,2022,322,32.9,United Kingdom,322.0
Friedrich-Alexander-Universität Erlangen-Nürnberg,2022,322,32.9,Germany,322.0
Pontificia Universidad Católica Argentina,2022,322,32.9,Argentina,322.0
University of Macau,2022,322,32.9,Macau SAR,322.0
Aalborg University,2022,326,32.8,Denmark,326.0
University of South Australia,2022,326,32.8,Australia,326.0
L.N. Gumilyov Eurasian National University (ENU),2022,328,32.7,Kazakhstan,328.0
Linköping University,2022,329,32.5,Sweden,329.0
"City, University of London",2022,330,32.4,United Kingdom,330.0
Technion - Israel Institute of Technology,2022,330,32.4,Israel,330.0
"Birkbeck, University of London",2022,332,32.3,United Kingdom,332.0
Taylor's University,2022,332,32.3,Malaysia,332.0
Huazhong University of Science and Technology,2022,334,32.2,China (Mainland),334.0
National Taiwan Normal University,2022,334,32.2,Taiwan,334.0
Politecnico di Torino,2022,334,32.2,Italy,334.0
Royal Holloway University of London,2022,334,32.2,United Kingdom,334.0
Tianjin University,2022,334,32.2,China (Mainland),334.0
University of Victoria (UVic),2022,334,32.2,Canada,334.0
Goethe-University Frankfurt am Main,2022,340,32.1,Germany,340.0
University of Hawaiʻi at Mānoa,2022,340,32.1,United States,340.0
Northeastern University,2022,342,31.9,United States,342.0
Hiroshima University,2022,343,31.8,Japan,343.0
Universiti Teknologi Brunei,2022,344,31.7,Brunei,344.0
Universität Jena,2022,344,31.7,Germany,344.0
Virginia Polytechnic Institute and State University,2022,346,31.6,United States,346.0
Kazan (Volga region) Federal University,2022,347,31.4,Russia,347.0
UCSI University,2022,347,31.4,Malaysia,347.0
"University of California, Santa Cruz",2022,347,31.4,United States,347.0
Universität Stuttgart,2022,347,31.4,Germany,347.0
Brunel University London,2022,351,31.3,United Kingdom,351.0
Universidad Carlos III de Madrid (UC3M),2022,351,31.3,Spain,351.0
Ural Federal University - UrFU,2022,351,31.3,Russia,351.0
Johannes Kepler University Linz,2022,354,31.2,Austria,354.0
George Washington University,2022,355,31.1,United States,355.0
Tilburg University,2022,356,31.0,Netherlands,356.0
University of Lisbon ,2022,356,31.0,Portugal,356.0
Nankai University,2022,358,30.9,China (Mainland),358.0
National University of Sciences And Technology (NUST) Islamabad,2022,358,30.9,Pakistan,358.0
University of Jyväskylä,2022,358,30.9,Finland,358.0
University of Utah,2022,358,30.9,United States,358.0
Ewha Womans University,2022,362,30.8,South Korea,362.0
La Trobe University,2022,362,30.8,Australia,362.0
MGIMO School of Business and International Proficiency,2022,362,30.8,Russia,362.0
ITMO University,2022,365,30.5,Russia,365.0
Umea University,2022,365,30.5,Sweden,365.0
Ulm University,2022,365,30.5,Germany,365.0
Sultan Qaboos University,2022,368,30.4,Oman,368.0
Norwegian University of Science And Technology,2022,369,30.3,Norway,369.0
Universidade Federal do Rio de Janeiro,2022,369,30.3,Brazil,369.0
Universitat Politècnica de València,2022,371,30.0,Spain,371.0
Lincoln University ,2022,372,29.8,New Zealand,372.0
Beijing Institute of Technology,2022,373,29.6,China (Mainland),373.0
"University of Chemistry and Technology, Prague",2022,373,29.6,Czech Republic,373.0
University of Connecticut,2022,373,29.6,United States,373.0
University of Waikato,2022,373,29.6,New Zealand,373.0
University of Oulu,2022,377,29.5,Finland,377.0
Julius-Maximilians-Universität Würzburg,2022,378,29.4,Germany,378.0
Quaid-i-Azam University,2022,378,29.4,Pakistan,378.0
"Stony Brook University, State University of New York",2022,378,29.4,United States,378.0
Sharif University of Technology,2022,381,29.3,"Iran, Islamic Republic of",381.0
Tokyo Medical and Dental University (TMDU),2022,381,29.3,Japan,381.0
American University of Sharjah,2022,383,29.1,United Arab Emirates,383.0
Beihang University (former BUAA),2022,383,29.1,China (Mainland),383.0
University of Kent,2022,383,29.1,United Kingdom,383.0
Kobe University,2022,386,28.9,Japan,386.0
University of Kansas,2022,387,28.8,United States,387.0
University at Buffalo SUNY,2022,388,28.7,United States,388.0
University of Pisa,2022,388,28.7,Italy,388.0
Università Vita-Salute San Raffaele,2022,390,28.6,Italy,390.0
SOAS University of London ,2022,391,28.5,United Kingdom,391.0
Universidad de Palermo (UP),2022,391,28.5,Argentina,391.0
Peter the Great St. Petersburg Polytechnic University,2022,393,28.4,Russia,393.0
Ruhr-Universität Bochum,2022,393,28.4,Germany,393.0
Indian Institute of Technology Guwahati (IITG),2022,395,28.3,India,395.0
National Research Tomsk Polytechnic University,2022,395,28.3,Russia,395.0
Pontificia Universidad Catolica del Peru,2022,395,28.3,Peru,395.0
Pakistan Institute of Engineering and Applied Sciences (PIEAS),2022,398,28.2,Pakistan,398.0
University of the Philippines,2022,399,28.1,Philippines,399.0
Indian Institute of Technology Roorkee (IITR),2022,400,28.0,India,400.0
Universidad Austral,2022,400,28.0,Argentina,400.0
Vilnius University ,2022,400,28.0,Lithuania,400.0
Czech Technical University in Prague,2022,403,27.9,Czech Republic,403.0
Shandong University,2022,403,27.9,China (Mainland),403.0
"University of California, Riverside",2022,403,27.9,United States,403.0
Flinders University,2022,407,27.8,Australia,407.0
South China University of Technology,2022,407,27.8,China (Mainland),407.0
Taipei Medical University (TMU),2022,407,27.8,Taiwan,407.0
Xiamen University,2022,407,27.8,China (Mainland),407.0
Westfälische Wilhelms-Universität Münster ,2022,411,27.7,Germany,411.0
National Sun Yat-sen University,2022,412,27.5,Taiwan,412.0
Pontificia Universidad Javeriana,2022,412,27.5,Colombia,412.0
Chung-Ang University (CAU),2022,414,27.4,South Korea,414.0
Lappeenranta-Lahti University of Technology LUT,2022,414,27.4,Finland,414.0
Tampere University,2022,414,27.4,Finland,414.0
Universiti Teknologi PETRONAS (UTP),2022,414,27.4,Malaysia,414.0
"University of Colorado, Denver ",2022,414,27.4,United States,414.0
University of Science and Technology Beijing,2022,414,27.4,China (Mainland),414.0
Université Laval,2022,414,27.4,Canada,414.0
National Technical University of Athens,2022,421,27.3,Greece,421.0
Université de Strasbourg,2022,421,27.3,France,421.0
Universität Mannheim,2022,423,27.2,Germany,423.0
James Cook University,2022,424,27.1,Australia,424.0
University of Naples - Federico II,2022,424,27.1,Italy,424.0
University of Witwatersrand,2022,424,27.1,South Africa,424.0
Johannes Gutenberg Universität Mainz,2022,427,27.0,Germany,427.0
Washington State University,2022,427,27.0,United States,427.0
Oxford Brookes University,2022,429,26.9,United Kingdom,429.0
Wake Forest University,2022,429,26.9,United States,429.0
Colorado State University,2022,431,26.8,United States,431.0
Rensselaer Polytechnic Institute,2022,431,26.8,United States,431.0
Universidade Nova de Lisboa,2022,431,26.8,Portugal,431.0
Universidade Federal de São Paulo,2022,434,26.7,Brazil,434.0
University of Johannesburg,2022,434,26.7,South Africa,434.0
Shanghai University,2022,436,26.6,China (Mainland),436.0
Tulane University,2022,436,26.6,United States,436.0
University of Canberra ,2022,436,26.6,Australia,436.0
"Essex, University of",2022,439,26.5,United Kingdom,439.0
Swansea University,2022,440,26.3,United Kingdom,440.0
University of Cyprus (UCY),2022,440,26.3,Cyprus,440.0
University of Trento,2022,440,26.3,Italy,440.0
University of Tromsø The Arctic University of Norway,2022,440,26.3,Norway,440.0
Illinois Institute of Technology,2022,444,26.2,United States,444.0
HUFS - Hankuk (Korea) University of Foreign Studies ,2022,445,26.1,South Korea,445.0
The American University in Cairo,2022,445,26.1,Egypt,445.0
Umm Al-Qura University ,2022,447,26.0,Saudi Arabia,447.0
Universität  Leipzig,2022,447,26.0,Germany,447.0
Universität des Saarlandes,2022,447,26.0,Germany,447.0
University of Milano-Bicocca ,2022,450,25.9,Italy,450.0
Auckland University of Technology (AUT),2022,451,25.8,New Zealand,451.0
Bond University,2022,451,25.8,Australia,451.0
Sichuan University,2022,451,25.8,China (Mainland),451.0
University of Florence,2022,451,25.8,Italy,451.0
Brandeis University,2022,455,25.7,United States,455.0
University of Coimbra,2022,455,25.7,Portugal,455.0
University of Iowa,2022,455,25.7,United States,455.0
University of Saskatchewan,2022,458,25.6,Canada,458.0
Universidad Politécnica de Madrid (UPM),2022,459,25.5,Spain,459.0
University of St.Gallen (HSG),2022,459,25.5,Switzerland,459.0
Colorado School of Mines,2022,461,25.4,United States,461.0
Far Eastern Federal University,2022,461,25.4,Russia,461.0
"Goldsmiths, University of London",2022,461,25.4,United Kingdom,461.0
Martin-Luther-Universität Halle-Wittenberg,2022,461,25.4,Germany,461.0
Airlangga University,2022,465,25.3,Indonesia,465.0
Amirkabir University of Technology,2022,465,25.3,"Iran, Islamic Republic of",465.0
Southeast University,2022,465,25.3,China (Mainland),465.0
Universidad de Belgrano,2022,465,25.3,Argentina,465.0
National Taipei University of Technology,2022,469,25.2,Taiwan,469.0
Universidad de Montevideo (UM),2022,469,25.2,Uruguay,469.0
Ben-Gurion University of The Negev,2022,471,25.1,Israel,471.0
Hasselt University ,2022,471,25.1,Belgium,471.0
Universidad ORT Uruguay,2022,471,25.1,Uruguay,471.0
University of Stirling,2022,471,25.1,United Kingdom,471.0
Florida State University,2022,475,25.0,United States,475.0
"University of Missouri, Columbia",2022,476,24.9,United States,476.0
Bar-Ilan University,2022,477,24.8,Israel,477.0
Chiba University,2022,477,24.8,Japan,477.0
University of Texas Dallas,2022,477,24.8,United States,477.0
Chang Gung University,2022,480,24.7,Taiwan,480.0
Université de Liège,2022,480,24.7,Belgium,480.0
Auezov South Kazakhstan University (SKU),2022,482,24.6,Kazakhstan,482.0
Stellenbosch University,2022,482,24.6,South Africa,482.0
The Catholic University of Korea ,2022,482,24.6,South Korea,482.0
Aston University,2022,485,24.5,United Kingdom,485.0
University of Turin,2022,485,24.5,Italy,485.0
The National University of Science and Technology MISIS,2022,487,24.4,Russia,487.0
Universidad de Santiago de Chile (USACH),2022,487,24.4,Chile,487.0
Yokohama City University,2022,487,24.4,Japan,487.0
Dublin City University,2022,490,24.3,Ireland,490.0
Justus-Liebig-University Giessen,2022,490,24.3,Germany,490.0
UNESP,2022,492,24.2,Brazil,492.0
University of Granada,2022,492,24.2,Spain,492.0
 Western Sydney University,2022,494,24.1,Australia,494.0
Boston College,2022,494,24.1,United States,494.0
Christian-Albrechts-University zu Kiel,2022,494,24.1,Germany,494.0
Dongguk University ,2022,494,24.1,South Korea,494.0
Iowa State University,2022,494,24.1,United States,494.0
Sogang University,2022,494,24.1,South Korea,494.0
"University of Rome ""Tor Vergata""",2022,494,24.1,Italy,494.0
York University,2022,494,24.1,Canada,494.0
Massachusetts Institute of Technology (MIT) ,2025,,100.0,United States,1.0
Imperial College London,2025,,98.5,United Kingdom,2.0
University of Oxford,2025,,96.9,United Kingdom,3.0
Harvard University,2025,,96.8,United States,4.0
University of Cambridge,2025,,96.7,United Kingdom,5.0
Stanford University,2025,,96.1,United States,6.0
ETH Zurich - Swiss Federal Institute of Technology,2025,,93.9,Switzerland,7.0
National University of Singapore (NUS),2025,,93.7,Singapore,8.0
UCL,2025,,91.6,United Kingdom,9.0
California Institute of Technology (Caltech),2025,,90.9,United States,10.0
University of Pennsylvania,2025,,90.3,United States,11.0
"University of California, Berkeley (UCB)",2025,,90.1,United States,12.0
The University of Melbourne,2025,,88.9,Australia,13.0
Peking University,2025,,88.5,China (Mainland),14.0
"Nanyang Technological University, Singapore (NTU)",2025,,88.4,Singapore,15.0
Cornell University,2025,,87.9,United States,16.0
The University of Hong Kong,2025,,87.6,Hong Kong SAR,17.0
The University of Sydney,2025,,87.3,Australia,18.0
The University of New South Wales (UNSW Sydney),2025,,87.1,Australia,19.0
Tsinghua University,2025,,86.5,China (Mainland),20.0
University of Chicago,2025,,86.2,United States,21.0
Princeton University,2025,,85.5,United States,22.0
Yale University,2025,,85.2,United States,23.0
Université PSL,2025,,84.7,France,24.0
University of Toronto,2025,,84.1,Canada,25.0
EPFL,2025,,83.5,Switzerland,26.0
The University of Edinburgh,2025,,83.3,United Kingdom,27.0
Technical University of Munich,2025,,83.2,Germany,28.0
McGill University,2025,,83.0,Canada,29.0
The Australian National University,2025,,82.4,Australia,30.0
Seoul National University,2025,,82.3,South Korea,31.0
Johns Hopkins University,2025,,82.1,United States,32.0
The University of Tokyo,2025,,82.1,Japan,32.0
Columbia University,2025,,82.0,United States,34.0
The University of Manchester,2025,,82.0,United Kingdom,34.0
The Chinese University of Hong Kong (CUHK),2025,,81.3,Hong Kong SAR,36.0
Monash University,2025,,81.2,Australia,37.0
University of British Columbia,2025,,81.0,Canada,38.0
Fudan University,2025,,80.3,China (Mainland),39.0
King's College London,2025,,80.2,United Kingdom,40.0
The University of Queensland,2025,,80.2,Australia,40.0
"University of California, Los Angeles (UCLA)",2025,,79.8,United States,42.0
New York University (NYU),2025,,79.6,United States,43.0
University of Michigan-Ann Arbor,2025,,79.0,United States,44.0
Shanghai Jiao Tong University,2025,,77.8,China (Mainland),45.0
Institut Polytechnique de Paris,2025,,77.5,France,46.0
The Hong Kong University of Science and Technology,2025,,77.1,Hong Kong SAR,47.0
Zhejiang University,2025,,77.1,China (Mainland),47.0
Delft University of Technology,2025,,77.0,Netherlands,49.0
Kyoto University,2025,,76.0,Japan,50.0
Northwestern University,2025,,76.0,United States,50.0
The London School of Economics and Political Science (LSE),2025,,76.0,United Kingdom,50.0
KAIST - Korea Advanced Institute of Science & Technology,2025,,75.7,South Korea,53.0
University of Bristol,2025,,75.4,United Kingdom,54.0
University of Amsterdam,2025,,73.7,Netherlands,55.0
Yonsei University,2025,,72.9,South Korea,56.0
The Hong Kong Polytechnic University,2025,,72.1,Hong Kong SAR,57.0
Carnegie Mellon University,2025,,72.0,United States,58.0
Ludwig-Maximilians-Universität München,2025,,71.6,Germany,59.0
Universiti Malaya (UM),2025,,71.2,Malaysia,60.0
Duke University,2025,,70.8,United States,61.0
City University of Hong Kong,2025,,70.7,Hong Kong SAR,62.0
KU Leuven,2025,,70.3,Belgium,63.0
Sorbonne University,2025,,70.3,France,63.0
The University of Auckland,2025,,69.7,New Zealand,65.0
University of Texas at Austin,2025,,69.5,United States,66.0
Korea University,2025,,69.0,South Korea,67.0
National Taiwan University (NTU),2025,,68.7,Taiwan,68.0
The University of Warwick,2025,,68.2,United Kingdom,69.0
University of Illinois at Urbana-Champaign,2025,,68.2,United States,69.0
Universidad de Buenos Aires (UBA),2025,,67.6,Argentina,71.0
"University of California, San Diego (UCSD)",2025,,67.1,United States,72.0
Université Paris-Saclay,2025,,67.0,France,73.0
KTH Royal Institute of Technology ,2025,,65.7,Sweden,74.0
Lund University,2025,,65.6,Sweden,75.0
University of Washington,2025,,65.3,United States,76.0
The University of Western Australia,2025,,65.2,Australia,77.0
University of Glasgow,2025,,65.0,United Kingdom,78.0
Brown University,2025,,64.7,United States,79.0
University of Birmingham,2025,,64.1,United Kingdom,80.0
University of Southampton,2025,,64.1,United Kingdom,80.0
The University of Adelaide,2025,,63.8,Australia,82.0
University of Leeds,2025,,63.8,United Kingdom,82.0
Ruprecht-Karls-Universität Heidelberg,2025,,63.7,Germany,84.0
Tokyo Institute of Technology (Tokyo Tech),2025,,63.7,Japan,84.0
Osaka University,2025,,63.5,Japan,86.0
"Trinity College Dublin, The University of Dublin",2025,,62.9,Ireland,87.0
University of Technology Sydney,2025,,62.4,Australia,88.0
Durham University,2025,,61.7,United Kingdom,89.0
Pennsylvania State University,2025,,61.7,United States,89.0
Purdue University,2025,,61.7,United States,89.0
Universidade de São Paulo,2025,,61.6,Brazil,92.0
Pontificia Universidad Católica de Chile (UC),2025,,61.5,Chile,93.0
Lomonosov Moscow State University,2025,,61.4,Russia,94.0
Universidad Nacional Autónoma de México (UNAM),2025,,61.4,Mexico,94.0
University of Alberta,2025,,61.2,Canada,96.0
Freie Universitaet Berlin,2025,,60.6,Germany,97.0
Pohang University of Science And Technology (POSTECH),2025,,60.3,South Korea,98.0
RWTH Aachen University,2025,,59.9,Germany,99.0
University of Copenhagen,2025,,59.6,Denmark,100.0
King Fahd University of Petroleum & Minerals,2025,,59.5,Saudi Arabia,101.0
"KIT, Karlsruhe Institute of Technology",2025,,59.4,Germany,102.0
Uppsala University,2025,,59.3,Sweden,103.0
University of St Andrews,2025,,59.2,United Kingdom,104.0
The University of Sheffield,2025,,59.1,United Kingdom,105.0
Utrecht University,2025,,59.1,Netherlands,105.0
Tohoku University,2025,,58.8,Japan,107.0
University of Nottingham,2025,,58.5,United Kingdom,108.0
Boston University,2025,,58.6,United States,108.0
Technical University of Denmark,2025,,58.3,Denmark,109.0
University of Zurich,2025,,58.3,Switzerland,109.0
Politecnico di Milano,2025,,58.2,Italy,111.0
Aalto University,2025,,57.9,Finland,113.0
Georgia Institute of Technology,2025,,57.3,United States,114.0
University of Waterloo,2025,,57.2,Canada,115.0
University of Wisconsin-Madison,2025,,57.1,United States,116.0
University of Helsinki,2025,,56.8,Finland,117.0
Indian Institute of Technology Bombay (IITB),2025,,56.3,India,118.0
University of Oslo,2025,,56.1,Norway,119.0
Queen Mary University of London,2025,,55.8,United Kingdom,120.0
Western University,2025,,55.8,Canada,120.0
Qatar University,2025,,55.7,Qatar,122.0
RMIT University,2025,,55.5,Australia,123.0
Sungkyunkwan University(SKKU),2025,,55.5,South Korea,123.0
University of Southern California,2025,,55.2,United States,125.0
Humboldt-Universität zu Berlin,2025,,55.0,Germany,126.0
University College Dublin,2025,,55.0,Ireland,126.0
Stockholm University,2025,,54.8,Sweden,128.0
Newcastle University,2025,,54.5,United Kingdom,129.0
"University of California, Davis",2025,,54.4,United States,130.0
University of Basel,2025,,54.3,Switzerland,131.0
Sapienza University of Rome,2025,,54.2,Italy,132.0
Alma Mater Studiorum - University of Bologna,2025,,54.1,Italy,133.0
Macquarie University,2025,,54.1,Australia,133.0
University of Science and Technology of China,2025,,54.1,China (Mainland),133.0
Eindhoven University of Technology,2025,,54.0,Netherlands,136.0
University of Vienna,2025,,53.9,Austria,137.0
Universiti Kebangsaan Malaysia (UKM),2025,,53.8,Malaysia,138.0
Chalmers University of Technology,2025,,53.7,Sweden,139.0
Universidad de Chile,2025,,53.7,Chile,139.0
Lancaster University,2025,,53.6,United Kingdom,141.0
Leiden University,2025,,53.6,Netherlands,141.0
Rice University,2025,,53.6,United States,141.0
Aarhus University,2025,,53.3,Denmark,144.0
Nanjing University,2025,,53.0,China (Mainland),145.0
Universiti Sains Malaysia (USM),2025,,52.7,Malaysia,146.0
Technische Universität Berlin (TU Berlin),2025,,52.5,Germany,147.0
Universiti Putra Malaysia (UPM),2025,,52.3,Malaysia,148.0
King Abdulaziz University (KAU),2025,,52.2,Saudi Arabia,149.0
Indian Institute of Technology Delhi (IITD),2025,,52.1,India,150.0
University of Bath,2025,,52.1,United Kingdom,150.0
Michigan State University,2025,,51.9,United States,152.0
Nagoya University,2025,,51.9,Japan,152.0
Texas A&M University,2025,,51.8,United States,154.0
University of Geneva,2025,,51.6,Switzerland,155.0
"University of North Carolina, Chapel Hill",2025,,51.6,United States,155.0
Wageningen University & Research,2025,,51.6,Netherlands,155.0
Erasmus University Rotterdam ,2025,,51.5,Netherlands,158.0
Université de Montréal ,2025,,51.3,Canada,159.0
University of Groningen,2025,,51.3,Netherlands,159.0
University of Bern,2025,,51.2,Switzerland,161.0
Hanyang University,2025,,51.1,South Korea,162.0
Al-Farabi Kazakh National University,2025,,51.0,Kazakhstan,163.0
Complutense University of Madrid,2025,,50.9,Spain,164.0
Universitat de Barcelona,2025,,50.7,Spain,165.0
University of Liverpool,2025,,50.7,United Kingdom,165.0
Kyushu University,2025,,50.3,Japan,167.0
University of Wollongong,2025,,50.3,Australia,167.0
Ghent University,2025,,50.1,Belgium,169.0
The University of Exeter,2025,,50.1,United Kingdom,169.0
University of Cape Town,2025,,50.0,South Africa,171.0
Washington University in St. Louis,2025,,49.9,United States,171.0
University of Reading,2025,,49.9,United Kingdom,172.0
Hokkaido University,2025,,49.8,Japan,173.0
Curtin University,2025,,49.3,Australia,174.0
Universitat Autònoma de Barcelona,2025,,49.2,Spain,175.0
McMaster University,2025,,49.0,Canada,176.0
"University of California, Santa Barbara (UCSB)",2025,,48.9,United States,178.0
"The University of Newcastle, Australia (UON)",2025,,48.7,Australia,179.0
Universidad de los Andes,2025,,48.7,Colombia,179.0
Universiti Teknologi Malaysia ,2025,,48.5,Malaysia,181.0
Waseda University,2025,,48.5,Japan,181.0
Hamad Bin Khalifa University,2025,,48.3,Qatar,183.0
University of York,2025,,48.2,United Kingdom,184.0
Tecnológico de Monterrey,2025,,48.1,Mexico,185.0
Cardiff University,2025,,47.6,United Kingdom,186.0
École Normale Supérieure de Lyon,2025,,47.5,France,187.0
Keio University,2025,,47.4,Japan,188.0
University of Ottawa,2025,,47.3,Canada,189.0
Technische Universität Wien,2025,,47.2,Austria,190.0
Universität Hamburg,2025,,47.1,Germany,191.0
Tongji University,2025,,46.9,China (Mainland),192.0
Queen's University at Kingston,2025,,46.8,Canada,193.0
University of Gothenburg,2025,,46.7,Sweden,194.0
Wuhan University,2025,,46.7,China (Mainland),194.0
Emory University,2025,,46.6,United States,196.0
Deakin University,2025,,46.4,Australia,197.0
Universidad Autónoma de Madrid,2025,,46.3,Spain,198.0
University of Calgary,2025,,46.3,Canada,198.0
Arizona State University,2025,,46.2,United States,200.0
King Saud University,2025,,46.2,Saudi Arabia,200.0
Khalifa University of Science and Technology,2025,,46.1,United Arab Emirates,202.0
Université catholique de Louvain (UCLouvain),2025,,46.0,Belgium,203.0
University of Minnesota Twin Cities,2025,,46.0,United States,203.0
Ecole des Ponts ParisTech,2025,,45.8,France,205.0
Queen's University Belfast,2025,,45.7,United Kingdom,206.0
Universitas Indonesia,2025,,45.7,Indonesia,206.0
The Ohio State University,2025,,45.6,United States,208.0
Tel Aviv University,2025,,45.2,Israel,209.0
National Tsing Hua University,2025,,45.1,Taiwan,210.0
Indian Institute of Science,2025,,45.0,India,211.0
Albert-Ludwigs-Universitaet Freiburg,2025,,44.8,Germany,212.0
Queensland University of Technology (QUT),2025,,44.7,Australia,213.0
University of Otago,2025,,44.4,New Zealand,214.0
National Cheng Kung University (NCKU),2025,,44.2,Taiwan,215.0
University of Florida,2025,,44.2,United States,215.0
La Trobe University,2025,,44.1,Australia,217.0
"University of Maryland, College Park",2025,,44.0,United States,218.0
National Yang Ming Chiao Tung University,2025,,43.9,Taiwan,219.0
Universidad Nacional de Colombia,2025,,43.9,Colombia,219.0
Vrije Universiteit Amsterdam,2025,,43.8,Netherlands,221.0
Eberhard Karls Universität Tübingen,2025,,43.7,Germany,222.0
Indian Institute of Technology Kharagpur (IIT-KGP),2025,,43.7,India,222.0
Friedrich-Alexander-Universität Erlangen-Nürnberg,2025,,43.6,Germany,224.0
Loughborough University,2025,,43.6,United Kingdom,224.0
University of Lausanne,2025,,43.6,Switzerland,224.0
Indian Institute of Technology Madras (IITM),2025,,43.5,India,227.0
Rheinische Friedrich-Wilhelms-Universität Bonn,2025,,43.5,Germany,227.0
Chulalongkorn University,2025,,43.4,Thailand,229.0
Maastricht University ,2025,,43.0,Netherlands,230.0
Universite libre de Bruxelles,2025,,43.0,Belgium,230.0
Universidade Estadual de Campinas (Unicamp),2025,,42.9,Brazil,232.0
University of Twente,2025,,42.7,Netherlands,233.0
Technische Universität Dresden,2025,,42.6,Germany,234.0
University of Waikato,2025,,42.5,New Zealand,235.0
Università di Padova,2025,,42.3,Italy,236.0
University of Aberdeen,2025,,42.3,United Kingdom,236.0
University of Rochester,2025,,42.3,United States,236.0
Gadjah Mada University,2025,,41.8,Indonesia,239.0
Massey University,2025,,41.8,New Zealand,239.0
Politecnico di Torino,2025,,41.7,Italy,241.0
Technical University of Darmstadt,2025,,41.7,Germany,241.0
Dartmouth College,2025,,41.3,United States,243.0
Victoria University of Wellington,2025,,41.2,New Zealand,244.0
University of Macau,2025,,41.1,Macau SAR,245.0
Charles University,2025,,41.0,Czech Republic,246.0
University of Sussex,2025,,41.0,United Kingdom,246.0
Vanderbilt University,2025,,40.8,United States,248.0
University of Navarra,2025,,40.7,Spain,249.0
American University of Beirut (AUB),2025,,40.6,Lebanon,250.0
Taylor's University,2025,,40.5,Malaysia,251.0
Harbin Institute of Technology,2025,,40.3,China (Mainland),252.0
Hong Kong Baptist University,2025,,40.3,Hong Kong SAR,252.0
University of Göttingen,2025,,40.3,Germany,252.0
Griffith University,2025,,40.1,Australia,255.0
Bandung Institute of Technology (ITB),2025,,39.9,Indonesia,256.0
Heriot-Watt University,2025,,39.9,United Kingdom,256.0
University of Warsaw ,2025,,39.8,Poland,258.0
Case Western Reserve University,2025,,39.7,United States,259.0
University of Lisbon ,2025,,39.6,Portugal,260.0
University of Canterbury | Te Whare Wananga o Waitaha,2025,,39.4,New Zealand,261.0
United Arab Emirates University,2025,,39.4,United Arab Emirates,261.0
Indian Institute of Technology Kanpur (IITK),2025,,39.3,India,263.0
Norwegian University of Science And Technology,2025,,39.1,Norway,264.0
UCSI University,2025,,38.8,Malaysia,265.0
Universitat Pompeu Fabra (Barcelona),2025,,38.8,Spain,265.0
University of Antwerp,2025,,38.7,Belgium,267.0
University of Witwatersrand,2025,,38.7,South Africa,267.0
Tianjin University,2025,,38.6,China (Mainland),269.0
Universiti Teknologi PETRONAS (UTP),2025,,38.6,Malaysia,269.0
Beijing Normal University ,2025,,38.5,China (Mainland),271.0
Radboud University ,2025,,38.4,Netherlands,272.0
University College Cork,2025,,38.3,Ireland,273.0
University of Galway,2025,,38.3,Ireland,273.0
Dalhousie University,2025,,38.2,Canada,275.0
University of Massachusetts Amherst,2025,,38.2,United States,275.0
University of Pittsburgh,2025,,38.2,United States,275.0
University of Porto,2025,,38.1,Portugal,278.0
Vrije Universiteit Brussel (VUB),2025,,38.1,Belgium,278.0
Ulsan National Institute of Science and Technology (UNIST),2025,,38.0,South Korea,280.0
The Hebrew University of Jerusalem,2025,,37.9,Israel,281.0
University of Strathclyde,2025,,37.9,United Kingdom,281.0
Université Paris 1 Panthéon-Sorbonne ,2025,,37.5,France,283.0
Southern University of Science and Technology,2025,,37.3,China (Mainland),284.0
Middle East Technical University,2025,,37.2,Turkey,285.0
Universidad Carlos III de Madrid (UC3M),2025,,37.2,Spain,285.0
University of Cologne,2025,,37.2,Germany,285.0
University of Leicester,2025,,37.2,United Kingdom,285.0
University of Milan,2025,,37.2,Italy,285.0
University of Surrey,2025,,37.2,United Kingdom,285.0
Swinburne University of Technology,2025,,37.1,Australia,291.0
University of Bergen,2025,,37.1,Norway,291.0
The University of Arizona,2025,,37.0,United States,293.0
University of Tasmania,2025,,37.0,Australia,293.0
Xian Jiaotong University,2025,,36.9,China (Mainland),295.0
Stellenbosch University,2025,,36.7,South Africa,296.0
University of Virginia,2025,,36.6,United States,297.0
Bauman Moscow State Technical University,2025,,36.5,Russia,298.0
Swansea University,2025,,36.5,United Kingdom,298.0
Huazhong University of Science and Technology,2025,,36.4,China (Mainland),300.0
Georgetown University,2025,,36.3,United States,301.0
Beijing Institute of Technology,2025,,35.9,China (Mainland),302.0
Université Paris Cité,2025,,35.9,France,302.0
Linköping University,2025,,35.8,Sweden,304.0
Universidade Federal do Rio de Janeiro,2025,,35.8,Brazil,304.0
Aalborg University,2025,,35.7,Denmark,306.0
"University of California, Irvine",2025,,35.5,United States,307.0
Airlangga University,2025,,35.3,Indonesia,308.0
Goethe-University Frankfurt am Main,2025,,35.2,Germany,309.0
Universität Innsbruck,2025,,35.2,Austria,309.0
North Carolina State University,2025,,35.1,United States,311.0
Jagiellonian University,2025,,35.0,Poland,312.0
University of Johannesburg,2025,,35.0,South Africa,312.0
Universität Stuttgart,2025,,34.9,Germany,314.0
Quaid-i-Azam University,2025,,34.8,Pakistan,315.0
RUDN University,2025,,34.7,Russia,316.0
Shandong University,2025,,34.7,China (Mainland),316.0
University of Notre Dame,2025,,34.7,United States,316.0
Simon Fraser University,2025,,34.6,Canada,319.0
University of Colorado Boulder,2025,,34.4,United States,320.0
L.N. Gumilyov Eurasian National University (ENU),2025,,34.2,Kazakhstan,321.0
National Technical University of Athens,2025,,34.2,Greece,321.0
Universidad Politécnica de Madrid (UPM),2025,,34.2,Spain,321.0
University of Miami,2025,,34.1,United States,324.0
University of Southern Denmark (SDU),2025,,34.1,Denmark,324.0
Daegu Gyeongbuk Institute of Science and Technology (DGIST),2025,,34.0,South Korea,326.0
Istanbul Technical University,2025,,34.0,Turkey,326.0
Kyung Hee University,2025,,33.8,South Korea,328.0
Rutgers UniversityNew Brunswick,2025,,33.8,United States,328.0
University of Delhi,2025,,33.8,India,328.0
Sun Yat-sen University,2025,,33.7,China (Mainland),331.0
American University of Sharjah,2025,,33.6,United Arab Emirates,332.0
University of East Anglia (UEA),2025,,33.6,United Kingdom,332.0
Université Grenoble Alpes,2025,,33.5,France,334.0
Indian Institute of Technology Roorkee (IITR),2025,,33.4,India,335.0
Flinders University,2025,,33.3,Australia,336.0
Lappeenranta-Lahti University of Technology LUT,2025,,33.3,Finland,336.0
Sichuan University,2025,,33.3,China (Mainland),336.0
University of the Philippines,2025,,33.3,Philippines,336.0
University of Saskatchewan,2025,,33.2,Canada,340.0
University of South Australia,2025,,33.2,Australia,340.0
Brunel University London,2025,,33.0,United Kingdom,342.0
Sharif University of Technology,2025,,33.0,"Iran, Islamic Republic of",342.0
Indian Institute of Technology Guwahati (IITG),2025,,32.9,India,344.0
Tufts University,2025,,32.9,United States,344.0
University of Oulu,2025,,32.9,Finland,344.0
Tilburg University,2025,,32.8,Netherlands,347.0
University of Naples - Federico II,2025,,32.8,Italy,347.0
University of Victoria (UVic),2025,,32.6,Canada,349.0
Cairo University,2025,,32.5,Egypt,350.0
Sciences Po ,2025,,32.5,France,350.0
"City, University of London",2025,,32.4,United Kingdom,352.0
National University of Sciences And Technology (NUST) Islamabad,2025,,32.3,Pakistan,353.0
University of Pretoria,2025,,32.2,South Africa,354.0
Indiana University Bloomington,2025,,32.1,United States,355.0
University of Coimbra,2025,,32.1,Portugal,355.0
University of Luxembourg,2025,,32.1,Luxembourg,355.0
University of Tartu,2025,,32.0,Estonia,358.0
Gwangju Institute of Science and Technology (GIST),2025,,31.9,South Korea,359.0
Pontificia Universidad Católica del Perú,2025,,31.9,Peru,359.0
University of Aveiro,2025,,31.9,Portugal,359.0
Sultan Qaboos University,2025,,31.7,Oman,362.0
Xiamen University,2025,,31.7,China (Mainland),362.0
York University,2025,,31.7,Canada,362.0
Saint Petersburg State University,2025,,31.6,Russia,365.0
University of Illinois at Chicago (UIC),2025,,31.6,United States,365.0
Westfälische Wilhelms-Universität Münster ,2025,,31.5,Germany,367.0
Mahidol University,2025,,31.4,Thailand,368.0
University of Jordan,2025,,31.4,Jordan,368.0
University of Tehran,2025,,31.4,"Iran, Islamic Republic of",368.0
George Washington University,2025,,31.3,United States,371.0
Lincoln University ,2025,,31.3,New Zealand,371.0
Universitat Politècnica de Catalunya · BarcelonaTech (UPC),2025,,31.3,Spain,371.0
University of Turin,2025,,31.3,Italy,371.0
University of Florence,2025,,31.2,Italy,375.0
University of Turku,2025,,31.2,Finland,375.0
Nankai University,2025,,31.1,China (Mainland),377.0
Pontificia Universidad Javeriana,2025,,31.1,Colombia,377.0
University of Tsukuba,2025,,31.1,Japan,377.0
Technische Universität Bergakademie Freiberg,2025,,30.8,Germany,380.0
University of Kent,2025,,30.8,United Kingdom,380.0
University of Pisa,2025,,30.7,Italy,382.0
Anna University,2025,,30.6,India,383.0
 Western Sydney University,2025,,30.5,Australia,384.0
South China University of Technology,2025,,30.4,China (Mainland),385.0
Universiti Brunei Darussalam (UBD),2025,,30.4,Brunei,385.0
Belarusian State University,2025,,30.3,Belarus,387.0
Universidade Nova de Lisboa,2025,,30.2,Portugal,388.0
Università Vita-Salute San Raffaele,2025,,30.1,Italy,389.0
University of Cyprus (UCY),2025,,30.1,Cyprus,389.0
Virginia Polytechnic Institute and State University,2025,,30.1,United States,389.0
National Taiwan University of Science and Technology (Taiwan Tech),2025,,30.0,Taiwan,392.0
National and Kapodistrian University of Athens,2025,,29.9,Greece,393.0
"University of California, Santa Cruz",2025,,29.9,United States,393.0
"University of Rome ""Tor Vergata""",2025,,29.9,Italy,393.0
Northeastern University,2025,,29.7,United States,396.0
Ruhr-Universität Bochum,2025,,29.7,Germany,396.0
Sejong University ,2025,,29.7,South Korea,396.0
Université de Liège,2025,,29.7,Belgium,396.0
University of Southern Queensland ,2025,,29.7,Australia,396.0
Kazan (Volga region) Federal University,2025,,29.6,Russia,401.0
Koç University,2025,,29.6,Turkey,401.0
Amirkabir University of Technology,2025,,29.5,"Iran, Islamic Republic of",403.0
University of Canberra ,2025,,29.5,Australia,403.0
Institut National des Sciences Appliquées de Lyon (INSA),2025,,29.3,France,405.0
Satbayev University,2025,,29.3,Kazakhstan,405.0
USI - Università della Svizzera italiana,2025,,29.3,Switzerland,405.0
"Birkbeck, University of London",2025,,29.1,United Kingdom,408.0
Masaryk University,2025,,29.1,Czech Republic,408.0
HSE University,2025,,29.0,Russia,410.0
The American University in Cairo,2025,,29.0,Egypt,410.0
Auckland University of Technology (AUT),2025,,28.9,New Zealand,412.0
Graz University of Technology,2025,,28.8,Austria,413.0
Yeshiva University,2025,,28.8,United States,413.0
Concordia University,2025,,28.7,Canada,415.0
Oxford Brookes University,2025,,28.6,United Kingdom,416.0
Technion - Israel Institute of Technology,2025,,28.6,Israel,416.0
 University of Dundee,2025,,28.5,United Kingdom,418.0
Bogaziçi University,2025,,28.5,Turkey,418.0
Czech Technical University in Prague,2025,,28.4,Czech Republic,420.0
Dublin City University,2025,,28.3,Ireland,421.0
University of Limerick,2025,,28.3,Ireland,421.0
Aston University,2025,,28.1,United Kingdom,423.0
Université Laval,2025,,28.1,Canada,423.0
National Taipei University of Technology,2025,,28.0,Taiwan,425.0
IPB University (a.k.a. Bogor Agricultural University),2025,,27.9,Indonesia,426.0
Leibniz University Hannover,2025,,27.9,Germany,426.0
Julius-Maximilians-Universität Würzburg,2025,,27.8,Germany,428.0
Southeast University,2025,,27.8,China (Mainland),428.0
University of Science and Technology Beijing,2025,,27.7,China (Mainland),430.0
Central South University,2025,,27.6,China (Mainland),431.0
Tomsk State University,2025,,27.6,Russia,431.0
University of Granada,2025,,27.6,Spain,431.0
University of Sharjah,2025,,27.5,United Arab Emirates,434.0
IE University,2025,,27.4,Spain,435.0
Iran University of Science and Technology,2025,,27.2,"Iran, Islamic Republic of",436.0
Murdoch University,2025,,27.2,Australia,436.0
Universitat Politècnica de València,2025,,27.2,Spain,436.0
Vilnius University ,2025,,27.1,Lithuania,439.0
Singapore University of Technology and Design,2025,,27.0,Singapore,440.0
Università degli Studi di Pavia,2025,,27.0,Italy,440.0
Colorado State University,2025,,26.8,United States,442.0
Novosibirsk State University,2025,,26.8,Russia,442.0
Università Cattolica del Sacro Cuore,2025,,26.8,Italy,442.0
James Cook University,2025,,26.7,Australia,445.0
Justus-Liebig-University Giessen,2025,,26.7,Germany,445.0
Universitat de Valencia,2025,,26.7,Spain,445.0
Dalian University of Technology,2025,,26.6,China (Mainland),448.0
Hunan University ,2025,,26.6,China (Mainland),448.0
Université de Montpellier,2025,,26.6,France,448.0
University of Electronic Science and Technology of China,2025,,26.5,China (Mainland),451.0
Beihang University (former BUAA),2025,,26.4,China (Mainland),452.0
National Taiwan Normal University,2025,,26.4,Taiwan,452.0
University of Kansas,2025,,26.4,United States,452.0
University of Stirling,2025,,26.4,United Kingdom,452.0
Moscow Institute of Physics and Technology (MIPT / Moscow Phystech),2025,,26.3,Russia,456.0
Umea University,2025,,26.3,Sweden,456.0
Université de Strasbourg,2025,,26.3,France,456.0
University of Guelph,2025,,26.3,Canada,456.0
"Stony Brook University, State University of New York",2025,,26.2,United States,460.0
Universidad de Santiago de Chile (USACH),2025,,26.1,Chile,461.0
Tampere University,2025,,26.0,Finland,462.0
Universidad de Sevilla,2025,,26.0,Spain,462.0
Macau University of Science and Technology,2025,,25.9,Macau SAR,464.0
Kobe University,2025,,25.8,Japan,465.0
Universität Konstanz,2025,,25.7,Germany,466.0
Universitat Ramon Llull,2025,,25.7,Spain,466.0
University at Buffalo SUNY,2025,,25.7,United States,466.0
Washington State University,2025,,25.7,United States,466.0
Iowa State University,2025,,25.6,United States,470.0
Ben-Gurion University of The Negev,2025,,25.5,Israel,471.0
"Essex, University of",2025,,25.3,United Kingdom,472.0
Johannes Kepler University Linz,2025,,25.3,Austria,472.0
Bangor University,2025,,25.2,United Kingdom,474.0
Hiroshima University,2025,,25.2,Japan,474.0
Universität Potsdam,2025,,25.2,Germany,474.0
Ajman University,2025,,25.1,United Arab Emirates,477.0
Bilkent University,2025,,25.1,Turkey,477.0
Indian Institute of Technology Indore (IIT Indore),2025,,25.1,India,477.0
Royal Holloway University of London,2025,,25.1,United Kingdom,477.0
Aix-Marseille University,2025,,25.0,France,481.0
Pontificia Universidad Católica Argentina,2025,,25.0,Argentina,481.0
"The University of Tennessee, Knoxville",2025,,25.0,United States,481.0
China Agricultural University ,2025,,24.9,China (Mainland),484.0
American University of Ras Al Khaimah ( AURAK ),2025,,24.8,United Arab Emirates,485.0
National Sun Yat-sen University,2025,,24.8,Taiwan,485.0
Universität Mannheim,2025,,24.7,Germany,487.0
University of Hawai?i at Manoa,2025,,24.6,United States,488.0
Chongqing University,2025,,24.5,China (Mainland),489.0
Chung-Ang University (CAU),2025,,24.5,South Korea,489.0
Isfahan University of Technology,2025,,24.5,"Iran, Islamic Republic of",489.0
Shanghai University,2025,,24.5,China (Mainland),489.0
UNESP,2025,,24.5,Brazil,489.0
University of Jyväskylä,2025,,24.5,Finland,489.0
Central Queensland University (CQUniversity Australia),2025,,24.4,Australia,495.0
Duy Tan University,2025,,24.4,Vietnam,495.0
Jilin University,2025,,24.2,China (Mainland),497.0
National Research Nuclear University MEPhI (Moscow Engineering Physics Institute),2025,,24.2,Russia,497.0
Universidad de Costa Rica,2025,,24.2,Costa Rica,497.0
"University of California, Riverside",2025,,24.2,United States,497.0
Abu Dhabi University,2025,,24.1,United Arab Emirates,501.0
Colorado School of Mines,2025,,24.1,United States,501.0
East China Normal University,2025,,24.1,China (Mainland),501.0
Johannes Gutenberg Universität Mainz,2025,,24.1,Germany,501.0
University of Huddersfield,2025,,24.1,United Kingdom,501.0
University of Delaware,2025,,24.0,United States,506.0
University of Trento,2025,,24.0,Italy,506.0
Aristotle University of Thessaloniki,2025,,23.9,Greece,508.0
Shenzhen University,2025,,23.9,China (Mainland),508.0
SOAS University of London ,2025,,23.9,United Kingdom,508.0
Ewha Womans University,2025,,23.8,South Korea,511.0
Zhengzhou University,2025,,23.8,China (Mainland),511.0
Imam Abdulrahman Bin Faisal University (IAU) (formerly UNIVERSITY OF DAMMAM),2025,,23.7,Saudi Arabia,513.0
Prince Mohammad Bin Fahd university,2025,,23.7,Saudi Arabia,513.0
University of Milano-Bicocca ,2025,,23.7,Italy,513.0
Ateneo de Manila University,2025,,23.6,Philippines,516.0
Edith Cowan University ,2025,,23.6,Australia,516.0
INTI International University,2025,,23.6,Malaysia,516.0
Kyungpook National University,2025,,23.6,South Korea,516.0
Sabanci University,2025,,23.6,Turkey,516.0
University of Hull,2025,,23.6,United Kingdom,516.0
Ural Federal University - UrFU,2025,,23.6,Russia,516.0
Canadian University Dubai,2025,,23.5,United Arab Emirates,523.0
Pusan National University,2025,,23.4,South Korea,524.0
Universidad Austral,2025,,23.4,Argentina,524.0
Universität Jena,2025,,23.3,Germany,526.0
Coventry University,2025,,23.3,United Kingdom,526.0
Missouri University of Science and Technology,2025,,23.2,United States,527.0
Universität Leipzig,2025,,23.2,Germany,527.0
University of Bayreuth,2025,,23.2,Germany,527.0
Warsaw University of Technology,2025,,23.2,Poland,527.0
Indian Institute of Technology (BHU) Varanasi,2025,,23.1,India,531.0
University of Bradford,2025,,23.1,United Kingdom,531.0
University of Utah,2025,,23.1,United States,531.0
Universidad Nacional de La Plata (UNLP),2025,,23.0,Argentina,534.0
Lahore University of Management Sciences (LUMS),2025,,22.9,Pakistan,535.0
Northumbria University at Newcastle,2025,,22.9,United Kingdom,535.0
University of Bordeaux,2025,,22.9,France,535.0
University of Eastern Finland,2025,,22.9,Finland,535.0
Applied Science University - Bahrain,2025,,22.8,Bahrain,539.0
Hitotsubashi University,2025,,22.8,Japan,539.0
Sunway University,2025,,22.8,Malaysia,539.0
Université de Fribourg,2025,,22.8,Switzerland,539.0
University of Salamanca,2025,,22.8,Spain,539.0
Universidad de Zaragoza,2025,,22.7,Spain,544.0
Universidad Pontificia Comillas,2025,,22.7,Spain,544.0
Northwestern Polytechnical University,2025,,22.6,China (Mainland),547.0
Tashkent Institute of Irrigation and Agricultural Mechanization Engineers - National Research University (TIIAME-NRU),2025,,22.6,Uzbekistan,547.0
University of Genoa,2025,,22.6,Italy,547.0
University of Iceland,2025,,22.6,Iceland,547.0
University of Windsor,2025,,22.6,Canada,547.0
University of Tabriz,2025,,22.5,"Iran, Islamic Republic of",552.0
Al Ain University,2025,,22.5,United Arab Emirates,552.0
Hasselt University ,2025,,22.4,Belgium,554.0
Jordan University of Science & Technology,2025,,22.4,Jordan,554.0
Universiti Utara Malaysia (UUM),2025,,22.4,Malaysia,554.0
University of Dhaka,2025,,22.4,Bangladesh,554.0
University Ulm,2025,,22.4,Germany,554.0
Peter the Great St. Petersburg Polytechnic University,2025,,22.3,Russia,559.0
Ulster University,2025,,22.3,United Kingdom,559.0
Umm Al-Qura University ,2025,,22.3,Saudi Arabia,559.0
Université Claude Bernard Lyon 1,2025,,22.2,France,562.0
Universiti Teknologi Brunei,2025,,22.2,Brunei,562.0
Eötvös Loránd University,2025,,22.1,Hungary,564.0
Nanjing University of Science and Technology,2025,,22.0,China (Mainland),565.0
University of Connecticut,2025,,22.0,United States,565.0
Chiang Mai University,2025,,21.9,Thailand,567.0
Lebanese University,2025,,21.9,Lebanon,567.0
MGIMO University,2025,,21.9,Russia,567.0
"University of Chemistry and Technology, Prague",2025,,21.8,Czech Republic,570.0
University of Szeged,2025,,21.8,Hungary,570.0
University of the Punjab,2025,,21.8,Pakistan,570.0
Florida State University,2025,,21.6,United States,573.0
Florida International University,2025,,21.5,United States,574.0
University of Debrecen,2025,,21.5,Hungary,574.0
National Research Tomsk Polytechnic University,2025,,21.4,Russia,576.0
Sogang University,2025,,21.4,South Korea,576.0
Southern Cross University ,2025,,21.4,Australia,576.0
Universidad Adolfo Ibáñez,2025,,21.4,Chile,576.0
Jawaharlal Nehru University,2025,,21.3,India,580.0
Jinan University (China),2025,,21.3,China (Mainland),580.0
Management and Science University,2025,,21.3,Malaysia,580.0
Politecnico di Bari,2025,,21.3,Italy,580.0
Université Paul Sabatier Toulouse III,2025,,21.3,France,580.0
Institut Teknologi Sepuluh Nopember (ITS Surabaya),2025,,21.2,Indonesia,585.0
Singapore Management University,2025,,21.2,Singapore,585.0
Bond University,2025,,21.1,Australia,587.0
Shoolini University of Biotechnology and Management Sciences,2025,,21.1,India,587.0
The University of Georgia,2025,,21.1,United States,587.0
Universiti Teknologi MARA - UiTM,2025,,21.1,Malaysia,587.0
University of Kwazulu-Natal,2025,,21.1,South Africa,587.0
Ain Shams University ,2025,,21.0,Egypt,592.0
Nottingham Trent University,2025,,21.0,United Kingdom,592.0
Universität Bremen,2025,,21.0,Germany,592.0
ITMO University,2025,,20.9,Russia,595.0
Thammasat University,2025,,20.8,Thailand,596.0
Universitas Padjadjaran,2025,,20.8,Indonesia,596.0
University of Iowa,2025,,20.8,United States,596.0
University of Ljubljana,2025,,20.8,Slovenia,596.0
University of Texas Dallas,2025,,20.8,United States,596.0
