year,country,institution,uni_rank,uni_score,score_gap_parent,entered_top100_parent,top_uni_parent
2018,United States,Stanford University,2,98.7,35.4,1,Massachusetts Institute of Technology (MIT) 
2018,United States,Harvard University,3,98.4,35.4,1,Massachusetts Institute of Technology (MIT) 
2018,United States,California Institute of Technology (Caltech),4,97.7,35.4,1,Massachusetts Institute of Technology (MIT) 
2018,United States,University of Chicago,9,93.5,35.4,1,Massachusetts Institute of Technology (MIT) 
2018,United States,Princeton University,13,91.0,35.4,1,Massachusetts Institute of Technology (MIT) 
2018,United States,Cornell University,14,90.7,35.4,1,Massachusetts Institute of Technology (MIT) 
2018,United States,Yale University,16,90.4,35.4,1,Massachusetts Institute of Technology (MIT) 
2018,United States,Johns Hopkins University,17,89.8,35.4,1,Massachusetts Institute of Technology (MIT) 
2018,United States,Columbia University,18,88.9,35.4,1,Massachusetts Institute of Technology (MIT) 
2018,United States,University of Pennsylvania,19,88.7,35.4,1,Massachusetts Institute of Technology (MIT) 
2018,United States,"University of California, Berkeley (UCB)",27,84.9,35.4,1,Massachusetts Institute of Technology (MIT) 
2018,United States,"University of California, Los Angeles (UCLA)",33,83.6,35.4,1,Massachusetts Institute of Technology (MIT) 
2018,United States,New York University (NYU),52,77.3,35.4,1,Massachusetts Institute of Technology (MIT) 
2018,United States,Brown University,53,76.5,35.4,1,Massachusetts Institute of Technology (MIT) 
2018,United States,University of Wisconsin-Madison,55,75.8,35.4,1,Massachusetts Institute of Technology (MIT) 
2018,United States,University of Washington,61,72.9,35.4,1,Massachusetts Institute of Technology (MIT) 
2018,United States,University of Texas at Austin,67,70.6,35.4,1,Massachusetts Institute of Technology (MIT) 
2018,United States,University of Illinois at Urbana-Champaign,69,70.3,35.4,1,Massachusetts Institute of Technology (MIT) 
2018,United States,Georgia Institute of Technology,70,70.1,35.4,1,Massachusetts Institute of Technology (MIT) 
2018,United States,"University of North Carolina, Chapel Hill",80,67.8,35.4,1,Massachusetts Institute of Technology (MIT) 
2018,United States,Boston University,81,67.2,35.4,1,Massachusetts Institute of Technology (MIT) 
2018,United States,The Ohio State University,86,66.1,35.4,1,Massachusetts Institute of Technology (MIT) 
2018,United States,Rice University,89,65.6,35.4,1,Massachusetts Institute of Technology (MIT) 
2018,United States,Washington University in St. Louis,100,64.6,35.4,1,Massachusetts Institute of Technology (MIT) 
2018,United States,Purdue University,105,63.2,35.4,1,Massachusetts Institute of Technology (MIT) 
2018,United States,"University of California, Davis",118,60.4,35.4,1,Massachusetts Institute of Technology (MIT) 
2018,United States,"University of Maryland, College Park",129,58.1,35.4,1,Massachusetts Institute of Technology (MIT) 
2018,United States,University of Southern California,132,57.2,35.4,1,Massachusetts Institute of Technology (MIT) 
2018,United States,"University of California, Santa Barbara (UCSB)",134,56.9,35.4,1,Massachusetts Institute of Technology (MIT) 
2018,United States,University of Minnesota Twin Cities,163,52.2,35.4,1,Massachusetts Institute of Technology (MIT) 
2018,United States,Dartmouth College,169,51.3,35.4,1,Massachusetts Institute of Technology (MIT) 
2018,United States,University of Florida,178,49.8,35.4,1,Massachusetts Institute of Technology (MIT) 
2018,United States,University of Rochester,186,49.3,35.4,1,Massachusetts Institute of Technology (MIT) 
2018,United States,Arizona State University,209,46.7,35.4,1,Massachusetts Institute of Technology (MIT) 
2018,United States,Vanderbilt University,212,46.5,35.4,1,Massachusetts Institute of Technology (MIT) 
2018,United States,Case Western Reserve University,213,46.4,35.4,1,Massachusetts Institute of Technology (MIT) 
2018,United States,University of Notre Dame,216,45.9,35.4,1,Massachusetts Institute of Technology (MIT) 
2018,United States,Georgetown University,227,43.8,35.4,1,Massachusetts Institute of Technology (MIT) 
2018,United States,University of Massachusetts Amherst,249,41.5,35.4,1,Massachusetts Institute of Technology (MIT) 
2018,United States,University of Miami,252,41.2,35.4,1,Massachusetts Institute of Technology (MIT) 
2018,United States,North Carolina State University,263,40.3,35.4,1,Massachusetts Institute of Technology (MIT) 
2018,United States,Indiana University Bloomington,304,37.4,35.4,1,Massachusetts Institute of Technology (MIT) 
2018,United States,University at Buffalo SUNY,318,36.1,35.4,1,Massachusetts Institute of Technology (MIT) 
2018,United States,"University of Colorado, Denver ",394,30.8,35.4,1,Massachusetts Institute of Technology (MIT) 
2018,United Kingdom,University of Oxford,6,95.3,31.0,1,University of Cambridge
2018,United Kingdom,UCL,7,94.6,31.0,1,University of Cambridge
2018,United Kingdom,Imperial College London,8,93.7,31.0,1,University of Cambridge
2018,United Kingdom,The University of Manchester,34,83.0,31.0,1,University of Cambridge
2018,United Kingdom,The London School of Economics and Political Science (LSE),35,81.8,31.0,1,University of Cambridge
2018,United Kingdom,University of Bristol,44,79.5,31.0,1,University of Cambridge
2018,United Kingdom,The University of Warwick,57,74.4,31.0,1,University of Cambridge
2018,United Kingdom,University of Glasgow,65,71.6,31.0,1,University of Cambridge
2018,United Kingdom,University of St Andrews,92,65.3,31.0,1,University of Cambridge
2018,United Kingdom,University of Leeds,101,64.5,31.0,1,University of Cambridge
2018,United Kingdom,Queen Mary University of London,127,58.3,31.0,1,University of Cambridge
2018,United Kingdom,University of Bath,160,52.6,31.0,1,University of Cambridge
2018,United Kingdom,Queen's University Belfast,202,47.4,31.0,1,University of Cambridge
2018,United Kingdom,University of Sussex,228,43.7,31.0,1,University of Cambridge
2018,United Kingdom,Loughborough University,234,43.1,31.0,1,University of Cambridge
2018,United Kingdom,University of Leicester,238,42.8,31.0,1,University of Cambridge
2018,United Kingdom,University of East Anglia (UEA),274,39.5,31.0,1,University of Cambridge
2018,United Kingdom,Heriot-Watt University,312,36.6,31.0,1,University of Cambridge
2018,United Kingdom,"City, University of London",343,34.2,31.0,1,University of Cambridge
2018,Switzerland,EPFL,12,91.2,28.7,1,ETH Zurich - Swiss Federal Institute of Technology
2018,Switzerland,University of Lausanne,146,54.5,28.7,1,ETH Zurich - Swiss Federal Institute of Technology
2018,Switzerland,University of Bern,167,51.9,28.7,1,ETH Zurich - Swiss Federal Institute of Technology
2018,Switzerland,University of St.Gallen (HSG),372,32.8,28.7,1,ETH Zurich - Swiss Federal Institute of Technology
2018,Singapore,National University of Singapore (NUS),15,90.5,27.6,1,"Nanyang Technological University, Singapore (NTU)"
2018,Australia,The University of New South Wales (UNSW Sydney),45,78.9,22.5,1,The Australian National University
2018,Australia,The University of Sydney,50,78.0,22.5,1,The Australian National University
2018,Australia,Monash University,60,73.1,22.5,1,The Australian National University
2018,Australia,University of Technology Sydney,176,50.1,22.5,1,The Australian National University
2018,Australia,University of Wollongong,232,43.3,22.5,1,The Australian National University
2018,Australia,Curtin University,262,40.4,22.5,1,The Australian National University
2018,Australia,University of Tasmania,313,36.5,22.5,1,The Australian National University
2018,Australia,La Trobe University,360,33.2,22.5,1,The Australian National University
2018,China (Mainland),Fudan University,40,80.6,21.0,1,Tsinghua University
2018,China (Mainland),Shanghai Jiao Tong University,62,72.5,21.0,1,Tsinghua University
2018,China (Mainland),Zhejiang University,87,65.9,21.0,1,Tsinghua University
2018,China (Mainland),University of Science and Technology of China,97,64.9,21.0,1,Tsinghua University
2018,China (Mainland),Wuhan University,282,38.8,21.0,1,Tsinghua University
2018,Hong Kong SAR,The Hong Kong University of Science and Technology,30,84.3,20.9,1,The University of Hong Kong
2018,Hong Kong SAR,The Chinese University of Hong Kong (CUHK),46,78.8,20.9,1,The University of Hong Kong
2018,Hong Kong SAR,City University of Hong Kong,49,78.4,20.9,1,The University of Hong Kong
2018,Canada,McGill University,32,83.9,19.4,1,University of Toronto
2018,Canada,University of British Columbia,51,77.9,19.4,1,University of Toronto
2018,Canada,Université de Montréal ,130,57.7,19.4,1,University of Toronto
2018,Canada,McMaster University,140,55.8,19.4,1,University of Toronto
2018,Canada,University of Waterloo,152,53.7,19.4,1,University of Toronto
2018,Canada,University of Calgary,217,45.8,19.4,1,University of Toronto
2018,Canada,Université Laval,378,32.4,19.4,1,University of Toronto
2018,France,Ecole Polytechnique,59,74.0,15.3,1,"Ecole normale supérieure, Paris"
2018,France,Université Pierre et Marie Curie (UPMC),131,57.5,15.3,1,"Ecole normale supérieure, Paris"
2018,France,École Normale Supérieure de Lyon,157,52.8,15.3,1,"Ecole normale supérieure, Paris"
2018,France,CentraleSupélec,177,50.0,15.3,1,"Ecole normale supérieure, Paris"
2018,France,Sciences Po ,220,45.2,15.3,1,"Ecole normale supérieure, Paris"
2018,France,Université Paris-Saclay,242,42.3,15.3,1,"Ecole normale supérieure, Paris"
2018,France,Université Paris 1 Panthéon-Sorbonne ,269,40.0,15.3,1,"Ecole normale supérieure, Paris"
2018,France,Université de Strasbourg,303,37.5,15.3,1,"Ecole normale supérieure, Paris"
2018,France,ENS Paris-Saclay,330,35.4,15.3,1,"Ecole normale supérieure, Paris"
2018,France,Université de Montpellier,381,32.0,15.3,1,"Ecole normale supérieure, Paris"
2018,Netherlands,University of Amsterdam,58,74.3,11.5,1,Delft University of Technology
2018,Netherlands,Eindhoven University of Technology,104,63.6,11.5,1,Delft University of Technology
2018,Netherlands,University of Groningen,113,61.3,11.5,1,Delft University of Technology
2018,Netherlands,Wageningen University & Research,124,58.7,11.5,1,Delft University of Technology
2018,Netherlands,Maastricht University ,200,47.9,11.5,1,Delft University of Technology
2018,Netherlands,Radboud University ,204,47.1,11.5,1,Delft University of Technology
2018,Netherlands,Vrije Universiteit Amsterdam,218,45.6,11.5,1,Delft University of Technology
2018,Japan,Osaka University,63,72.1,10.2,1,Tokyo Institute of Technology (Tokyo Tech)
2018,Japan,Kyushu University,128,58.2,10.2,1,Tokyo Institute of Technology (Tokyo Tech)
2018,Japan,Waseda University,203,47.2,10.2,1,Tokyo Institute of Technology (Tokyo Tech)
2018,Japan,Hiroshima University,322,35.8,10.2,1,Tokyo Institute of Technology (Tokyo Tech)
2018,Japan,Kobe University,351,33.6,10.2,1,Tokyo Institute of Technology (Tokyo Tech)
2018,Germany,Ludwig-Maximilians-Universität München,66,70.8,7.4,1,Technical University of Munich
2018,Germany,Ruprecht-Karls-Universität Heidelberg,68,70.4,7.4,1,Technical University of Munich
2018,Germany,"KIT, Karlsruhe Institute of Technology",107,61.9,7.4,1,Technical University of Munich
2018,Germany,Humboldt-Universität zu Berlin,120,59.2,7.4,1,Technical University of Munich
2018,Germany,RWTH Aachen University,141,55.6,7.4,1,Technical University of Munich
2018,Germany,Technische Universität Berlin (TU Berlin),144,55.2,7.4,1,Technical University of Munich
2018,Germany,Albert-Ludwigs-Universitaet Freiburg,171,50.8,7.4,1,Technical University of Munich
2018,Germany,University of Göttingen,181,49.6,7.4,1,Technical University of Munich
2018,Germany,Universität Hamburg,223,44.2,7.4,1,Technical University of Munich
2018,Germany,Rheinische Friedrich-Wilhelms-Universität Bonn,239,42.6,7.4,1,Technical University of Munich
2018,Germany,Universität Konstanz,385,31.5,7.4,1,Technical University of Munich
2018,Argentina,Universidad de Belgrano,337,34.9,4.5,1,Universidad de Buenos Aires (UBA)
2018,Ireland,University College Dublin,168,51.5,1.1,1,"Trinity College Dublin, The University of Dublin"
2018,South Korea,Sungkyunkwan University(SKKU),108,61.6,-2.3,0,Yonsei University
2018,South Korea,Hanyang University,155,53.2,-2.3,0,Yonsei University
2018,South Korea,HUFS - Hankuk (Korea) University of Foreign Studies ,397,30.6,-2.3,0,Yonsei University
2018,Sweden,Chalmers University of Technology,133,57.1,-3.2,0,Uppsala University
2018,Sweden,Umea University,338,34.8,-3.2,0,Uppsala University
2018,Denmark,Aalborg University,379,32.2,-5.3,0,Aarhus University
2018,Denmark,University of Southern Denmark (SDU),384,31.6,-5.3,0,Aarhus University
2018,Brazil,Universidade Federal do Rio de Janeiro,311,36.7,-5.5,0,Universidade de São Paulo
2018,New Zealand,University of Canterbury,214,46.3,-10.4,0,University of Otago
2018,New Zealand,Victoria University of Wellington,219,45.5,-10.4,0,University of Otago
2018,New Zealand,University of Waikato,292,38.1,-10.4,0,University of Otago
2018,Austria,Universität Innsbruck,286,38.5,-11.3,0,University of Vienna
2018,Spain,Universidad Autónoma de Madrid,187,49.2,-11.7,0,Universitat de Barcelona
2018,Spain,Complutense University of Madrid,233,43.2,-11.7,0,Universitat de Barcelona
2018,Spain,Universitat Politècnica de Catalunya · BarcelonaTech (UPC),275,39.4,-11.7,0,Universitat de Barcelona
2018,Spain,Universidad Carlos III de Madrid (UC3M),281,38.9,-11.7,0,Universitat de Barcelona
2018,Italy,Sapienza University of Rome,215,46.1,-13.7,0,Politecnico di Milano
2018,Italy,Politecnico di Torino,307,37.0,-13.7,0,Politecnico di Milano
2018,India,Indian Institute of Science,190,49.0,-13.9,0,Indian Institute of Technology Delhi (IITD)
2018,Taiwan,National Yang Ming University,329,35.5,-20.3,0,National Cheng Kung University (NCKU)
2018,Malaysia,Universiti Teknologi Malaysia ,253,41.1,-21.0,0,Universiti Putra Malaysia (UPM)
2018,Finland,Tampere University of Technology ,380,32.1,-25.3,0,University of Turku
2019,United States,Stanford University,2,98.6,39.7,1,Massachusetts Institute of Technology (MIT) 
2019,United States,Harvard University,3,98.5,39.7,1,Massachusetts Institute of Technology (MIT) 
2019,United States,California Institute of Technology (Caltech),4,97.2,39.7,1,Massachusetts Institute of Technology (MIT) 
2019,United States,University of Chicago,9,93.2,39.7,1,Massachusetts Institute of Technology (MIT) 
2019,United States,Princeton University,13,90.9,39.7,1,Massachusetts Institute of Technology (MIT) 
2019,United States,Cornell University,14,90.5,39.7,1,Massachusetts Institute of Technology (MIT) 
2019,United States,Yale University,15,89.6,39.7,1,Massachusetts Institute of Technology (MIT) 
2019,United States,Columbia University,16,88.5,39.7,1,Massachusetts Institute of Technology (MIT) 
2019,United States,University of Pennsylvania,19,86.5,39.7,1,Massachusetts Institute of Technology (MIT) 
2019,United States,University of Michigan-Ann Arbor,20,86.4,39.7,1,Massachusetts Institute of Technology (MIT) 
2019,United States,Johns Hopkins University,21,85.9,39.7,1,Massachusetts Institute of Technology (MIT) 
2019,United States,Duke University,26,83.9,39.7,1,Massachusetts Institute of Technology (MIT) 
2019,United States,"University of California, Berkeley (UCB)",27,83.2,39.7,1,Massachusetts Institute of Technology (MIT) 
2019,United States,"University of California, Los Angeles (UCLA)",32,81.9,39.7,1,Massachusetts Institute of Technology (MIT) 
2019,United States,Northwestern University,34,81.5,39.7,1,Massachusetts Institute of Technology (MIT) 
2019,United States,"University of California, San Diego (UCSD)",41,78.6,39.7,1,Massachusetts Institute of Technology (MIT) 
2019,United States,New York University (NYU),43,77.7,39.7,1,Massachusetts Institute of Technology (MIT) 
2019,United States,Carnegie Mellon University,46,76.6,39.7,1,Massachusetts Institute of Technology (MIT) 
2019,United States,University of Wisconsin-Madison,53,73.2,39.7,1,Massachusetts Institute of Technology (MIT) 
2019,United States,Brown University,56,72.0,39.7,1,Massachusetts Institute of Technology (MIT) 
2019,United States,University of Texas at Austin,63,68.7,39.7,1,Massachusetts Institute of Technology (MIT) 
2019,United States,University of Washington,66,67.8,39.7,1,Massachusetts Institute of Technology (MIT) 
2019,United States,University of Illinois at Urbana-Champaign,71,67.0,39.7,1,Massachusetts Institute of Technology (MIT) 
2019,United States,The Ohio State University,89,62.4,39.7,1,Massachusetts Institute of Technology (MIT) 
2019,United States,Pennsylvania State University,95,61.9,39.7,1,Massachusetts Institute of Technology (MIT) 
2019,United States,University of Southern California,115,56.2,39.7,1,Massachusetts Institute of Technology (MIT) 
2019,United States,University of Pittsburgh,136,51.8,39.7,1,Massachusetts Institute of Technology (MIT) 
2019,United States,Emory University,148,49.6,39.7,1,Massachusetts Institute of Technology (MIT) 
2019,United States,"University of California, Irvine",169,47.5,39.7,1,Massachusetts Institute of Technology (MIT) 
2019,United States,Dartmouth College,183,45.8,39.7,1,Massachusetts Institute of Technology (MIT) 
2019,United States,University of Colorado Boulder,190,45.0,39.7,1,Massachusetts Institute of Technology (MIT) 
2019,United States,University of Virginia,192,44.8,39.7,1,Massachusetts Institute of Technology (MIT) 
2019,United States,Texas A&M University,203,43.5,39.7,1,Massachusetts Institute of Technology (MIT) 
2019,United States,Georgetown University,226,40.8,39.7,1,Massachusetts Institute of Technology (MIT) 
2019,United States,The University of Arizona,246,38.5,39.7,1,Massachusetts Institute of Technology (MIT) 
2019,United States,University of Massachusetts Amherst,259,37.3,39.7,1,Massachusetts Institute of Technology (MIT) 
2019,United States,"Stony Brook University, State University of New York",349,31.2,39.7,1,Massachusetts Institute of Technology (MIT) 
2019,United States,"The University of Tennessee, Knoxville",419,27.2,39.7,1,Massachusetts Institute of Technology (MIT) 
2019,United States,The University of Georgia,431,26.7,39.7,1,Massachusetts Institute of Technology (MIT) 
2019,United States,University of New Mexico,494,23.8,39.7,1,Massachusetts Institute of Technology (MIT) 
2019,United Kingdom,University of Cambridge,6,95.6,36.5,1,University of Oxford
2019,United Kingdom,Imperial College London,8,93.3,36.5,1,University of Oxford
2019,United Kingdom,UCL,10,92.9,36.5,1,University of Oxford
2019,United Kingdom,The University of Edinburgh,18,86.9,36.5,1,University of Oxford
2019,United Kingdom,The University of Manchester,29,82.9,36.5,1,University of Oxford
2019,United Kingdom,King's College London,31,82.5,36.5,1,University of Oxford
2019,United Kingdom,The London School of Economics and Political Science (LSE),38,80.2,36.5,1,University of Oxford
2019,United Kingdom,University of Bristol,51,74.9,36.5,1,University of Oxford
2019,United Kingdom,The University of Warwick,54,72.9,36.5,1,University of Oxford
2019,United Kingdom,Durham University,74,65.7,36.5,1,University of Oxford
2019,United Kingdom,University of Nottingham,82,63.1,36.5,1,University of Oxford
2019,United Kingdom,University of Southampton,96,61.6,36.5,1,University of Oxford
2019,United Kingdom,University of St Andrews,97,61.4,36.5,1,University of Oxford
2019,United Kingdom,Queen Mary University of London,119,55.4,36.5,1,University of Oxford
2019,United Kingdom,Lancaster University,131,53.0,36.5,1,University of Oxford
2019,United Kingdom,University of York,134,52.4,36.5,1,University of Oxford
2019,United Kingdom,Cardiff University,145,50.3,36.5,1,University of Oxford
2019,United Kingdom,University of Bath,158,48.6,36.5,1,University of Oxford
2019,United Kingdom,University of Liverpool,164,47.9,36.5,1,University of Oxford
2019,United Kingdom,University of Sussex,227,40.7,36.5,1,University of Oxford
2019,United Kingdom,Royal Holloway University of London,236,39.1,36.5,1,University of Oxford
2019,United Kingdom,University of Surrey,248,38.3,36.5,1,University of Oxford
2019,United Kingdom,University of Strathclyde,268,36.6,36.5,1,University of Oxford
2019,United Kingdom,SOAS University of London ,288,35.1,36.5,1,University of Oxford
2019,United Kingdom,"City, University of London",351,31.0,36.5,1,University of Oxford
2019,United Kingdom,"Goldsmiths, University of London",396,28.3,36.5,1,University of Oxford
2019,Switzerland,EPFL,22,85.8,35.0,1,ETH Zurich - Swiss Federal Institute of Technology
2019,Switzerland,University of Zurich,78,63.6,35.0,1,ETH Zurich - Swiss Federal Institute of Technology
2019,Switzerland,University of Geneva,108,58.4,35.0,1,ETH Zurich - Swiss Federal Institute of Technology
2019,Switzerland,University of Bern,139,51.1,35.0,1,ETH Zurich - Swiss Federal Institute of Technology
2019,Switzerland,University of St.Gallen (HSG),375,29.3,35.0,1,ETH Zurich - Swiss Federal Institute of Technology
2019,Singapore,"Nanyang Technological University, Singapore (NTU)",12,91.3,31.7,1,National University of Singapore (NUS)
2019,China (Mainland),Peking University,30,82.6,26.9,1,Tsinghua University
2019,China (Mainland),Fudan University,44,77.6,26.9,1,Tsinghua University
2019,China (Mainland),Zhejiang University,68,67.5,26.9,1,Tsinghua University
2019,China (Mainland),University of Science and Technology of China,98,60.8,26.9,1,Tsinghua University
2019,China (Mainland),Tongji University,291,34.9,26.9,1,Tsinghua University
2019,China (Mainland),Jilin University,475,24.8,26.9,1,Tsinghua University
2019,Japan,Kyoto University,35,81.2,25.0,1,The University of Tokyo
2019,Japan,Tokyo Institute of Technology (Tokyo Tech),58,71.0,25.0,1,The University of Tokyo
2019,Japan,Osaka University,67,67.7,25.0,1,The University of Tokyo
2019,Japan,Tohoku University,77,64.3,25.0,1,The University of Tokyo
2019,Japan,Nagoya University,111,57.3,25.0,1,The University of Tokyo
2019,Japan,Keio University,198,44.1,25.0,1,The University of Tokyo
2019,Japan,Yokohama City University,460,25.4,25.0,1,The University of Tokyo
2019,Australia,The University of Melbourne,39,80.1,24.1,1,The Australian National University
2019,Australia,The University of Sydney,42,78.3,24.1,1,The Australian National University
2019,Australia,The University of New South Wales (UNSW Sydney),45,77.0,24.1,1,The Australian National University
2019,Australia,The University of Queensland,48,75.7,24.1,1,The Australian National University
2019,Australia,The University of Western Australia,91,62.2,24.1,1,The Australian National University
2019,Australia,The University of Adelaide,114,56.6,24.1,1,The Australian National University
2019,Australia,University of Tasmania,287,35.2,24.1,1,The Australian National University
2019,Australia,Deakin University,309,34.0,24.1,1,The Australian National University
2019,Hong Kong SAR,The Hong Kong University of Science and Technology,37,80.5,24.0,1,The University of Hong Kong
2019,Hong Kong SAR,The Chinese University of Hong Kong (CUHK),49,75.6,24.0,1,The University of Hong Kong
2019,Hong Kong SAR,City University of Hong Kong,55,72.1,24.0,1,The University of Hong Kong
2019,Hong Kong SAR,The Hong Kong Polytechnic University,106,59.1,24.0,1,The University of Hong Kong
2019,Canada,McGill University,33,81.7,22.7,1,University of Toronto
2019,Canada,University of British Columbia,47,75.8,22.7,1,University of Toronto
2019,Canada,University of Alberta,109,58.1,22.7,1,University of Toronto
2019,Canada,McMaster University,146,50.1,22.7,1,University of Toronto
2019,Canada,University of Calgary,229,40.4,22.7,1,University of Toronto
2019,South Korea,KAIST - Korea Advanced Institute of Science & Technology,40,78.7,20.3,1,Seoul National University
2019,South Korea,Korea University,86,62.7,20.3,1,Seoul National University
2019,South Korea,Yonsei University,107,58.9,20.3,1,Seoul National University
2019,France,Ecole Polytechnique,65,67.9,14.8,1,Université PSL
2019,France,CentraleSupélec,137,51.5,14.8,1,Université PSL
2019,France,École Normale Supérieure de Lyon,153,49.2,14.8,1,Université PSL
2019,France,Ecole des Ponts ParisTech,263,37.0,14.8,1,Université PSL
2019,France,ENS Paris-Saclay,305,34.3,14.8,1,Université PSL
2019,France,Université de Strasbourg,348,31.3,14.8,1,Université PSL
2019,Netherlands,University of Amsterdam,57,71.1,13.0,1,Delft University of Technology
2019,Netherlands,Eindhoven University of Technology,99,59.8,13.0,1,Delft University of Technology
2019,Netherlands,University of Groningen,120,55.2,13.0,1,Delft University of Technology
2019,Netherlands,Utrecht University,124,54.5,13.0,1,Delft University of Technology
2019,Netherlands,Wageningen University & Research,125,54.4,13.0,1,Delft University of Technology
2019,Netherlands,Erasmus University Rotterdam ,179,46.1,13.0,1,Delft University of Technology
2019,Netherlands,Maastricht University ,211,42.5,13.0,1,Delft University of Technology
2019,Germany,Ludwig-Maximilians-Universität München,62,69.4,9.7,1,Technical University of Munich
2019,Germany,Ruprecht-Karls-Universität Heidelberg,64,68.0,9.7,1,Technical University of Munich
2019,Germany,"KIT, Karlsruhe Institute of Technology",116,55.9,9.7,1,Technical University of Munich
2019,Germany,Humboldt-Universität zu Berlin,121,55.1,9.7,1,Technical University of Munich
2019,Germany,Freie Universitaet Berlin,130,53.4,9.7,1,Technical University of Munich
2019,Germany,RWTH Aachen University,144,50.4,9.7,1,Technical University of Munich
2019,Germany,Technische Universität Berlin (TU Berlin),147,49.9,9.7,1,Technical University of Munich
2019,Germany,Eberhard Karls Universität Tübingen,168,47.6,9.7,1,Technical University of Munich
2019,Germany,Technische Universität Dresden,191,44.9,9.7,1,Technical University of Munich
2019,Germany,University of Göttingen,197,44.3,9.7,1,Technical University of Munich
2019,Germany,Rheinische Friedrich-Wilhelms-Universität Bonn,255,37.7,9.7,1,Technical University of Munich
2019,Germany,Ruhr-Universität Bochum,372,29.6,9.7,1,Technical University of Munich
2019,Taiwan,National Cheng Kung University (NCKU),234,39.4,6.0,1,National Taiwan University (NTU)
2019,Taiwan,National Taiwan Normal University,308,34.1,6.0,1,National Taiwan University (NTU)
2019,Taiwan,Taipei Medical University (TMU),362,30.2,6.0,1,National Taiwan University (NTU)
2019,Belgium,Ghent University,138,51.3,3.1,1,KU Leuven
2019,Belgium,Université catholique de Louvain (UCLouvain),165,47.9,3.1,1,KU Leuven
2019,Belgium,Vrije Universiteit Brussel (VUB),188,45.2,3.1,1,KU Leuven
2019,New Zealand,University of Waikato,274,36.0,2.5,1,The University of Auckland
2019,Russia,Saint Petersburg State University,235,39.2,2.0,1,Lomonosov Moscow State University
2019,Russia,Moscow Institute of Physics and Technology (MIPT / Moscow Phystech),312,33.6,2.0,1,Lomonosov Moscow State University
2019,Russia,Peter the Great St. Petersburg Polytechnic University,404,28.0,2.0,1,Lomonosov Moscow State University
2019,Sweden,Uppsala University,117,55.8,1.8,1,Lund University
2019,Finland,Aalto University,140,50.8,-2.4,0,University of Helsinki
2019,Finland,Tampere University of Technology ,366,30.0,-2.4,0,University of Helsinki
2019,Mexico,Tecnológico de Monterrey,178,46.2,-3.5,0,Universidad Nacional Autónoma de México  (UNAM)
2019,Brazil,Universidade Federal do Rio de Janeiro,361,30.3,-4.8,0,Universidade de São Paulo
2019,Norway,University of Bergen,171,46.8,-8.4,0,University of Oslo
2019,Spain,Universitat de Barcelona,166,47.8,-11.8,0,Universidad Autónoma de Madrid
2019,Spain,Complutense University of Madrid,206,43.2,-11.8,0,Universidad Autónoma de Madrid
2019,Spain,Universitat Pompeu Fabra (Barcelona),298,34.6,-11.8,0,Universidad Autónoma de Madrid
2019,India,Indian Institute of Science,170,47.1,-12.1,0,Indian Institute of Technology Bombay (IITB)
2019,India,University of Delhi,487,24.2,-12.1,0,Indian Institute of Technology Bombay (IITB)
2019,Italy,Sapienza University of Rome,217,41.8,-12.6,0,Sant'Anna - Scuola Universitaria Superiore Pisa
2019,Italy,Università di Padova,249,38.2,-12.6,0,Sant'Anna - Scuola Universitaria Superiore Pisa
2019,Italy,University of Milan,325,32.5,-12.6,0,Sant'Anna - Scuola Universitaria Superiore Pisa
2019,Saudi Arabia,King Saud University,256,37.6,-15.2,0,King Fahd University of Petroleum & Minerals
2019,Malaysia,Universiti Sains Malaysia (USM),207,43.0,-16.5,0,Universiti Putra Malaysia (UPM)
2019,Malaysia,Universiti Teknologi Malaysia ,228,40.5,-16.5,0,Universiti Putra Malaysia (UPM)
2019,Kazakhstan,Auezov South Kazakhstan University (SKU),480,24.5,-19.0,0,Al-Farabi Kazakh National University
2019,Israel,Technion - Israel Institute of Technology,247,38.4,-20.0,0,Tel Aviv University
2019,Thailand,Mahidol University,380,29.1,-24.0,0,Chulalongkorn University
2020,United States,Stanford University,2,98.4,40.1,1,Massachusetts Institute of Technology (MIT) 
2020,United States,Harvard University,3,97.4,40.1,1,Massachusetts Institute of Technology (MIT) 
2020,United States,California Institute of Technology (Caltech),5,96.9,40.1,1,Massachusetts Institute of Technology (MIT) 
2020,United States,University of Chicago,10,92.0,40.1,1,Massachusetts Institute of Technology (MIT) 
2020,United States,Princeton University,13,90.9,40.1,1,Massachusetts Institute of Technology (MIT) 
2020,United States,Cornell University,14,89.3,40.1,1,Massachusetts Institute of Technology (MIT) 
2020,United States,University of Pennsylvania,15,88.9,40.1,1,Massachusetts Institute of Technology (MIT) 
2020,United States,Yale University,17,87.7,40.1,1,Massachusetts Institute of Technology (MIT) 
2020,United States,Columbia University,18,87.4,40.1,1,Massachusetts Institute of Technology (MIT) 
2020,United States,University of Michigan-Ann Arbor,21,86.0,40.1,1,Massachusetts Institute of Technology (MIT) 
2020,United States,Johns Hopkins University,24,83.9,40.1,1,Massachusetts Institute of Technology (MIT) 
2020,United States,Duke University,25,83.8,40.1,1,Massachusetts Institute of Technology (MIT) 
2020,United States,"University of California, Berkeley (UCB)",28,82.6,40.1,1,Massachusetts Institute of Technology (MIT) 
2020,United States,Northwestern University,31,81.5,40.1,1,Massachusetts Institute of Technology (MIT) 
2020,United States,"University of California, Los Angeles (UCLA)",35,80.4,40.1,1,Massachusetts Institute of Technology (MIT) 
2020,United States,New York University (NYU),39,78.8,40.1,1,Massachusetts Institute of Technology (MIT) 
2020,United States,"University of California, San Diego (UCSD)",45,76.6,40.1,1,Massachusetts Institute of Technology (MIT) 
2020,United States,Carnegie Mellon University,48,74.8,40.1,1,Massachusetts Institute of Technology (MIT) 
2020,United States,University of Wisconsin-Madison,56,71.8,40.1,1,Massachusetts Institute of Technology (MIT) 
2020,United States,Brown University,57,71.5,40.1,1,Massachusetts Institute of Technology (MIT) 
2020,United States,University of Texas at Austin,65,68.6,40.1,1,Massachusetts Institute of Technology (MIT) 
2020,United States,University of Washington,68,67.9,40.1,1,Massachusetts Institute of Technology (MIT) 
2020,United States,Georgia Institute of Technology,72,66.2,40.1,1,Massachusetts Institute of Technology (MIT) 
2020,United States,University of Illinois at Urbana-Champaign,75,65.9,40.1,1,Massachusetts Institute of Technology (MIT) 
2020,United States,Rice University,85,63.1,40.1,1,Massachusetts Institute of Technology (MIT) 
2020,United States,"University of North Carolina, Chapel Hill",90,62.2,40.1,1,Massachusetts Institute of Technology (MIT) 
2020,United States,Pennsylvania State University,93,61.7,40.1,1,Massachusetts Institute of Technology (MIT) 
2020,United States,Boston University,98,60.5,40.1,1,Massachusetts Institute of Technology (MIT) 
2020,United States,The Ohio State University,101,59.5,40.1,1,Massachusetts Institute of Technology (MIT) 
2020,United States,"University of California, Davis",104,58.7,40.1,1,Massachusetts Institute of Technology (MIT) 
2020,United States,Washington University in St. Louis,108,58.3,40.1,1,Massachusetts Institute of Technology (MIT) 
2020,United States,Purdue University,111,57.8,40.1,1,Massachusetts Institute of Technology (MIT) 
2020,United States,University of Southern California,129,53.1,40.1,1,Massachusetts Institute of Technology (MIT) 
2020,United States,"University of California, Santa Barbara (UCSB)",135,52.3,40.1,1,Massachusetts Institute of Technology (MIT) 
2020,United States,"University of Maryland, College Park",136,52.1,40.1,1,Massachusetts Institute of Technology (MIT) 
2020,United States,University of Pittsburgh,140,51.2,40.1,1,Massachusetts Institute of Technology (MIT) 
2020,United States,Michigan State University,144,51.1,40.1,1,Massachusetts Institute of Technology (MIT) 
2020,United States,Emory University,156,48.6,40.1,1,Massachusetts Institute of Technology (MIT) 
2020,United States,University of Minnesota Twin Cities,156,48.6,40.1,1,Massachusetts Institute of Technology (MIT) 
2020,United States,University of Florida,167,47.7,40.1,1,Massachusetts Institute of Technology (MIT) 
2020,United States,University of Rochester,170,47.3,40.1,1,Massachusetts Institute of Technology (MIT) 
2020,United States,Texas A&M University,189,45.0,40.1,1,Massachusetts Institute of Technology (MIT) 
2020,United States,University of Virginia,198,44.1,40.1,1,Massachusetts Institute of Technology (MIT) 
2020,United States,Vanderbilt University,200,44.0,40.1,1,Massachusetts Institute of Technology (MIT) 
2020,United States,University of Colorado Boulder,206,43.2,40.1,1,Massachusetts Institute of Technology (MIT) 
2020,United States,Dartmouth College,207,43.1,40.1,1,Massachusetts Institute of Technology (MIT) 
2020,United States,University of Notre Dame,210,42.9,40.1,1,Massachusetts Institute of Technology (MIT) 
2020,United States,Arizona State University,215,42.0,40.1,1,Massachusetts Institute of Technology (MIT) 
2020,United States,"University of California, Irvine",219,41.3,40.1,1,Massachusetts Institute of Technology (MIT) 
2020,United States,Georgetown University,226,40.1,40.1,1,Massachusetts Institute of Technology (MIT) 
2020,United States,University of Illinois at Chicago (UIC),231,39.8,40.1,1,Massachusetts Institute of Technology (MIT) 
2020,United States,Tufts University,253,37.5,40.1,1,Massachusetts Institute of Technology (MIT) 
2020,United States,Rutgers University–New Brunswick,262,36.8,40.1,1,Massachusetts Institute of Technology (MIT) 
2020,United States,The University of Arizona,262,36.8,40.1,1,Massachusetts Institute of Technology (MIT) 
2020,United States,University of Miami,271,36.1,40.1,1,Massachusetts Institute of Technology (MIT) 
2020,United States,North Carolina State University,285,35.0,40.1,1,Massachusetts Institute of Technology (MIT) 
2020,United States,University of Massachusetts Amherst,305,34.2,40.1,1,Massachusetts Institute of Technology (MIT) 
2020,United States,Indiana University Bloomington,312,33.5,40.1,1,Massachusetts Institute of Technology (MIT) 
2020,United States,University of Hawaiʻi at Mānoa,326,32.9,40.1,1,Massachusetts Institute of Technology (MIT) 
2020,United States,Virginia Polytechnic Institute and State University,327,32.7,40.1,1,Massachusetts Institute of Technology (MIT) 
2020,United States,George Washington University,336,32.0,40.1,1,Massachusetts Institute of Technology (MIT) 
2020,United States,University at Buffalo SUNY,340,31.8,40.1,1,Massachusetts Institute of Technology (MIT) 
2020,United States,Northeastern University,344,31.7,40.1,1,Massachusetts Institute of Technology (MIT) 
2020,United States,University of Utah,353,30.9,40.1,1,Massachusetts Institute of Technology (MIT) 
2020,United States,"Stony Brook University, State University of New York",359,30.5,40.1,1,Massachusetts Institute of Technology (MIT) 
2020,United States,Yeshiva University,359,30.5,40.1,1,Massachusetts Institute of Technology (MIT) 
2020,United States,"University of California, Santa Cruz",367,30.2,40.1,1,Massachusetts Institute of Technology (MIT) 
2020,United States,University of Kansas,372,29.4,40.1,1,Massachusetts Institute of Technology (MIT) 
2020,United States,University of Connecticut,377,29.0,40.1,1,Massachusetts Institute of Technology (MIT) 
2020,United States,Rensselaer Polytechnic Institute,383,28.8,40.1,1,Massachusetts Institute of Technology (MIT) 
2020,United States,"University of Colorado, Denver ",392,28.5,40.1,1,Massachusetts Institute of Technology (MIT) 
2020,United States,Wake Forest University,398,28.3,40.1,1,Massachusetts Institute of Technology (MIT) 
2020,United States,Washington State University,400,28.2,40.1,1,Massachusetts Institute of Technology (MIT) 
2020,United States,"The University of Tennessee, Knoxville",407,28.0,40.1,1,Massachusetts Institute of Technology (MIT) 
2020,United States,Tulane University,419,27.4,40.1,1,Massachusetts Institute of Technology (MIT) 
2020,United States,Illinois Institute of Technology,421,27.3,40.1,1,Massachusetts Institute of Technology (MIT) 
2020,United States,University of Iowa,421,27.3,40.1,1,Massachusetts Institute of Technology (MIT) 
2020,United States,Boston College,432,26.7,40.1,1,Massachusetts Institute of Technology (MIT) 
2020,United States,Colorado State University,442,26.0,40.1,1,Massachusetts Institute of Technology (MIT) 
2020,United States,Florida State University,448,25.8,40.1,1,Massachusetts Institute of Technology (MIT) 
2020,United States,"University of California, Riverside",454,25.6,40.1,1,Massachusetts Institute of Technology (MIT) 
2020,United States,"University of Maryland, Baltimore County",460,25.4,40.1,1,Massachusetts Institute of Technology (MIT) 
2020,United States,Oregon State University,461,25.3,40.1,1,Massachusetts Institute of Technology (MIT) 
2020,United States,Brandeis University,468,25.1,40.1,1,Massachusetts Institute of Technology (MIT) 
2020,United States,The University of Georgia,474,25.0,40.1,1,Massachusetts Institute of Technology (MIT) 
2020,United States,Wayne State University,484,24.5,40.1,1,Massachusetts Institute of Technology (MIT) 
2020,United States,University of Delaware,491,24.3,40.1,1,Massachusetts Institute of Technology (MIT) 
2020,United Kingdom,University of Cambridge,7,95.0,37.3,1,University of Oxford
2020,United Kingdom,UCL,8,94.8,37.3,1,University of Oxford
2020,United Kingdom,Imperial College London,9,94.1,37.3,1,University of Oxford
2020,United Kingdom,The University of Edinburgh,20,86.2,37.3,1,University of Oxford
2020,United Kingdom,The University of Manchester,27,82.7,37.3,1,University of Oxford
2020,United Kingdom,King's College London,33,80.5,37.3,1,University of Oxford
2020,United Kingdom,The London School of Economics and Political Science (LSE),44,77.0,37.3,1,University of Oxford
2020,United Kingdom,University of Bristol,49,74.5,37.3,1,University of Oxford
2020,United Kingdom,The University of Warwick,62,70.4,37.3,1,University of Oxford
2020,United Kingdom,University of Glasgow,67,68.2,37.3,1,University of Oxford
2020,United Kingdom,Durham University,78,64.2,37.3,1,University of Oxford
2020,United Kingdom,The University of Sheffield,78,64.2,37.3,1,University of Oxford
2020,United Kingdom,University of Birmingham,81,64.0,37.3,1,University of Oxford
2020,United Kingdom,University of Leeds,93,61.7,37.3,1,University of Oxford
2020,United Kingdom,University of Nottingham,96,60.8,37.3,1,University of Oxford
2020,United Kingdom,University of Southampton,97,60.6,37.3,1,University of Oxford
2020,United Kingdom,University of St Andrews,100,59.9,37.3,1,University of Oxford
2020,United Kingdom,Queen Mary University of London,126,53.9,37.3,1,University of Oxford
2020,United Kingdom,Lancaster University,128,53.2,37.3,1,University of Oxford
2020,United Kingdom,Newcastle University,146,50.9,37.3,1,University of Oxford
2020,United Kingdom,University of York,148,50.5,37.3,1,University of Oxford
2020,United Kingdom,Cardiff University,154,49.0,37.3,1,University of Oxford
2020,United Kingdom,The University of Exeter,163,48.1,37.3,1,University of Oxford
2020,United Kingdom,University of Bath,172,47.0,37.3,1,University of Oxford
2020,United Kingdom,Queen's University Belfast,173,46.8,37.3,1,University of Oxford
2020,United Kingdom,University of Liverpool,181,46.3,37.3,1,University of Oxford
2020,United Kingdom,University of Aberdeen,194,44.6,37.3,1,University of Oxford
2020,United Kingdom,University of Reading,205,43.3,37.3,1,University of Oxford
2020,United Kingdom,Loughborough University,222,41.2,37.3,1,University of Oxford
2020,United Kingdom,University of Leicester,239,39.0,37.3,1,University of Oxford
2020,United Kingdom,University of Sussex,246,38.4,37.3,1,University of Oxford
2020,United Kingdom,University of Surrey,274,35.9,37.3,1,University of Oxford
2020,United Kingdom,Royal Holloway University of London,291,34.8,37.3,1,University of Oxford
2020,United Kingdom,University of Strathclyde,296,34.7,37.3,1,University of Oxford
2020,United Kingdom, University of Dundee,302,34.3,37.3,1,University of Oxford
2020,United Kingdom,SOAS University of London ,309,33.9,37.3,1,University of Oxford
2020,United Kingdom,Heriot-Watt University,314,33.4,37.3,1,University of Oxford
2020,United Kingdom,University of East Anglia (UEA),314,33.4,37.3,1,University of Oxford
2020,United Kingdom,"Birkbeck, University of London",328,32.6,37.3,1,University of Oxford
2020,United Kingdom,"City, University of London",349,31.1,37.3,1,University of Oxford
2020,United Kingdom,Brunel University London,359,30.5,37.3,1,University of Oxford
2020,United Kingdom,University of Kent,368,29.8,37.3,1,University of Oxford
2020,United Kingdom,"Essex, University of",370,29.7,37.3,1,University of Oxford
2020,United Kingdom,Oxford Brookes University,376,29.1,37.3,1,University of Oxford
2020,United Kingdom,"Goldsmiths, University of London",417,27.6,37.3,1,University of Oxford
2020,United Kingdom,Aston University,442,26.0,37.3,1,University of Oxford
2020,United Kingdom,Swansea University,462,25.2,37.3,1,University of Oxford
2020,United Kingdom,University of Stirling,478,24.8,37.3,1,University of Oxford
2020,United Kingdom,Aberystwyth University,484,24.5,37.3,1,University of Oxford
2020,Switzerland,EPFL,18,87.4,36.0,1,ETH Zurich - Swiss Federal Institute of Technology
2020,Switzerland,University of Zurich,76,65.8,36.0,1,ETH Zurich - Swiss Federal Institute of Technology
2020,Switzerland,University of Geneva,110,58.1,36.0,1,ETH Zurich - Swiss Federal Institute of Technology
2020,Switzerland,University of Bern,123,54.3,36.0,1,ETH Zurich - Swiss Federal Institute of Technology
2020,Switzerland,University of Basel,151,50.0,36.0,1,ETH Zurich - Swiss Federal Institute of Technology
2020,Switzerland,University of Lausanne,153,49.2,36.0,1,ETH Zurich - Swiss Federal Institute of Technology
2020,Switzerland,University of St.Gallen (HSG),398,28.3,36.0,1,ETH Zurich - Swiss Federal Institute of Technology
2020,Singapore,National University of Singapore (NUS),11,91.8,31.9,1,"Nanyang Technological University, Singapore (NTU)"
2020,Singapore,Singapore Management University,477,24.9,31.9,1,"Nanyang Technological University, Singapore (NTU)"
2020,China (Mainland),Peking University,22,84.3,28.7,1,Tsinghua University
2020,China (Mainland),Fudan University,40,78.6,28.7,1,Tsinghua University
2020,China (Mainland),Zhejiang University,54,72.4,28.7,1,Tsinghua University
2020,China (Mainland),Shanghai Jiao Tong University,60,70.5,28.7,1,Tsinghua University
2020,China (Mainland),University of Science and Technology of China,89,62.3,28.7,1,Tsinghua University
2020,China (Mainland),Nanjing University,120,54.5,28.7,1,Tsinghua University
2020,China (Mainland),Wuhan University,257,37.2,28.7,1,Tsinghua University
2020,China (Mainland),Tongji University,265,36.7,28.7,1,Tsinghua University
2020,China (Mainland),Beijing Normal University ,277,35.7,28.7,1,Tsinghua University
2020,China (Mainland),Harbin Institute of Technology,277,35.7,28.7,1,Tsinghua University
2020,China (Mainland),Sun Yat-sen University,287,34.9,28.7,1,Tsinghua University
2020,China (Mainland),Xi’an Jiaotong University,307,34.1,28.7,1,Tsinghua University
2020,China (Mainland),Nankai University,368,29.8,28.7,1,Tsinghua University
2020,China (Mainland),Huazhong University of Science and Technology,400,28.2,28.7,1,Tsinghua University
2020,China (Mainland),Shanghai University,412,27.8,28.7,1,Tsinghua University
2020,China (Mainland),Tianjin University,429,27.0,28.7,1,Tsinghua University
2020,China (Mainland),Beijing Institute of Technology,436,26.4,28.7,1,Tsinghua University
2020,China (Mainland),Xiamen University,451,25.7,28.7,1,Tsinghua University
2020,China (Mainland),Beihang University (former BUAA),462,25.2,28.7,1,Tsinghua University
2020,China (Mainland),University of Science and Technology Beijing,462,25.2,28.7,1,Tsinghua University
2020,China (Mainland),Shandong University,468,25.1,28.7,1,Tsinghua University
2020,China (Mainland),South China University of Technology,480,24.7,28.7,1,Tsinghua University
2020,China (Mainland),Jilin University,484,24.5,28.7,1,Tsinghua University
2020,Japan,Kyoto University,33,80.5,24.4,1,The University of Tokyo
2020,Japan,Tokyo Institute of Technology (Tokyo Tech),58,70.9,24.4,1,The University of Tokyo
2020,Japan,Osaka University,71,66.5,24.4,1,The University of Tokyo
2020,Japan,Tohoku University,82,63.7,24.4,1,The University of Tokyo
2020,Japan,Nagoya University,115,55.8,24.4,1,The University of Tokyo
2020,Japan,Hokkaido University,132,52.9,24.4,1,The University of Tokyo
2020,Japan,Kyushu University,132,52.9,24.4,1,The University of Tokyo
2020,Japan,Waseda University,196,44.4,24.4,1,The University of Tokyo
2020,Japan,Keio University,200,44.0,24.4,1,The University of Tokyo
2020,Japan,University of Tsukuba,270,36.3,24.4,1,The University of Tokyo
2020,Japan,Hiroshima University,334,32.2,24.4,1,The University of Tokyo
2020,Japan,Tokyo Medical and Dental University (TMDU),359,30.5,24.4,1,The University of Tokyo
2020,Japan,Kobe University,395,28.4,24.4,1,The University of Tokyo
2020,Japan,Chiba University,442,26.0,24.4,1,The University of Tokyo
2020,Japan,Hitotsubashi University,448,25.8,24.4,1,The University of Tokyo
2020,Japan,Yokohama City University,468,25.1,24.4,1,The University of Tokyo
2020,Hong Kong SAR,The Hong Kong University of Science and Technology,32,80.6,23.9,1,The University of Hong Kong
2020,Hong Kong SAR,The Chinese University of Hong Kong (CUHK),46,75.9,23.9,1,The University of Hong Kong
2020,Hong Kong SAR,City University of Hong Kong,52,73.6,23.9,1,The University of Hong Kong
2020,Hong Kong SAR,The Hong Kong Polytechnic University,91,61.9,23.9,1,The University of Hong Kong
2020,Hong Kong SAR,Hong Kong Baptist University,261,36.9,23.9,1,The University of Hong Kong
2020,Australia,The University of Melbourne,38,79.5,22.2,1,The Australian National University
2020,Australia,The University of Sydney,42,77.8,22.2,1,The Australian National University
2020,Australia,The University of New South Wales (UNSW Sydney),43,77.1,22.2,1,The Australian National University
2020,Australia,The University of Queensland,47,75.7,22.2,1,The Australian National University
2020,Australia,Monash University,58,70.9,22.2,1,The Australian National University
2020,Australia,The University of Western Australia,86,62.9,22.2,1,The Australian National University
2020,Australia,The University of Adelaide,106,58.6,22.2,1,The Australian National University
2020,Australia,University of Technology Sydney,140,51.2,22.2,1,The Australian National University
2020,Australia,"The University of Newcastle, Australia (UON)",207,43.1,22.2,1,The Australian National University
2020,Australia,University of Wollongong,212,42.7,22.2,1,The Australian National University
2020,Australia,Queensland University of Technology (QUT),224,40.7,22.2,1,The Australian National University
2020,Australia,Curtin University,230,39.9,22.2,1,The Australian National University
2020,Australia,Macquarie University,237,39.5,22.2,1,The Australian National University
2020,Australia,RMIT University,238,39.2,22.2,1,The Australian National University
2020,Australia,Deakin University,271,36.1,22.2,1,The Australian National University
2020,Australia,University of South Australia,274,35.9,22.2,1,The Australian National University
2020,Australia,University of Tasmania,291,34.8,22.2,1,The Australian National University
2020,Australia,Griffith University,320,33.2,22.2,1,The Australian National University
2020,Australia,James Cook University,377,29.0,22.2,1,The Australian National University
2020,Australia,Swinburne University of Technology,383,28.8,22.2,1,The Australian National University
2020,Australia,La Trobe University,400,28.2,22.2,1,The Australian National University
2020,Australia,Flinders University,424,27.2,22.2,1,The Australian National University
2020,Australia,Bond University,442,26.0,22.2,1,The Australian National University
2020,Australia, Western Sydney University,468,25.1,22.2,1,The Australian National University
2020,Australia,University of Canberra ,484,24.5,22.2,1,The Australian National University
2020,Canada,McGill University,35,80.4,22.2,1,University of Toronto
2020,Canada,University of British Columbia,51,74.1,22.2,1,University of Toronto
2020,Canada,University of Alberta,113,57.3,22.2,1,University of Toronto
2020,Canada,Université de Montréal ,137,52.0,22.2,1,University of Toronto
2020,Canada,McMaster University,140,51.2,22.2,1,University of Toronto
2020,Canada,University of Waterloo,173,46.8,22.2,1,University of Toronto
2020,Canada,Western University,211,42.8,22.2,1,University of Toronto
2020,Canada,University of Calgary,233,39.7,22.2,1,University of Toronto
2020,Canada,Queen's University at Kingston,239,39.0,22.2,1,University of Toronto
2020,Canada,Dalhousie University,280,35.4,22.2,1,University of Toronto
2020,Canada,University of Ottawa,281,35.2,22.2,1,University of Toronto
2020,Canada,Simon Fraser University,314,33.4,22.2,1,University of Toronto
2020,Canada,University of Victoria (UVic),364,30.4,22.2,1,University of Toronto
2020,Canada,Université Laval,416,27.7,22.2,1,University of Toronto
2020,Canada,University of Saskatchewan,439,26.2,22.2,1,University of Toronto
2020,Canada,Concordia University,462,25.2,22.2,1,University of Toronto
2020,South Korea,KAIST - Korea Advanced Institute of Science & Technology,41,77.9,19.7,1,Seoul National University
2020,South Korea,Korea University,83,63.4,19.7,1,Seoul National University
2020,South Korea,Pohang University of Science And Technology (POSTECH),87,62.6,19.7,1,Seoul National University
2020,South Korea,Sungkyunkwan University(SKKU),95,61.0,19.7,1,Seoul National University
2020,South Korea,Yonsei University,104,58.7,19.7,1,Seoul National University
2020,South Korea,Hanyang University,150,50.3,19.7,1,Seoul National University
2020,South Korea,Kyung Hee University,247,38.3,19.7,1,Seoul National University
2020,South Korea,Gwangju Institute of Science and Technology (GIST),322,33.1,19.7,1,Seoul National University
2020,South Korea,Ewha Womans University,331,32.3,19.7,1,Seoul National University
2020,South Korea,HUFS - Hankuk (Korea) University of Foreign Studies ,407,28.0,19.7,1,Seoul National University
2020,South Korea,Chung-Ang University (CAU),412,27.8,19.7,1,Seoul National University
2020,South Korea,Dongguk University ,454,25.6,19.7,1,Seoul National University
2020,South Korea,Sogang University,454,25.6,19.7,1,Seoul National University
2020,South Korea,The Catholic University of Korea ,462,25.2,19.7,1,Seoul National University
2020,Netherlands,University of Amsterdam,64,69.0,14.3,1,Delft University of Technology
2020,Netherlands,Eindhoven University of Technology,102,58.9,14.3,1,Delft University of Technology
2020,Netherlands,University of Groningen,114,56.1,14.3,1,Delft University of Technology
2020,Netherlands,Leiden University,118,55.4,14.3,1,Delft University of Technology
2020,Netherlands,Utrecht University,120,54.5,14.3,1,Delft University of Technology
2020,Netherlands,Wageningen University & Research,125,54.0,14.3,1,Delft University of Technology
2020,Netherlands,Erasmus University Rotterdam ,183,46.1,14.3,1,Delft University of Technology
2020,Netherlands,University of Twente,186,45.2,14.3,1,Delft University of Technology
2020,Netherlands,Radboud University ,217,41.4,14.3,1,Delft University of Technology
2020,Netherlands,Vrije Universiteit Amsterdam,219,41.3,14.3,1,Delft University of Technology
2020,Netherlands,Maastricht University ,239,39.0,14.3,1,Delft University of Technology
2020,France,Ecole Polytechnique,60,70.5,13.5,1,Université PSL
2020,France,Sorbonne University,77,64.9,13.5,1,Université PSL
2020,France,CentraleSupélec,139,51.4,13.5,1,Université PSL
2020,France,École Normale Supérieure de Lyon,160,48.3,13.5,1,Université PSL
2020,France,Sciences Po ,242,38.9,13.5,1,Université PSL
2020,France,Ecole des Ponts ParisTech,250,37.8,13.5,1,Université PSL
2020,France,Université Paris-Saclay,262,36.8,13.5,1,Université PSL
2020,France,Université Paris 1 Panthéon-Sorbonne ,305,34.2,13.5,1,Université PSL
2020,France,ENS Paris-Saclay,312,33.5,13.5,1,Université PSL
2020,France,Université Grenoble Alpes,351,31.0,13.5,1,Université PSL
2020,France,Université de Strasbourg,379,28.9,13.5,1,Université PSL
2020,France,University of Bordeaux,458,25.5,13.5,1,Université PSL
2020,France,Aix-Marseille University,491,24.3,13.5,1,Université PSL
2020,France,Université de Montpellier,498,24.2,13.5,1,Université PSL
2020,Germany,Ludwig-Maximilians-Universität München,63,69.6,12.4,1,Technical University of Munich
2020,Germany,Ruprecht-Karls-Universität Heidelberg,66,68.4,12.4,1,Technical University of Munich
2020,Germany,Humboldt-Universität zu Berlin,120,54.5,12.4,1,Technical University of Munich
2020,Germany,"KIT, Karlsruhe Institute of Technology",124,54.2,12.4,1,Technical University of Munich
2020,Germany,Freie Universitaet Berlin,130,53.0,12.4,1,Technical University of Munich
2020,Germany,RWTH Aachen University,138,51.9,12.4,1,Technical University of Munich
2020,Germany,Technische Universität Berlin (TU Berlin),147,50.6,12.4,1,Technical University of Munich
2020,Germany,Eberhard Karls Universität Tübingen,169,47.3,12.4,1,Technical University of Munich
2020,Germany,Albert-Ludwigs-Universitaet Freiburg,169,47.3,12.4,1,Technical University of Munich
2020,Germany,Technische Universität Dresden,179,46.4,12.4,1,Technical University of Munich
2020,Germany,University of Göttingen,197,44.2,12.4,1,Technical University of Munich
2020,Germany,Universität Hamburg,227,40.0,12.4,1,Technical University of Munich
2020,Germany,Rheinische Friedrich-Wilhelms-Universität Bonn,243,38.8,12.4,1,Technical University of Munich
2020,Germany,Technical University of Darmstadt,260,37.0,12.4,1,Technical University of Munich
2020,Germany,Universität Stuttgart,279,35.6,12.4,1,Technical University of Munich
2020,Germany,Goethe-University Frankfurt am Main,291,34.8,12.4,1,Technical University of Munich
2020,Germany,University of Cologne,308,34.0,12.4,1,Technical University of Munich
2020,Germany,Universität Mannheim,314,33.4,12.4,1,Technical University of Munich
2020,Germany,Friedrich-Alexander-Universität Erlangen-Nürnberg,319,33.3,12.4,1,Technical University of Munich
2020,Germany,Universität Jena,340,31.8,12.4,1,Technical University of Munich
2020,Germany,University Ulm,340,31.8,12.4,1,Technical University of Munich
2020,Germany,Westfälische Wilhelms-Universität Münster ,347,31.3,12.4,1,Technical University of Munich
2020,Germany,Johannes Gutenberg Universität Mainz,410,27.9,12.4,1,Technical University of Munich
2020,Germany,Universität Konstanz,424,27.2,12.4,1,Technical University of Munich
2020,Germany,Ruhr-Universität Bochum,432,26.7,12.4,1,Technical University of Munich
2020,Germany,Julius-Maximilians-Universität Würzburg,462,25.2,12.4,1,Technical University of Munich
2020,Germany,Universität des Saarlandes,468,25.1,12.4,1,Technical University of Munich
2020,Germany,Christian-Albrechts-University zu Kiel,478,24.8,12.4,1,Technical University of Munich
2020,Taiwan,National Tsing Hua University,173,46.8,7.4,1,National Taiwan University (NTU)
2020,Taiwan,National Cheng Kung University (NCKU),225,40.4,7.4,1,National Taiwan University (NTU)
2020,Taiwan,National Chiao Tung University,227,40.0,7.4,1,National Taiwan University (NTU)
2020,Taiwan,National Taiwan University of Science and Technology (Taiwan Tech),251,37.6,7.4,1,National Taiwan University (NTU)
2020,Taiwan,National Yang Ming University,287,34.9,7.4,1,National Taiwan University (NTU)
2020,Taiwan,National Taiwan Normal University,331,32.3,7.4,1,National Taiwan University (NTU)
2020,Taiwan,Taipei Medical University (TMU),379,28.9,7.4,1,National Taiwan University (NTU)
2020,Taiwan,National Sun Yat-sen University,410,27.9,7.4,1,National Taiwan University (NTU)
2020,Taiwan,National Central University,427,27.1,7.4,1,National Taiwan University (NTU)
2020,Taiwan,Chang Gung University,484,24.5,7.4,1,National Taiwan University (NTU)
2020,Malaysia,Universiti Putra Malaysia (UPM),159,48.4,7.2,1,Universiti Malaya (UM)
2020,Malaysia,Universiti Kebangsaan Malaysia (UKM),160,48.3,7.2,1,Universiti Malaya (UM)
2020,Malaysia,Universiti Sains Malaysia (USM),165,47.9,7.2,1,Universiti Malaya (UM)
2020,Malaysia,Universiti Teknologi Malaysia ,217,41.4,7.2,1,Universiti Malaya (UM)
2020,Malaysia,UCSI University,442,26.0,7.2,1,Universiti Malaya (UM)
2020,Malaysia,Universiti Teknologi PETRONAS (UTP),482,24.6,7.2,1,Universiti Malaya (UM)
2020,Argentina,Pontificia Universidad Católica Argentina,344,31.7,6.1,1,Universidad de Buenos Aires (UBA)
2020,Argentina,Universidad de Palermo (UP),383,28.8,6.1,1,Universidad de Buenos Aires (UBA)
2020,Argentina,Universidad Austral,400,28.2,6.1,1,Universidad de Buenos Aires (UBA)
2020,Argentina,Universidad de Belgrano,438,26.3,6.1,1,Universidad de Buenos Aires (UBA)
2020,Belgium,Ghent University,130,53.0,4.2,1,KU Leuven
2020,Belgium,Université catholique de Louvain (UCLouvain),167,47.7,4.2,1,KU Leuven
2020,Belgium,Vrije Universiteit Brussel (VUB),195,44.5,4.2,1,KU Leuven
2020,Belgium,University of Antwerp,223,40.9,4.2,1,KU Leuven
2020,Belgium,Universite libre de Bruxelles,251,37.6,4.2,1,KU Leuven
2020,Belgium,Université de Liège,429,27.0,4.2,1,KU Leuven
2020,Russia,Novosibirsk State University,231,39.8,3.3,1,Lomonosov Moscow State University
2020,Russia,Saint Petersburg State University,234,39.6,3.3,1,Lomonosov Moscow State University
2020,Russia,Tomsk State University,268,36.5,3.3,1,Lomonosov Moscow State University
2020,Russia,Bauman Moscow State Technical University,284,35.1,3.3,1,Lomonosov Moscow State University
2020,Russia,Moscow Institute of Physics and Technology (MIPT / Moscow Phystech),302,34.3,3.3,1,Lomonosov Moscow State University
2020,Russia,HSE University,322,33.1,3.3,1,Lomonosov Moscow State University
2020,Russia,National Research Nuclear University MEPhI (Moscow Engineering Physics Institute),329,32.4,3.3,1,Lomonosov Moscow State University
2020,Russia,Ural Federal University - UrFU,364,30.4,3.3,1,Lomonosov Moscow State University
2020,Russia,MGIMO University,366,30.3,3.3,1,Lomonosov Moscow State University
2020,Russia,National Research Tomsk Polytechnic University,387,28.7,3.3,1,Lomonosov Moscow State University
2020,Russia,Kazan (Volga region) Federal University,392,28.5,3.3,1,Lomonosov Moscow State University
2020,Russia,RUDN University,392,28.5,3.3,1,Lomonosov Moscow State University
2020,Russia,ITMO University,436,26.4,3.3,1,Lomonosov Moscow State University
2020,Russia,Peter the Great St. Petersburg Polytechnic University,439,26.2,3.3,1,Lomonosov Moscow State University
2020,Russia,The National University of Science and Technology MISIS,451,25.7,3.3,1,Lomonosov Moscow State University
2020,Sweden,KTH Royal Institute of Technology ,98,60.5,1.9,1,Lund University
2020,Sweden,Uppsala University,116,55.5,1.9,1,Lund University
2020,Sweden,Stockholm University,191,44.8,1.9,1,Lund University
2020,Sweden,University of Gothenburg,256,37.3,1.9,1,Lund University
2020,Sweden,Linköping University,324,33.0,1.9,1,Lund University
2020,Sweden,Umea University,340,31.8,1.9,1,Lund University
2020,Mexico,Tecnológico de Monterrey,158,48.5,-1.1,0,Universidad Nacional Autónoma de México  (UNAM)
2020,Finland,Aalto University,134,52.4,-1.5,0,University of Helsinki
2020,Finland,University of Turku,287,34.9,-1.5,0,University of Helsinki
2020,Finland,University of Jyväskylä,346,31.6,-1.5,0,University of Helsinki
2020,Finland,University of Oulu,374,29.3,-1.5,0,University of Helsinki
2020,Finland,Tampere University,395,28.4,-1.5,0,University of Helsinki
2020,Finland,Lappeenranta-Lahti University of Technology LUT,491,24.3,-1.5,0,University of Helsinki
2020,Finland,University of Eastern Finland,498,24.2,-1.5,0,University of Helsinki
2020,Ireland,University College Dublin,185,45.6,-1.6,0,"Trinity College Dublin, The University of Dublin"
2020,Ireland,National University of Ireland Galway,259,37.1,-1.6,0,"Trinity College Dublin, The University of Dublin"
2020,Ireland,University College Cork,310,33.7,-1.6,0,"Trinity College Dublin, The University of Dublin"
2020,Ireland,Dublin City University,429,27.0,-1.6,0,"Trinity College Dublin, The University of Dublin"
2020,Denmark,Aarhus University,145,51.0,-2.5,0,Technical University of Denmark
2020,Denmark,Aalborg University,324,33.0,-2.5,0,Technical University of Denmark
2020,Denmark,University of Southern Denmark (SDU),372,29.4,-2.5,0,Technical University of Denmark
2020,Brazil,Universidade Estadual de Campinas (Unicamp),214,42.1,-4.4,0,Universidade de São Paulo
2020,Brazil,Universidade Federal do Rio de Janeiro,358,30.6,-4.4,0,Universidade de São Paulo
2020,Brazil,Universidade Federal de São Paulo,439,26.2,-4.4,0,Universidade de São Paulo
2020,Brazil,UNESP,482,24.6,-4.4,0,Universidade de São Paulo
2020,Norway,University of Bergen,163,48.1,-5.2,0,University of Oslo
2020,Norway,Norwegian University of Science And Technology,359,30.5,-5.2,0,University of Oslo
2020,Norway,University of Tromsø The Arctic University of Norway,389,28.6,-5.2,0,University of Oslo
2020,Chile,Universidad de Chile,189,45.0,-6.5,0,Pontificia Universidad Católica de Chile (UC)
2020,Chile,Universidad de Santiago de Chile (USACH),489,24.4,-6.5,0,Pontificia Universidad Católica de Chile (UC)
2020,Italy,Sant'Anna - Scuola Universitaria Superiore Pisa,177,46.6,-9.5,0,Politecnico di Milano
2020,Italy,Alma Mater Studiorum - University of Bologna,177,46.6,-9.5,0,Politecnico di Milano
2020,Italy,Sapienza University of Rome,203,43.5,-9.5,0,Politecnico di Milano
2020,Italy,Scuola Normale Superiore,204,43.4,-9.5,0,Politecnico di Milano
2020,Italy,Università di Padova,234,39.6,-9.5,0,Politecnico di Milano
2020,Italy,University of Milan,302,34.3,-9.5,0,Politecnico di Milano
2020,Italy,Politecnico di Torino,348,31.2,-9.5,0,Politecnico di Milano
2020,Italy,University of Trento,389,28.6,-9.5,0,Politecnico di Milano
2020,Italy,University of Pisa,389,28.6,-9.5,0,Politecnico di Milano
2020,Italy,University of Naples - Federico II,424,27.2,-9.5,0,Politecnico di Milano
2020,Italy,University of Florence,448,25.8,-9.5,0,Politecnico di Milano
2020,India,Indian Institute of Technology Delhi (IITD),182,46.2,-10.5,0,Indian Institute of Technology Bombay (IITB)
2020,India,Indian Institute of Science,184,45.9,-10.5,0,Indian Institute of Technology Bombay (IITB)
2020,India,Indian Institute of Technology Madras (IITM),271,36.1,-10.5,0,Indian Institute of Technology Bombay (IITB)
2020,India,Indian Institute of Technology Kharagpur (IIT-KGP),281,35.2,-10.5,0,Indian Institute of Technology Bombay (IITB)
2020,India,Indian Institute of Technology Kanpur (IITK),291,34.8,-10.5,0,Indian Institute of Technology Bombay (IITB)
2020,India,Indian Institute of Technology Roorkee (IITR),383,28.8,-10.5,0,Indian Institute of Technology Bombay (IITB)
2020,India,University of Delhi,474,25.0,-10.5,0,Indian Institute of Technology Bombay (IITB)
2020,India,Indian Institute of Technology Guwahati (IITG),491,24.3,-10.5,0,Indian Institute of Technology Bombay (IITB)
2020,Austria,Technische Universität Wien,192,44.7,-10.9,0,University of Vienna
2020,Austria,Universität Innsbruck,266,36.6,-10.9,0,University of Vienna
2020,Austria,Graz University of Technology,311,33.6,-10.9,0,University of Vienna
2020,Austria,Johannes Kepler University Linz,412,27.8,-10.9,0,University of Vienna
2020,Israel,Tel Aviv University,219,41.3,-11.7,0,The Hebrew University of Jerusalem
2020,Israel,Technion - Israel Institute of Technology,257,37.2,-11.7,0,The Hebrew University of Jerusalem
2020,Israel,Ben-Gurion University of The Negev,419,27.4,-11.7,0,The Hebrew University of Jerusalem
2020,Spain,Universitat Autònoma de Barcelona,188,45.1,-12.0,0,Universitat de Barcelona
2020,Spain,Universidad Autónoma de Madrid,192,44.7,-12.0,0,Universitat de Barcelona
2020,Spain,Complutense University of Madrid,212,42.7,-12.0,0,Universitat de Barcelona
2020,Spain,University of Navarra,245,38.5,-12.0,0,Universitat de Barcelona
2020,Spain,Universitat Pompeu Fabra (Barcelona),285,35.0,-12.0,0,Universitat de Barcelona
2020,Spain,Universidad Carlos III de Madrid (UC3M),298,34.6,-12.0,0,Universitat de Barcelona
2020,Spain,Universitat Politècnica de Catalunya · BarcelonaTech (UPC),300,34.5,-12.0,0,Universitat de Barcelona
2020,Spain,IE University,335,32.1,-12.0,0,Universitat de Barcelona
2020,Spain,Universitat Politècnica de València,336,32.0,-12.0,0,Universitat de Barcelona
2020,Spain,Universidad de Zaragoza,432,26.7,-12.0,0,Universitat de Barcelona
2020,Spain,Universidad Politécnica de Madrid (UPM),435,26.5,-12.0,0,Universitat de Barcelona
2020,New Zealand,Victoria University of Wellington,215,42.0,-13.2,0,University of Otago
2020,New Zealand,University of Canterbury,227,40.0,-13.2,0,University of Otago
2020,New Zealand,University of Waikato,266,36.6,-13.2,0,University of Otago
2020,New Zealand,Massey University,287,34.9,-13.2,0,University of Otago
2020,New Zealand,Lincoln University ,356,30.7,-13.2,0,University of Otago
2020,New Zealand,Auckland University of Technology (AUT),442,26.0,-13.2,0,University of Otago
2020,Saudi Arabia,King Fahd University of Petroleum & Minerals,200,44.0,-14.7,0,King Abdulaziz University (KAU)
2020,Saudi Arabia,King Saud University,281,35.2,-14.7,0,King Abdulaziz University (KAU)
2020,South Africa,University of Witwatersrand,400,28.2,-15.8,0,University of Cape Town
2020,South Africa,Stellenbosch University,427,27.1,-15.8,0,University of Cape Town
2020,Kazakhstan,L.N. Gumilyov Eurasian National University (ENU),418,27.5,-16.8,0,Al-Farabi Kazakh National University
2020,Kazakhstan,Auezov South Kazakhstan University (SKU),491,24.3,-16.8,0,Al-Farabi Kazakh National University
2020,Colombia,Universidad Nacional de Colombia,253,37.5,-20.3,0,Universidad de los Andes
2020,Colombia,Pontificia Universidad Javeriana,468,25.1,-20.3,0,Universidad de los Andes
2020,Colombia,Universidad Externado de Colombia ,480,24.7,-20.3,0,Universidad de los Andes
2020,Thailand,Mahidol University,314,33.4,-21.6,0,Chulalongkorn University
2020,United Arab Emirates,United Arab Emirates University,329,32.4,-23.4,0,Khalifa University of Science and Technology
2020,United Arab Emirates,American University of Sharjah,371,29.6,-23.4,0,Khalifa University of Science and Technology
2020,Czech Republic,"University of Chemistry and Technology, Prague",355,30.8,-25.1,0,Charles University
2020,Czech Republic,Czech Technical University in Prague,498,24.2,-25.1,0,Charles University
2020,Indonesia,Gadjah Mada University,320,33.2,-25.2,0,Universitas Indonesia
2020,Indonesia,Bandung Institute of Technology (ITB),331,32.3,-25.2,0,Universitas Indonesia
2020,Brunei,Universiti Teknologi Brunei,379,28.9,-25.3,0,Universiti Brunei Darussalam (UBD)
2020,Poland,University of Warsaw ,349,31.1,-28.0,0,Jagiellonian University
2020,Portugal,University of Porto,353,30.9,-28.0,0,University of Lisbon 
2020,Portugal,University of Coimbra,406,28.1,-28.0,0,University of Lisbon 
2020,Portugal,Universidade Nova de Lisboa,421,27.3,-28.0,0,University of Lisbon 
2020,Pakistan,National University of Sciences And Technology (NUST) Islamabad,400,28.2,-30.7,0,Pakistan Institute of Engineering and Applied Sciences (PIEAS)
2020,"Iran, Islamic Republic of",Amirkabir University of Technology,489,24.4,-31.9,0,Sharif University of Technology
2021,United States,Stanford University,2,98.4,41.2,1,Massachusetts Institute of Technology (MIT) 
2021,United States,Harvard University,3,97.9,41.2,1,Massachusetts Institute of Technology (MIT) 
2021,United States,California Institute of Technology (Caltech),4,97.0,41.2,1,Massachusetts Institute of Technology (MIT) 
2021,United States,University of Chicago,9,93.1,41.2,1,Massachusetts Institute of Technology (MIT) 
2021,United States,Princeton University,12,91.0,41.2,1,Massachusetts Institute of Technology (MIT) 
2021,United States,University of Pennsylvania,16,88.6,41.2,1,Massachusetts Institute of Technology (MIT) 
2021,United States,Yale University,17,88.0,41.2,1,Massachusetts Institute of Technology (MIT) 
2021,United States,Cornell University,18,87.6,41.2,1,Massachusetts Institute of Technology (MIT) 
2021,United States,Columbia University,19,86.5,41.2,1,Massachusetts Institute of Technology (MIT) 
2021,United States,University of Michigan-Ann Arbor,21,84.6,41.2,1,Massachusetts Institute of Technology (MIT) 
2021,United States,Johns Hopkins University,25,82.7,41.2,1,Massachusetts Institute of Technology (MIT) 
2021,United States,Northwestern University,29,81.5,41.2,1,Massachusetts Institute of Technology (MIT) 
2021,United States,"University of California, Berkeley (UCB)",30,80.8,41.2,1,Massachusetts Institute of Technology (MIT) 
2021,United States,New York University (NYU),35,79.4,41.2,1,Massachusetts Institute of Technology (MIT) 
2021,United States,"University of California, Los Angeles (UCLA)",36,79.2,41.2,1,Massachusetts Institute of Technology (MIT) 
2021,United States,Duke University,42,76.4,41.2,1,Massachusetts Institute of Technology (MIT) 
2021,United States,Carnegie Mellon University,51,73.4,41.2,1,Massachusetts Institute of Technology (MIT) 
2021,United States,"University of California, San Diego (UCSD)",54,71.2,41.2,1,Massachusetts Institute of Technology (MIT) 
2021,United States,Brown University,60,70.0,41.2,1,Massachusetts Institute of Technology (MIT) 
2021,United States,University of Wisconsin-Madison,65,68.2,41.2,1,Massachusetts Institute of Technology (MIT) 
2021,United States,University of Texas at Austin,71,66.7,41.2,1,Massachusetts Institute of Technology (MIT) 
2021,United States,University of Washington,72,66.1,41.2,1,Massachusetts Institute of Technology (MIT) 
2021,United States,Georgia Institute of Technology,80,64.1,41.2,1,Massachusetts Institute of Technology (MIT) 
2021,United States,University of Illinois at Urbana-Champaign,82,63.4,41.2,1,Massachusetts Institute of Technology (MIT) 
2021,United States,Rice University,89,61.4,41.2,1,Massachusetts Institute of Technology (MIT) 
2021,United States,"University of North Carolina, Chapel Hill",95,60.6,41.2,1,Massachusetts Institute of Technology (MIT) 
2021,United States,Pennsylvania State University,101,58.4,41.2,1,Massachusetts Institute of Technology (MIT) 
2021,United States,Washington University in St. Louis,105,56.9,41.2,1,Massachusetts Institute of Technology (MIT) 
2021,United States,The Ohio State University,108,56.4,41.2,1,Massachusetts Institute of Technology (MIT) 
2021,United States,Purdue University,109,55.9,41.2,1,Massachusetts Institute of Technology (MIT) 
2021,United States,Boston University,110,55.8,41.2,1,Massachusetts Institute of Technology (MIT) 
2021,United States,"University of California, Davis",112,55.3,41.2,1,Massachusetts Institute of Technology (MIT) 
2021,United States,University of Southern California,121,53.8,41.2,1,Massachusetts Institute of Technology (MIT) 
2021,United States,"University of California, Santa Barbara (UCSB)",152,50.2,41.2,1,Massachusetts Institute of Technology (MIT) 
2021,United States,"University of Maryland, College Park",152,50.2,41.2,1,Massachusetts Institute of Technology (MIT) 
2021,United States,University of Pittsburgh,156,49.7,41.2,1,Massachusetts Institute of Technology (MIT) 
2021,United States,Michigan State University,157,49.6,41.2,1,Massachusetts Institute of Technology (MIT) 
2021,United States,Emory University,158,49.1,41.2,1,Massachusetts Institute of Technology (MIT) 
2021,United States,Case Western Reserve University,162,47.4,41.2,1,Massachusetts Institute of Technology (MIT) 
2021,United States,University of Florida,162,47.4,41.2,1,Massachusetts Institute of Technology (MIT) 
2021,United States,University of Rochester,165,46.9,41.2,1,Massachusetts Institute of Technology (MIT) 
2021,United States,Texas A&M University,169,46.2,41.2,1,Massachusetts Institute of Technology (MIT) 
2021,United States,University of Minnesota Twin Cities,177,45.7,41.2,1,Massachusetts Institute of Technology (MIT) 
2021,United States,Vanderbilt University,187,44.2,41.2,1,Massachusetts Institute of Technology (MIT) 
2021,United States,Dartmouth College,203,42.6,41.2,1,Massachusetts Institute of Technology (MIT) 
2021,United States,"University of California, Irvine",210,41.4,41.2,1,Massachusetts Institute of Technology (MIT) 
2021,United States,University of Notre Dame,211,41.2,41.2,1,Massachusetts Institute of Technology (MIT) 
2021,United States,University of Virginia,217,40.5,41.2,1,Massachusetts Institute of Technology (MIT) 
2021,United States,Arizona State University,220,40.4,41.2,1,Massachusetts Institute of Technology (MIT) 
2021,United States,Georgetown University,230,39.3,41.2,1,Massachusetts Institute of Technology (MIT) 
2021,United States,University of Colorado Boulder,230,39.3,41.2,1,Massachusetts Institute of Technology (MIT) 
2021,United States,University of Illinois at Chicago (UIC),256,37.2,41.2,1,Massachusetts Institute of Technology (MIT) 
2021,United States,Rutgers University–New Brunswick,258,37.0,41.2,1,Massachusetts Institute of Technology (MIT) 
2021,United States,Tufts University,260,36.7,41.2,1,Massachusetts Institute of Technology (MIT) 
2021,United States,University of Massachusetts Amherst,270,35.9,41.2,1,Massachusetts Institute of Technology (MIT) 
2021,United States,The University of Arizona,273,35.6,41.2,1,Massachusetts Institute of Technology (MIT) 
2021,United States,University of Miami,291,34.6,41.2,1,Massachusetts Institute of Technology (MIT) 
2021,United States,North Carolina State University,295,34.5,41.2,1,Massachusetts Institute of Technology (MIT) 
2021,United States,Indiana University Bloomington,320,32.6,41.2,1,Massachusetts Institute of Technology (MIT) 
2021,United States,Virginia Polytechnic Institute and State University,326,31.9,41.2,1,Massachusetts Institute of Technology (MIT) 
2021,United States,University of Hawaiʻi at Mānoa,333,31.7,41.2,1,Massachusetts Institute of Technology (MIT) 
2021,United States,University of Utah,333,31.7,41.2,1,Massachusetts Institute of Technology (MIT) 
2021,United States,Yeshiva University,341,31.6,41.2,1,Massachusetts Institute of Technology (MIT) 
2021,United States,University at Buffalo SUNY,346,31.1,41.2,1,Massachusetts Institute of Technology (MIT) 
2021,United States,George Washington University,353,30.8,41.2,1,Massachusetts Institute of Technology (MIT) 
2021,United States,Northeastern University,362,30.0,41.2,1,Massachusetts Institute of Technology (MIT) 
2021,United States,"Stony Brook University, State University of New York",373,29.2,41.2,1,Massachusetts Institute of Technology (MIT) 
2021,United States,Wake Forest University,380,28.8,41.2,1,Massachusetts Institute of Technology (MIT) 
2021,United States,University of Kansas,383,28.7,41.2,1,Massachusetts Institute of Technology (MIT) 
2021,United States,"University of Colorado, Denver ",398,28.1,41.2,1,Massachusetts Institute of Technology (MIT) 
2021,United States,Washington State University,411,27.5,41.2,1,Massachusetts Institute of Technology (MIT) 
2021,United States,Tulane University,414,27.4,41.2,1,Massachusetts Institute of Technology (MIT) 
2021,United States,"University of California, Santa Cruz",416,27.2,41.2,1,Massachusetts Institute of Technology (MIT) 
2021,United States,University of Iowa,420,27.1,41.2,1,Massachusetts Institute of Technology (MIT) 
2021,United States,Illinois Institute of Technology,426,26.8,41.2,1,Massachusetts Institute of Technology (MIT) 
2021,United States,"The University of Tennessee, Knoxville",432,26.4,41.2,1,Massachusetts Institute of Technology (MIT) 
2021,United States,Colorado State University,443,25.9,41.2,1,Massachusetts Institute of Technology (MIT) 
2021,United States,Brandeis University,446,25.8,41.2,1,Massachusetts Institute of Technology (MIT) 
2021,United States,"University of California, Riverside",449,25.7,41.2,1,Massachusetts Institute of Technology (MIT) 
2021,United States,Boston College,454,25.5,41.2,1,Massachusetts Institute of Technology (MIT) 
2021,United States,Florida State University,456,25.4,41.2,1,Massachusetts Institute of Technology (MIT) 
2021,United States,Rensselaer Polytechnic Institute,470,25.1,41.2,1,Massachusetts Institute of Technology (MIT) 
2021,United States,Wayne State University,477,24.8,41.2,1,Massachusetts Institute of Technology (MIT) 
2021,United States,"University of Missouri, Columbia",483,24.7,41.2,1,Massachusetts Institute of Technology (MIT) 
2021,United States,Oregon State University,499,23.9,41.2,1,Massachusetts Institute of Technology (MIT) 
2021,United Kingdom,University of Cambridge,7,94.3,37.9,1,University of Oxford
2021,United Kingdom,Imperial College London,8,93.6,37.9,1,University of Oxford
2021,United Kingdom,UCL,10,92.9,37.9,1,University of Oxford
2021,United Kingdom,The University of Edinburgh,20,85.8,37.9,1,University of Oxford
2021,United Kingdom,The University of Manchester,27,82.1,37.9,1,University of Oxford
2021,United Kingdom,King's College London,31,80.0,37.9,1,University of Oxford
2021,United Kingdom,The London School of Economics and Political Science (LSE),49,73.9,37.9,1,University of Oxford
2021,United Kingdom,University of Bristol,58,70.6,37.9,1,University of Oxford
2021,United Kingdom,The University of Warwick,62,69.0,37.9,1,University of Oxford
2021,United Kingdom,University of Glasgow,77,64.6,37.9,1,University of Oxford
2021,United Kingdom,Durham University,86,62.2,37.9,1,University of Oxford
2021,United Kingdom,University of Birmingham,87,62.0,37.9,1,University of Oxford
2021,United Kingdom,University of Southampton,90,61.3,37.9,1,University of Oxford
2021,United Kingdom,University of Leeds,91,61.2,37.9,1,University of Oxford
2021,United Kingdom,The University of Sheffield,93,60.8,37.9,1,University of Oxford
2021,United Kingdom,University of St Andrews,96,60.3,37.9,1,University of Oxford
2021,United Kingdom,University of Nottingham,99,59.0,37.9,1,University of Oxford
2021,United Kingdom,Lancaster University,135,52.5,37.9,1,University of Oxford
2021,United Kingdom,University of York,150,50.3,37.9,1,University of Oxford
2021,United Kingdom,Newcastle University,152,50.2,37.9,1,University of Oxford
2021,United Kingdom,Cardiff University,159,48.5,37.9,1,University of Oxford
2021,United Kingdom,The University of Exeter,164,47.2,37.9,1,University of Oxford
2021,United Kingdom,University of Bath,173,45.9,37.9,1,University of Oxford
2021,United Kingdom,University of Liverpool,181,45.5,37.9,1,University of Oxford
2021,United Kingdom,University of Reading,205,42.3,37.9,1,University of Oxford
2021,United Kingdom,University of Aberdeen,207,41.8,37.9,1,University of Oxford
2021,United Kingdom,Queen's University Belfast,209,41.5,37.9,1,University of Oxford
2021,United Kingdom,Loughborough University,226,39.7,37.9,1,University of Oxford
2021,United Kingdom,University of Leicester,242,38.1,37.9,1,University of Oxford
2021,United Kingdom,University of Sussex,246,37.8,37.9,1,University of Oxford
2021,United Kingdom,University of Surrey,267,36.0,37.9,1,University of Oxford
2021,United Kingdom,University of Strathclyde,300,34.3,37.9,1,University of Oxford
2021,United Kingdom,Heriot-Watt University,301,34.2,37.9,1,University of Oxford
2021,United Kingdom,Royal Holloway University of London,308,33.5,37.9,1,University of Oxford
2021,United Kingdom, University of Dundee,319,32.9,37.9,1,University of Oxford
2021,United Kingdom,University of East Anglia (UEA),333,31.7,37.9,1,University of Oxford
2021,United Kingdom,"Birkbeck, University of London",344,31.4,37.9,1,University of Oxford
2021,United Kingdom,SOAS University of London ,346,31.1,37.9,1,University of Oxford
2021,United Kingdom,"City, University of London",350,30.9,37.9,1,University of Oxford
2021,United Kingdom,Brunel University London,368,29.7,37.9,1,University of Oxford
2021,United Kingdom,University of Kent,380,28.8,37.9,1,University of Oxford
2021,United Kingdom,Oxford Brookes University,383,28.7,37.9,1,University of Oxford
2021,United Kingdom,"Essex, University of",411,27.5,37.9,1,University of Oxford
2021,United Kingdom,"Goldsmiths, University of London",416,27.2,37.9,1,University of Oxford
2021,United Kingdom,Swansea University,474,25.0,37.9,1,University of Oxford
2021,United Kingdom,Aberystwyth University,485,24.6,37.9,1,University of Oxford
2021,United Kingdom,University of Stirling,485,24.6,37.9,1,University of Oxford
2021,Switzerland,EPFL,14,89.6,36.2,1,ETH Zurich - Swiss Federal Institute of Technology
2021,Switzerland,University of Zurich,69,67.1,36.2,1,ETH Zurich - Swiss Federal Institute of Technology
2021,Switzerland,University of Geneva,106,56.8,36.2,1,ETH Zurich - Swiss Federal Institute of Technology
2021,Switzerland,University of Basel,149,50.6,36.2,1,ETH Zurich - Swiss Federal Institute of Technology
2021,Switzerland,University of Lausanne,169,46.2,36.2,1,ETH Zurich - Swiss Federal Institute of Technology
2021,Switzerland,USI - Università della Svizzera italiana,273,35.6,36.2,1,ETH Zurich - Swiss Federal Institute of Technology
2021,Switzerland,University of St.Gallen (HSG),428,26.6,36.2,1,ETH Zurich - Swiss Federal Institute of Technology
2021,Singapore,"Nanyang Technological University, Singapore (NTU)",13,89.9,32.7,1,National University of Singapore (NUS)
2021,China (Mainland),Peking University,23,83.5,30.4,1,Tsinghua University
2021,China (Mainland),Fudan University,34,79.9,30.4,1,Tsinghua University
2021,China (Mainland),Shanghai Jiao Tong University,47,74.4,30.4,1,Tsinghua University
2021,China (Mainland),Zhejiang University,53,71.9,30.4,1,Tsinghua University
2021,China (Mainland),University of Science and Technology of China,93,60.8,30.4,1,Tsinghua University
2021,China (Mainland),Nanjing University,124,53.7,30.4,1,Tsinghua University
2021,China (Mainland),Wuhan University,246,37.8,30.4,1,Tsinghua University
2021,China (Mainland),Tongji University,256,37.2,30.4,1,Tsinghua University
2021,China (Mainland),Harbin Institute of Technology,260,36.7,30.4,1,Tsinghua University
2021,China (Mainland),Sun Yat-sen University,263,36.4,30.4,1,Tsinghua University
2021,China (Mainland),Beijing Normal University ,279,35.4,30.4,1,Tsinghua University
2021,China (Mainland),Xi’an Jiaotong University,303,34.1,30.4,1,Tsinghua University
2021,China (Mainland),Southern University of Science and Technology,323,32.1,30.4,1,Tsinghua University
2021,China (Mainland),Nankai University,377,29.0,30.4,1,Tsinghua University
2021,China (Mainland),Shanghai University,387,28.6,30.4,1,Tsinghua University
2021,China (Mainland),Tianjin University,387,28.6,30.4,1,Tsinghua University
2021,China (Mainland),Beijing Institute of Technology,392,28.4,30.4,1,Tsinghua University
2021,China (Mainland),Huazhong University of Science and Technology,396,28.2,30.4,1,Tsinghua University
2021,China (Mainland),Xiamen University,432,26.4,30.4,1,Tsinghua University
2021,China (Mainland),University of Science and Technology Beijing,446,25.8,30.4,1,Tsinghua University
2021,China (Mainland),Beihang University (former BUAA),449,25.7,30.4,1,Tsinghua University
2021,China (Mainland),South China University of Technology,462,25.3,30.4,1,Tsinghua University
2021,China (Mainland),Shandong University,485,24.6,30.4,1,Tsinghua University
2021,China (Mainland),Jilin University,493,24.2,30.4,1,Tsinghua University
2021,China (Mainland),Southeast University,493,24.2,30.4,1,Tsinghua University
2021,Hong Kong SAR,The Hong Kong University of Science and Technology,27,82.1,24.9,1,The University of Hong Kong
2021,Hong Kong SAR,The Chinese University of Hong Kong (CUHK),43,75.8,24.9,1,The University of Hong Kong
2021,Hong Kong SAR,City University of Hong Kong,48,74.3,24.9,1,The University of Hong Kong
2021,Hong Kong SAR,The Hong Kong Polytechnic University,75,65.8,24.9,1,The University of Hong Kong
2021,Hong Kong SAR,Hong Kong Baptist University,264,36.3,24.9,1,The University of Hong Kong
2021,Japan,Kyoto University,38,78.9,24.4,1,The University of Tokyo
2021,Japan,Tokyo Institute of Technology (Tokyo Tech),56,70.8,24.4,1,The University of Tokyo
2021,Japan,Osaka University,72,66.1,24.4,1,The University of Tokyo
2021,Japan,Tohoku University,79,64.3,24.4,1,The University of Tokyo
2021,Japan,Nagoya University,110,55.8,24.4,1,The University of Tokyo
2021,Japan,Kyushu University,124,53.7,24.4,1,The University of Tokyo
2021,Japan,Hokkaido University,139,52.2,24.4,1,The University of Tokyo
2021,Japan,Waseda University,189,44.1,24.4,1,The University of Tokyo
2021,Japan,Keio University,191,44.0,24.4,1,The University of Tokyo
2021,Japan,University of Tsukuba,265,36.2,24.4,1,The University of Tokyo
2021,Japan,Hiroshima University,321,32.3,24.4,1,The University of Tokyo
2021,Japan,Tokyo Medical and Dental University (TMDU),362,30.0,24.4,1,The University of Tokyo
2021,Japan,Kobe University,403,27.9,24.4,1,The University of Tokyo
2021,Japan,Yokohama City University,465,25.2,24.4,1,The University of Tokyo
2021,Japan,Chiba University,488,24.5,24.4,1,The University of Tokyo
2021,Canada,McGill University,31,80.0,23.9,1,University of Toronto
2021,Canada,University of British Columbia,45,74.8,23.9,1,University of Toronto
2021,Canada,Université de Montréal ,118,54.3,23.9,1,University of Toronto
2021,Canada,University of Alberta,119,54.0,23.9,1,University of Toronto
2021,Canada,McMaster University,144,51.5,23.9,1,University of Toronto
2021,Canada,University of Waterloo,166,46.8,23.9,1,University of Toronto
2021,Canada,Western University,203,42.6,23.9,1,University of Toronto
2021,Canada,Queen's University at Kingston,246,37.8,23.9,1,University of Toronto
2021,Canada,University of Calgary,246,37.8,23.9,1,University of Toronto
2021,Canada,University of Ottawa,279,35.4,23.9,1,University of Toronto
2021,Canada,Dalhousie University,291,34.6,23.9,1,University of Toronto
2021,Canada,Simon Fraser University,323,32.1,23.9,1,University of Toronto
2021,Canada,University of Victoria (UVic),370,29.5,23.9,1,University of Toronto
2021,Canada,Université Laval,420,27.1,23.9,1,University of Toronto
2021,Canada,University of Saskatchewan,465,25.2,23.9,1,University of Toronto
2021,Canada,Concordia University,477,24.8,23.9,1,University of Toronto
2021,Australia,The University of Sydney,40,77.1,21.2,1,The Australian National University
2021,Australia,The University of Melbourne,41,76.5,21.2,1,The Australian National University
2021,Australia,The University of New South Wales (UNSW Sydney),44,75.4,21.2,1,The Australian National University
2021,Australia,The University of Queensland,46,74.5,21.2,1,The Australian National University
2021,Australia,Monash University,55,70.9,21.2,1,The Australian National University
2021,Australia,The University of Western Australia,92,61.0,21.2,1,The Australian National University
2021,Australia,The University of Adelaide,106,56.8,21.2,1,The Australian National University
2021,Australia,University of Technology Sydney,133,52.6,21.2,1,The Australian National University
2021,Australia,University of Wollongong,196,43.2,21.2,1,The Australian National University
2021,Australia,"The University of Newcastle, Australia (UON)",197,43.1,21.2,1,The Australian National University
2021,Australia,Macquarie University,214,40.8,21.2,1,The Australian National University
2021,Australia,Curtin University,217,40.5,21.2,1,The Australian National University
2021,Australia,Queensland University of Technology (QUT),217,40.5,21.2,1,The Australian National University
2021,Australia,RMIT University,223,40.0,21.2,1,The Australian National University
2021,Australia,Deakin University,275,35.5,21.2,1,The Australian National University
2021,Australia,University of South Australia,295,34.5,21.2,1,The Australian National University
2021,Australia,Griffith University,303,34.1,21.2,1,The Australian National University
2021,Australia,University of Tasmania,308,33.5,21.2,1,The Australian National University
2021,Australia,Swinburne University of Technology,372,29.4,21.2,1,The Australian National University
2021,Australia,La Trobe University,398,28.1,21.2,1,The Australian National University
2021,Australia,Bond University,414,27.4,21.2,1,The Australian National University
2021,Australia,Flinders University,423,27.0,21.2,1,The Australian National University
2021,Australia,University of Canberra ,456,25.4,21.2,1,The Australian National University
2021,Australia,James Cook University,462,25.3,21.2,1,The Australian National University
2021,Australia, Western Sydney University,474,25.0,21.2,1,The Australian National University
2021,South Korea,KAIST - Korea Advanced Institute of Science & Technology,39,78.6,20.2,1,Seoul National University
2021,South Korea,Korea University,69,67.1,20.2,1,Seoul National University
2021,South Korea,Pohang University of Science And Technology (POSTECH),77,64.6,20.2,1,Seoul National University
2021,South Korea,Yonsei University,85,62.5,20.2,1,Seoul National University
2021,South Korea,Sungkyunkwan University(SKKU),88,61.5,20.2,1,Seoul National University
2021,South Korea,Hanyang University,146,51.3,20.2,1,Seoul National University
2021,South Korea,Kyung Hee University,236,38.8,20.2,1,Seoul National University
2021,South Korea,Gwangju Institute of Science and Technology (GIST),295,34.5,20.2,1,Seoul National University
2021,South Korea,Ewha Womans University,333,31.7,20.2,1,Seoul National University
2021,South Korea,HUFS - Hankuk (Korea) University of Foreign Studies ,392,28.4,20.2,1,Seoul National University
2021,South Korea,Chung-Ang University (CAU),403,27.9,20.2,1,Seoul National University
2021,South Korea,Dongguk University ,456,25.4,20.2,1,Seoul National University
2021,South Korea,The Catholic University of Korea ,456,25.4,20.2,1,Seoul National University
2021,South Korea,Sogang University,490,24.4,20.2,1,Seoul National University
2021,Germany,Ludwig-Maximilians-Universität München,63,68.9,14.8,1,Technical University of Munich
2021,Germany,Ruprecht-Karls-Universität Heidelberg,64,68.6,14.8,1,Technical University of Munich
2021,Germany,Humboldt-Universität zu Berlin,117,54.5,14.8,1,Technical University of Munich
2021,Germany,Freie Universitaet Berlin,130,53.2,14.8,1,Technical University of Munich
2021,Germany,"KIT, Karlsruhe Institute of Technology",131,52.9,14.8,1,Technical University of Munich
2021,Germany,RWTH Aachen University,145,51.4,14.8,1,Technical University of Munich
2021,Germany,Technische Universität Berlin (TU Berlin),148,50.8,14.8,1,Technical University of Munich
2021,Germany,Technische Universität Dresden,173,45.9,14.8,1,Technical University of Munich
2021,Germany,Eberhard Karls Universität Tübingen,175,45.8,14.8,1,Technical University of Munich
2021,Germany,Albert-Ludwigs-Universitaet Freiburg,175,45.8,14.8,1,Technical University of Munich
2021,Germany,University of Göttingen,195,43.3,14.8,1,Technical University of Munich
2021,Germany,Universität Hamburg,228,39.4,14.8,1,Technical University of Munich
2021,Germany,Rheinische Friedrich-Wilhelms-Universität Bonn,240,38.2,14.8,1,Technical University of Munich
2021,Germany,Technical University of Darmstadt,267,36.0,14.8,1,Technical University of Munich
2021,Germany,University of Cologne,282,35.2,14.8,1,Technical University of Munich
2021,Germany,Universität Mannheim,307,33.7,14.8,1,Technical University of Munich
2021,Germany,Goethe-University Frankfurt am Main,311,33.4,14.8,1,Technical University of Munich
2021,Germany,Friedrich-Alexander-Universität Erlangen-Nürnberg,317,33.0,14.8,1,Technical University of Munich
2021,Germany,Universität Jena,323,32.1,14.8,1,Technical University of Munich
2021,Germany,Universität Stuttgart,333,31.7,14.8,1,Technical University of Munich
2021,Germany,University Ulm,344,31.4,14.8,1,Technical University of Munich
2021,Germany,Westfälische Wilhelms-Universität Münster ,356,30.3,14.8,1,Technical University of Munich
2021,Germany,Johannes Gutenberg Universität Mainz,403,27.9,14.8,1,Technical University of Munich
2021,Germany,Julius-Maximilians-Universität Würzburg,437,26.2,14.8,1,Technical University of Munich
2021,Germany,Ruhr-Universität Bochum,439,26.0,14.8,1,Technical University of Munich
2021,Germany,Universität Konstanz,443,25.9,14.8,1,Technical University of Munich
2021,Germany,Universität des Saarlandes,451,25.6,14.8,1,Technical University of Munich
2021,Germany,Martin-Luther-Universität Halle-Wittenberg,470,25.1,14.8,1,Technical University of Munich
2021,Germany,Universität  Leipzig,483,24.7,14.8,1,Technical University of Munich
2021,France,Ecole Polytechnique,61,69.9,14.5,1,Université PSL
2021,France,Sorbonne University,83,63.3,14.5,1,Université PSL
2021,France,CentraleSupélec,138,52.3,14.5,1,Université PSL
2021,France,École Normale Supérieure de Lyon,161,48.1,14.5,1,Université PSL
2021,France,Ecole des Ponts ParisTech,242,38.1,14.5,1,Université PSL
2021,France,Sciences Po ,242,38.1,14.5,1,Université PSL
2021,France,Université de Paris,275,35.5,14.5,1,Université PSL
2021,France,Université Paris 1 Panthéon-Sorbonne ,287,34.8,14.5,1,Université PSL
2021,France,ENS Paris-Saclay,291,34.6,14.5,1,Université PSL
2021,France,Université Paris-Saclay,305,34.0,14.5,1,Université PSL
2021,France,Université Grenoble Alpes,342,31.5,14.5,1,Université PSL
2021,France,Université de Strasbourg,398,28.1,14.5,1,Université PSL
2021,France,University of Bordeaux,425,26.9,14.5,1,Université PSL
2021,Netherlands,University of Amsterdam,61,69.9,11.9,1,Delft University of Technology
2021,Netherlands,Wageningen University & Research,115,54.8,11.9,1,Delft University of Technology
2021,Netherlands,Eindhoven University of Technology,120,53.9,11.9,1,Delft University of Technology
2021,Netherlands,Utrecht University,121,53.8,11.9,1,Delft University of Technology
2021,Netherlands,Leiden University,128,53.4,11.9,1,Delft University of Technology
2021,Netherlands,University of Groningen,128,53.4,11.9,1,Delft University of Technology
2021,Netherlands,Erasmus University Rotterdam ,197,43.1,11.9,1,Delft University of Technology
2021,Netherlands,University of Twente,197,43.1,11.9,1,Delft University of Technology
2021,Netherlands,Radboud University ,214,40.8,11.9,1,Delft University of Technology
2021,Netherlands,Maastricht University ,234,38.9,11.9,1,Delft University of Technology
2021,Netherlands,Vrije Universiteit Amsterdam,236,38.8,11.9,1,Delft University of Technology
2021,Netherlands,Tilburg University,368,29.7,11.9,1,Delft University of Technology
2021,Malaysia,Universiti Putra Malaysia (UPM),132,52.7,11.3,1,Universiti Malaya (UM)
2021,Malaysia,Universiti Kebangsaan Malaysia (UKM),141,52.0,11.3,1,Universiti Malaya (UM)
2021,Malaysia,Universiti Sains Malaysia (USM),142,51.9,11.3,1,Universiti Malaya (UM)
2021,Malaysia,Universiti Teknologi Malaysia ,187,44.2,11.3,1,Universiti Malaya (UM)
2021,Malaysia,Taylor's University,379,28.9,11.3,1,Universiti Malaya (UM)
2021,Malaysia,UCSI University,391,28.5,11.3,1,Universiti Malaya (UM)
2021,Malaysia,Universiti Teknologi PETRONAS (UTP),439,26.0,11.3,1,Universiti Malaya (UM)
2021,Taiwan,National Tsing Hua University,168,46.4,8.7,1,National Taiwan University (NTU)
2021,Taiwan,National Cheng Kung University (NCKU),234,38.9,8.7,1,National Taiwan University (NTU)
2021,Taiwan,National Chiao Tung University,240,38.2,8.7,1,National Taiwan University (NTU)
2021,Taiwan,National Taiwan University of Science and Technology (Taiwan Tech),267,36.0,8.7,1,National Taiwan University (NTU)
2021,Taiwan,National Yang Ming University,298,34.4,8.7,1,National Taiwan University (NTU)
2021,Taiwan,National Taiwan Normal University,331,31.8,8.7,1,National Taiwan University (NTU)
2021,Taiwan,Taipei Medical University (TMU),387,28.6,8.7,1,National Taiwan University (NTU)
2021,Taiwan,National Sun Yat-sen University,416,27.2,8.7,1,National Taiwan University (NTU)
2021,Taiwan,National Central University,465,25.2,8.7,1,National Taiwan University (NTU)
2021,Taiwan,National Taipei University of Technology,488,24.5,8.7,1,National Taiwan University (NTU)
2021,Taiwan,Chang Gung University,493,24.2,8.7,1,National Taiwan University (NTU)
2021,Argentina,Pontificia Universidad Católica Argentina,326,31.9,8.7,1,Universidad de Buenos Aires (UBA)
2021,Argentina,Universidad de Palermo (UP),377,29.0,8.7,1,Universidad de Buenos Aires (UBA)
2021,Argentina,Universidad Austral,443,25.9,8.7,1,Universidad de Buenos Aires (UBA)
2021,Argentina,Universidad de Belgrano,465,25.2,8.7,1,Universidad de Buenos Aires (UBA)
2021,Russia,Saint Petersburg State University,225,39.9,7.1,1,Lomonosov Moscow State University
2021,Russia,Novosibirsk State University,228,39.4,7.1,1,Lomonosov Moscow State University
2021,Russia,Tomsk State University,250,37.7,7.1,1,Lomonosov Moscow State University
2021,Russia,Moscow Institute of Physics and Technology (MIPT / Moscow Phystech),281,35.3,7.1,1,Lomonosov Moscow State University
2021,Russia,Bauman Moscow State Technical University,282,35.2,7.1,1,Lomonosov Moscow State University
2021,Russia,HSE University,298,34.4,7.1,1,Lomonosov Moscow State University
2021,Russia,National Research Nuclear University MEPhI (Moscow Engineering Physics Institute),314,33.2,7.1,1,Lomonosov Moscow State University
2021,Russia,RUDN University,326,31.9,7.1,1,Lomonosov Moscow State University
2021,Russia,Ural Federal University - UrFU,331,31.8,7.1,1,Lomonosov Moscow State University
2021,Russia,MGIMO University,348,31.0,7.1,1,Lomonosov Moscow State University
2021,Russia,ITMO University,360,30.1,7.1,1,Lomonosov Moscow State University
2021,Russia,Kazan (Volga region) Federal University,370,29.5,7.1,1,Lomonosov Moscow State University
2021,Russia,Peter the Great St. Petersburg Polytechnic University,401,28.0,7.1,1,Lomonosov Moscow State University
2021,Russia,National Research Tomsk Polytechnic University,401,28.0,7.1,1,Lomonosov Moscow State University
2021,Russia,The National University of Science and Technology MISIS,428,26.6,7.1,1,Lomonosov Moscow State University
2021,Russia,Far Eastern Federal University,493,24.2,7.1,1,Lomonosov Moscow State University
2021,Denmark,Technical University of Denmark,103,57.9,6.7,1,University of Copenhagen
2021,Denmark,Aarhus University,147,51.0,6.7,1,University of Copenhagen
2021,Denmark,Aalborg University,305,34.0,6.7,1,University of Copenhagen
2021,Denmark,University of Southern Denmark (SDU),353,30.8,6.7,1,University of Copenhagen
2021,New Zealand,University of Otago,184,45.3,5.2,1,The University of Auckland
2021,New Zealand,Victoria University of Wellington,223,40.0,5.2,1,The University of Auckland
2021,New Zealand,University of Canterbury | Te Whare Wānanga o Waitaha,270,35.9,5.2,1,The University of Auckland
2021,New Zealand,Massey University,272,35.8,5.2,1,The University of Auckland
2021,New Zealand,University of Waikato,375,29.1,5.2,1,The University of Auckland
2021,New Zealand,Lincoln University ,387,28.6,5.2,1,The University of Auckland
2021,New Zealand,Auckland University of Technology (AUT),437,26.2,5.2,1,The University of Auckland
2021,Belgium,Ghent University,135,52.5,4.2,1,KU Leuven
2021,Belgium,Université catholique de Louvain (UCLouvain),189,44.1,4.2,1,KU Leuven
2021,Belgium,Vrije Universiteit Brussel (VUB),200,42.8,4.2,1,KU Leuven
2021,Belgium,University of Antwerp,238,38.3,4.2,1,KU Leuven
2021,Belgium,Universite libre de Bruxelles,250,37.7,4.2,1,KU Leuven
2021,Belgium,Université de Liège,451,25.6,4.2,1,KU Leuven
2021,Belgium,Hasselt University ,456,25.4,4.2,1,KU Leuven
2021,Sweden,KTH Royal Institute of Technology ,98,59.5,1.4,1,Lund University
2021,Sweden,Uppsala University,124,53.7,1.4,1,Lund University
2021,Sweden,Chalmers University of Technology,139,52.2,1.4,1,Lund University
2021,Sweden,Stockholm University,181,45.5,1.4,1,Lund University
2021,Sweden,University of Gothenburg,202,42.7,1.4,1,Lund University
2021,Sweden,Umea University,333,31.7,1.4,1,Lund University
2021,Sweden,Linköping University,362,30.0,1.4,1,Lund University
2021,Mexico,Tecnológico de Monterrey,155,49.9,0.0,1,Universidad Nacional Autónoma de México  (UNAM)
2021,Ireland,University College Dublin,177,45.7,-0.4,0,"Trinity College Dublin, The University of Dublin"
2021,Ireland,National University of Ireland Galway,238,38.3,-0.4,0,"Trinity College Dublin, The University of Dublin"
2021,Ireland,University College Cork,286,34.9,-0.4,0,"Trinity College Dublin, The University of Dublin"
2021,Ireland,Dublin City University,439,26.0,-0.4,0,"Trinity College Dublin, The University of Dublin"
2021,Finland,Aalto University,127,53.6,-1.2,0,University of Helsinki
2021,Finland,University of Turku,287,34.8,-1.2,0,University of Helsinki
2021,Finland,University of Jyväskylä,333,31.7,-1.2,0,University of Helsinki
2021,Finland,University of Oulu,408,27.7,-1.2,0,University of Helsinki
2021,Finland,Tampere University,409,27.6,-1.2,0,University of Helsinki
2021,Finland,Lappeenranta-Lahti University of Technology LUT,470,25.1,-1.2,0,University of Helsinki
2021,Finland,University of Eastern Finland,499,23.9,-1.2,0,University of Helsinki
2021,Norway,University of Bergen,194,43.4,-3.6,0,University of Oslo
2021,Norway,Norwegian University of Science And Technology,360,30.1,-3.6,0,University of Oslo
2021,Norway,University of Tromsø The Arctic University of Norway,416,27.2,-3.6,0,University of Oslo
2021,Brazil,Universidade Estadual de Campinas (Unicamp),233,39.2,-4.0,0,Universidade de São Paulo
2021,Brazil,Universidade Federal do Rio de Janeiro,380,28.8,-4.0,0,Universidade de São Paulo
2021,Brazil,Universidade Federal de São Paulo,420,27.1,-4.0,0,Universidade de São Paulo
2021,Brazil,UNESP,493,24.2,-4.0,0,Universidade de São Paulo
2021,Chile,Universidad de Chile,180,45.6,-5.0,0,Pontificia Universidad Católica de Chile (UC)
2021,Italy,Alma Mater Studiorum - University of Bologna,160,48.2,-6.4,0,Politecnico di Milano
2021,Italy,Sapienza University of Rome,171,46.1,-6.4,0,Politecnico di Milano
2021,Italy,Università di Padova,216,40.6,-6.4,0,Politecnico di Milano
2021,Italy,University of Milan,301,34.2,-6.4,0,Politecnico di Milano
2021,Italy,Politecnico di Torino,308,33.5,-6.4,0,Politecnico di Milano
2021,Italy,University of Pisa,383,28.7,-6.4,0,Politecnico di Milano
2021,Italy,University of Naples - Federico II,392,28.4,-6.4,0,Politecnico di Milano
2021,Italy,Università Vita-Salute San Raffaele,392,28.4,-6.4,0,Politecnico di Milano
2021,Italy,University of Trento,403,27.9,-6.4,0,Politecnico di Milano
2021,Italy,University of Florence,432,26.4,-6.4,0,Politecnico di Milano
2021,Saudi Arabia,King Fahd University of Petroleum & Minerals,186,44.7,-7.1,0,King Abdulaziz University (KAU)
2021,Saudi Arabia,King Saud University,287,34.8,-7.1,0,King Abdulaziz University (KAU)
2021,Saudi Arabia,Umm Al-Qura University ,474,25.0,-7.1,0,King Abdulaziz University (KAU)
2021,Austria,Technische Universität Wien,191,44.0,-8.5,0,University of Vienna
2021,Austria,Universität Innsbruck,265,36.2,-8.5,0,University of Vienna
2021,Austria,Graz University of Technology,275,35.5,-8.5,0,University of Vienna
2021,Austria,Johannes Kepler University Linz,362,30.0,-8.5,0,University of Vienna
2021,Kazakhstan,L.N. Gumilyov Eurasian National University (ENU),357,30.2,-11.9,0,Al-Farabi Kazakh National University
2021,Kazakhstan,Auezov South Kazakhstan University (SKU),490,24.4,-11.9,0,Al-Farabi Kazakh National University
2021,India,Indian Institute of Science,185,44.9,-12.8,0,Indian Institute of Technology Bombay (IITB)
2021,India,Indian Institute of Technology Delhi (IITD),193,43.9,-12.8,0,Indian Institute of Technology Bombay (IITB)
2021,India,Indian Institute of Technology Madras (IITM),275,35.5,-12.8,0,Indian Institute of Technology Bombay (IITB)
2021,India,Indian Institute of Technology Kharagpur (IIT-KGP),314,33.2,-12.8,0,Indian Institute of Technology Bombay (IITB)
2021,India,Indian Institute of Technology Kanpur (IITK),350,30.9,-12.8,0,Indian Institute of Technology Bombay (IITB)
2021,India,Indian Institute of Technology Roorkee (IITR),383,28.7,-12.8,0,Indian Institute of Technology Bombay (IITB)
2021,India,Indian Institute of Technology Guwahati (IITG),470,25.1,-12.8,0,Indian Institute of Technology Bombay (IITB)
2021,Israel,Tel Aviv University,230,39.3,-13.1,0,The Hebrew University of Jerusalem
2021,Israel,Technion - Israel Institute of Technology,291,34.6,-13.1,0,The Hebrew University of Jerusalem
2021,Israel,Ben-Gurion University of The Negev,446,25.8,-13.1,0,The Hebrew University of Jerusalem
2021,Spain,Universidad Autónoma de Madrid,200,42.8,-13.4,0,Universitat de Barcelona
2021,Spain,Complutense University of Madrid,206,41.9,-13.4,0,Universitat de Barcelona
2021,Spain,Universitat Autònoma de Barcelona,213,40.9,-13.4,0,Universitat de Barcelona
2021,Spain,University of Navarra,252,37.5,-13.4,0,Universitat de Barcelona
2021,Spain,Universitat Pompeu Fabra (Barcelona),287,34.8,-13.4,0,Universitat de Barcelona
2021,Spain,Universidad Carlos III de Madrid (UC3M),311,33.4,-13.4,0,Universitat de Barcelona
2021,Spain,Universitat Politècnica de Catalunya · BarcelonaTech (UPC),314,33.2,-13.4,0,Universitat de Barcelona
2021,Spain,IE University,327,32.0,-13.4,0,Universitat de Barcelona
2021,Spain,Universitat Politècnica de València,326,31.9,-13.4,0,Universitat de Barcelona
2021,Spain,Universidad Politécnica de Madrid (UPM),451,25.6,-13.4,0,Universitat de Barcelona
2021,Spain,Universidad de Alcalá,499,23.9,-13.4,0,Universitat de Barcelona
2021,Thailand,Mahidol University,252,37.5,-17.2,0,Chulalongkorn University
2021,United Arab Emirates,United Arab Emirates University,284,35.1,-17.6,0,Khalifa University
2021,United Arab Emirates,American University of Sharjah,348,31.0,-17.6,0,Khalifa University
2021,South Africa,University of Witwatersrand,403,27.9,-18.4,0,University of Cape Town
2021,South Africa,University of Johannesburg,439,26.0,-18.4,0,University of Cape Town
2021,South Africa,Stellenbosch University,456,25.4,-18.4,0,University of Cape Town
2021,Colombia,Universidad Nacional de Colombia,259,36.9,-19.2,0,Universidad de los Andes
2021,Colombia,Pontificia Universidad Javeriana,426,26.8,-19.2,0,Universidad de los Andes
2021,Indonesia,Universitas Indonesia,305,34.0,-21.4,0,Gadjah Mada University
2021,Indonesia,Bandung Institute of Technology (ITB),313,33.3,-21.4,0,Gadjah Mada University
2021,Brunei,Universiti Teknologi Brunei,350,30.9,-21.4,0,Universiti Brunei Darussalam (UBD)
2021,Czech Republic,"University of Chemistry and Technology, Prague",342,31.5,-22.1,0,Charles University
2021,Czech Republic,Czech Technical University in Prague,432,26.4,-22.1,0,Charles University
2021,Poland,Jagiellonian University,326,31.9,-26.5,0,University of Warsaw 
2021,Pakistan,Pakistan Institute of Engineering and Applied Sciences (PIEAS),373,29.2,-28.3,0,National University of Sciences And Technology (NUST) Islamabad
2021,Pakistan,Quaid-i-Azam University,454,25.5,-28.3,0,National University of Sciences And Technology (NUST) Islamabad
2021,Portugal,University of Porto,357,30.2,-28.6,0,University of Lisbon 
2021,Portugal,Universidade Nova de Lisboa,428,26.6,-28.6,0,University of Lisbon 
2021,Portugal,University of Coimbra,431,26.5,-28.6,0,University of Lisbon 
2021,"Iran, Islamic Republic of",Amirkabir University of Technology,477,24.8,-31.2,0,Sharif University of Technology
2021,Uruguay,Universidad de Montevideo (UM),492,24.3,-33.5,0,Universidad ORT Uruguay
2022,United States,Harvard University,5,98.0,40.4,1,Massachusetts Institute of Technology (MIT) 
2022,United States,California Institute of Technology (Caltech),6,97.4,40.4,1,Massachusetts Institute of Technology (MIT) 
2022,United States,University of Chicago,10,94.5,40.4,1,Massachusetts Institute of Technology (MIT) 
2022,United States,University of Pennsylvania,13,90.7,40.4,1,Massachusetts Institute of Technology (MIT) 
2022,United States,Columbia University,19,88.7,40.4,1,Massachusetts Institute of Technology (MIT) 
2022,United States,Princeton University,20,88.6,40.4,1,Massachusetts Institute of Technology (MIT) 
2022,United States,Cornell University,21,88.3,40.4,1,Massachusetts Institute of Technology (MIT) 
2022,United States,Johns Hopkins University,25,85.9,40.4,1,Massachusetts Institute of Technology (MIT) 
2022,United States,Northwestern University,30,82.8,40.4,1,Massachusetts Institute of Technology (MIT) 
2022,United States,"University of California, Berkeley (UCB)",32,82.5,40.4,1,Massachusetts Institute of Technology (MIT) 
2022,United States,"University of California, Los Angeles (UCLA)",40,79.7,40.4,1,Massachusetts Institute of Technology (MIT) 
2022,United States,New York University (NYU),42,78.9,40.4,1,Massachusetts Institute of Technology (MIT) 
2022,United States,"University of California, San Diego (UCSD)",48,76.1,40.4,1,Massachusetts Institute of Technology (MIT) 
2022,United States,Duke University,52,75.2,40.4,1,Massachusetts Institute of Technology (MIT) 
2022,United States,Brown University,60,71.3,40.4,1,Massachusetts Institute of Technology (MIT) 
2022,United States,University of Texas at Austin,67,68.4,40.4,1,Massachusetts Institute of Technology (MIT) 
2022,United States,Georgia Institute of Technology,88,63.5,40.4,1,Massachusetts Institute of Technology (MIT) 
2022,United States,Rice University,94,62.3,40.4,1,Massachusetts Institute of Technology (MIT) 
2022,United States,Pennsylvania State University,96,61.5,40.4,1,Massachusetts Institute of Technology (MIT) 
2022,United States,"University of North Carolina, Chapel Hill",100,59.6,40.4,1,Massachusetts Institute of Technology (MIT) 
2022,United States,Washington University in St. Louis,107,58.0,40.4,1,Massachusetts Institute of Technology (MIT) 
2022,United States,Purdue University,116,56.9,40.4,1,Massachusetts Institute of Technology (MIT) 
2022,United States,The Ohio State University,120,56.0,40.4,1,Massachusetts Institute of Technology (MIT) 
2022,United States,"University of California, Santa Barbara (UCSB)",146,51.2,40.4,1,Massachusetts Institute of Technology (MIT) 
2022,United States,University of Rochester,154,50.3,40.4,1,Massachusetts Institute of Technology (MIT) 
2022,United States,Michigan State University,157,49.7,40.4,1,Massachusetts Institute of Technology (MIT) 
2022,United States,"University of Maryland, College Park",158,49.5,40.4,1,Massachusetts Institute of Technology (MIT) 
2022,United States,Emory University,160,48.6,40.4,1,Massachusetts Institute of Technology (MIT) 
2022,United States,Vanderbilt University,218,41.7,40.4,1,Massachusetts Institute of Technology (MIT) 
2022,United States,University of Notre Dame,222,40.9,40.4,1,Massachusetts Institute of Technology (MIT) 
2022,United States,"University of California, Irvine",232,40.0,40.4,1,Massachusetts Institute of Technology (MIT) 
2022,United States,University of Colorado Boulder,251,38.5,40.4,1,Massachusetts Institute of Technology (MIT) 
2022,United States,Northeastern University,342,31.9,40.4,1,Massachusetts Institute of Technology (MIT) 
2022,United States,Virginia Polytechnic Institute and State University,346,31.6,40.4,1,Massachusetts Institute of Technology (MIT) 
2022,United States,George Washington University,355,31.1,40.4,1,Massachusetts Institute of Technology (MIT) 
2022,United States,University of Kansas,387,28.8,40.4,1,Massachusetts Institute of Technology (MIT) 
2022,United States,Illinois Institute of Technology,444,26.2,40.4,1,Massachusetts Institute of Technology (MIT) 
2022,United States,Florida State University,475,25.0,40.4,1,Massachusetts Institute of Technology (MIT) 
2022,United States,"University of Missouri, Columbia",476,24.9,40.4,1,Massachusetts Institute of Technology (MIT) 
2022,United Kingdom,Imperial College London,7,97.3,39.9,1,University of Oxford
2022,United Kingdom,The University of Edinburgh,16,89.9,39.9,1,University of Oxford
2022,United Kingdom,King's College London,35,82.0,39.9,1,University of Oxford
2022,United Kingdom,The London School of Economics and Political Science (LSE),49,75.8,39.9,1,University of Oxford
2022,United Kingdom,The University of Warwick,61,71.2,39.9,1,University of Oxford
2022,United Kingdom,University of Bristol,62,71.0,39.9,1,University of Oxford
2022,United Kingdom,University of Glasgow,73,66.8,39.9,1,University of Oxford
2022,United Kingdom,University of Southampton,77,65.7,39.9,1,University of Oxford
2022,United Kingdom,University of Birmingham,90,62.9,39.9,1,University of Oxford
2022,United Kingdom,University of St Andrews,91,62.8,39.9,1,University of Oxford
2022,United Kingdom,University of Leeds,92,62.6,39.9,1,University of Oxford
2022,United Kingdom,The University of Sheffield,95,61.6,39.9,1,University of Oxford
2022,United Kingdom,University of Nottingham,103,58.9,39.9,1,University of Oxford
2022,United Kingdom,Queen Mary University of London,117,56.7,39.9,1,University of Oxford
2022,United Kingdom,Lancaster University,132,54.0,39.9,1,University of Oxford
2022,United Kingdom,Newcastle University,134,53.8,39.9,1,University of Oxford
2022,United Kingdom,University of Reading,202,43.5,39.9,1,University of Oxford
2022,United Kingdom,University of Aberdeen,205,43.1,39.9,1,University of Oxford
2022,United Kingdom,Loughborough University,231,40.1,39.9,1,University of Oxford
2022,United Kingdom,University of Strathclyde,302,34.4,39.9,1,University of Oxford
2022,United Kingdom,University of East Anglia (UEA),307,34.0,39.9,1,University of Oxford
2022,United Kingdom,"Essex, University of",439,26.5,39.9,1,University of Oxford
2022,Singapore,"Nanyang Technological University, Singapore (NTU)",12,90.8,34.3,1,National University of Singapore (NUS)
2022,China (Mainland),Peking University,18,88.8,29.4,1,Tsinghua University
2022,China (Mainland),Fudan University,31,82.6,29.4,1,Tsinghua University
2022,China (Mainland),Zhejiang University,45,77.4,29.4,1,Tsinghua University
2022,China (Mainland),University of Science and Technology of China,98,60.1,29.4,1,Tsinghua University
2022,China (Mainland),Nanjing University,131,54.2,29.4,1,Tsinghua University
2022,China (Mainland),Tongji University,211,42.5,29.4,1,Tsinghua University
2022,China (Mainland),Wuhan University,225,40.4,29.4,1,Tsinghua University
2022,China (Mainland),Sun Yat-sen University,260,37.4,29.4,1,Tsinghua University
2022,Hong Kong SAR,The Hong Kong University of Science and Technology,34,82.2,26.7,1,The University of Hong Kong
2022,Hong Kong SAR,The Chinese University of Hong Kong (CUHK),39,80.3,26.7,1,The University of Hong Kong
2022,Hong Kong SAR,The Hong Kong Polytechnic University,66,69.1,26.7,1,The University of Hong Kong
2022,Hong Kong SAR,Hong Kong Baptist University,287,35.5,26.7,1,The University of Hong Kong
2022,Canada,University of British Columbia,46,77.1,25.7,1,University of Toronto
2022,Canada,Université de Montréal ,111,57.3,25.7,1,University of Toronto
2022,Canada,University of Alberta,126,55.2,25.7,1,University of Toronto
2022,Canada,McMaster University,140,52.7,25.7,1,University of Toronto
2022,Canada,Western University,170,47.5,25.7,1,University of Toronto
2022,Canada,University of Ottawa,230,40.2,25.7,1,University of Toronto
2022,Canada,University of Calgary,235,39.7,25.7,1,University of Toronto
2022,Canada,University of Saskatchewan,458,25.6,25.7,1,University of Toronto
2022,Japan,Tokyo Institute of Technology (Tokyo Tech),56,73.5,22.7,1,Kyoto University
2022,Japan,Nagoya University,118,56.2,22.7,1,Kyoto University
2022,Japan,Kyushu University,137,53.3,22.7,1,Kyoto University
2022,Japan,Hokkaido University,145,51.4,22.7,1,Kyoto University
2022,Japan,Keio University,201,43.9,22.7,1,Kyoto University
2022,Japan,Waseda University,203,43.3,22.7,1,Kyoto University
2022,Japan,Hiroshima University,343,31.8,22.7,1,Kyoto University
2022,Japan,Kobe University,386,28.9,22.7,1,Kyoto University
2022,South Korea,KAIST - Korea Advanced Institute of Science & Technology,41,79.1,22.1,1,Seoul National University
2022,South Korea,Korea University,74,66.3,22.1,1,Seoul National University
2022,South Korea,Pohang University of Science And Technology (POSTECH),81,65.4,22.1,1,Seoul National University
2022,South Korea,Sungkyunkwan University (SKKU),97,60.5,22.1,1,Seoul National University
2022,South Korea,Hanyang University,156,49.8,22.1,1,Seoul National University
2022,South Korea,Ulsan National Institute of Science and Technology (UNIST),212,42.4,22.1,1,Seoul National University
2022,Australia,The University of Sydney,38,80.4,21.8,1,The University of Melbourne
2022,Australia,The University of New South Wales (UNSW Sydney),43,77.7,21.8,1,The University of Melbourne
2022,Australia,The University of Queensland,47,76.6,21.8,1,The University of Melbourne
2022,Australia,Monash University,58,72.2,21.8,1,The University of Melbourne
2022,Australia,The University of Western Australia,93,62.5,21.8,1,The University of Melbourne
2022,Australia,The University of Adelaide,108,57.9,21.8,1,The University of Melbourne
2022,Australia,University of Technology Sydney,133,53.9,21.8,1,The University of Melbourne
2022,Australia,University of Wollongong,193,44.9,21.8,1,The University of Melbourne
2022,Australia,"The University of Newcastle, Australia (UON)",197,44.6,21.8,1,The University of Melbourne
2022,Australia,Macquarie University,200,44.1,21.8,1,The University of Melbourne
2022,Australia,RMIT University,206,42.8,21.8,1,The University of Melbourne
2022,Australia,Queensland University of Technology (QUT),213,42.1,21.8,1,The University of Melbourne
2022,Australia,Deakin University,283,36.1,21.8,1,The University of Melbourne
2022,Australia,Swinburne University of Technology,321,33.0,21.8,1,The University of Melbourne
2022,France,Sorbonne University,72,67.1,18.0,1,Université PSL
2022,France,École Normale Supérieure de Lyon,130,54.6,18.0,1,Université PSL
2022,France,Ecole des Ponts ParisTech,245,39.1,18.0,1,Université PSL
2022,Netherlands,Delft University of Technology,57,73.1,14.2,1,University of Amsterdam
2022,Netherlands,Utrecht University,110,57.5,14.2,1,University of Amsterdam
2022,Netherlands,Wageningen University & Research,123,55.8,14.2,1,University of Amsterdam
2022,Netherlands,Eindhoven University of Technology,125,55.3,14.2,1,University of Amsterdam
2022,Netherlands,Erasmus University Rotterdam ,179,46.3,14.2,1,University of Amsterdam
2022,Netherlands,Radboud University ,220,41.1,14.2,1,University of Amsterdam
2022,Germany,Ludwig-Maximilians-Universität München,64,70.1,11.2,1,Ruprecht-Karls-Universität Heidelberg
2022,Germany,Freie Universitaet Berlin,127,54.9,11.2,1,Ruprecht-Karls-Universität Heidelberg
2022,Germany,"KIT, Karlsruhe Institute of Technology",136,53.4,11.2,1,Ruprecht-Karls-Universität Heidelberg
2022,Germany,Technische Universität Berlin (TU Berlin),159,49.3,11.2,1,Ruprecht-Karls-Universität Heidelberg
2022,Germany,RWTH Aachen University,165,48.0,11.2,1,Ruprecht-Karls-Universität Heidelberg
2022,Germany,Albert-Ludwigs-Universitaet Freiburg,172,47.0,11.2,1,Ruprecht-Karls-Universität Heidelberg
2022,Germany,University of Göttingen,204,43.2,11.2,1,Ruprecht-Karls-Universität Heidelberg
2022,Germany,Universität Hamburg,214,42.0,11.2,1,Ruprecht-Karls-Universität Heidelberg
2022,Germany,Westfälische Wilhelms-Universität Münster ,411,27.7,11.2,1,Ruprecht-Karls-Universität Heidelberg
2022,Germany,Universität Mannheim,423,27.2,11.2,1,Ruprecht-Karls-Universität Heidelberg
2022,Malaysia,Universiti Putra Malaysia (UPM),143,52.2,10.2,1,Universiti Malaya (UM)
2022,Malaysia,Universiti Kebangsaan Malaysia (UKM),144,52.0,10.2,1,Universiti Malaya (UM)
2022,Malaysia,Universiti Sains Malaysia (USM),147,51.0,10.2,1,Universiti Malaya (UM)
2022,Sweden,KTH Royal Institute of Technology ,89,63.2,4.2,1,Lund University
2022,Sweden,Uppsala University,124,55.4,4.2,1,Lund University
2022,Sweden,Stockholm University,148,50.6,4.2,1,Lund University
2022,Sweden,Linköping University,329,32.5,4.2,1,Lund University
2022,Denmark,Aarhus University,155,50.2,0.3,1,Technical University of Denmark
2022,Norway,University of Bergen,199,44.2,-0.6,0,University of Oslo
2022,Finland,University of Oulu,377,29.5,-1.1,0,University of Helsinki
2022,Switzerland,University of Lausanne,176,46.6,-3.5,0,University of Bern
2022,Belgium,Université catholique de Louvain (UCLouvain),188,45.6,-7.0,0,Ghent University
2022,Belgium,Vrije Universiteit Brussel (VUB),221,41.0,-7.0,0,Ghent University
2022,Italy,Sapienza University of Rome,171,47.2,-7.1,0,Politecnico di Milano
2022,Italy,University of Milan,316,33.5,-7.1,0,Politecnico di Milano
2022,Italy,Università Vita-Salute San Raffaele,390,28.6,-7.1,0,Politecnico di Milano
2022,Italy,University of Milano-Bicocca ,450,25.9,-7.1,0,Politecnico di Milano
2022,Kazakhstan,L.N. Gumilyov Eurasian National University (ENU),328,32.7,-12.8,0,Al-Farabi Kazakh National University
2022,India,Indian Institute of Technology Kharagpur (IIT-KGP),280,36.3,-13.7,0,Indian Institute of Technology Delhi (IITD)
2022,Spain,Universitat Politècnica de València,371,30.0,-18.8,0,Complutense University of Madrid
2022,New Zealand,Massey University,284,35.9,-21.9,0,University of Canterbury | Te Whare Wānanga o Waitaha
2022,New Zealand,Lincoln University ,372,29.8,-21.9,0,University of Canterbury | Te Whare Wānanga o Waitaha
2025,United States,Harvard University,4,96.8,40.4,1,Massachusetts Institute of Technology (MIT) 
2025,United States,Stanford University,6,96.1,40.4,1,Massachusetts Institute of Technology (MIT) 
2025,United States,California Institute of Technology (Caltech),10,90.9,40.4,1,Massachusetts Institute of Technology (MIT) 
2025,United States,University of Pennsylvania,11,90.3,40.4,1,Massachusetts Institute of Technology (MIT) 
2025,United States,"University of California, Berkeley (UCB)",12,90.1,40.4,1,Massachusetts Institute of Technology (MIT) 
2025,United States,Cornell University,16,87.9,40.4,1,Massachusetts Institute of Technology (MIT) 
2025,United States,University of Chicago,21,86.2,40.4,1,Massachusetts Institute of Technology (MIT) 
2025,United States,Princeton University,22,85.5,40.4,1,Massachusetts Institute of Technology (MIT) 
2025,United States,Yale University,23,85.2,40.4,1,Massachusetts Institute of Technology (MIT) 
2025,United States,Johns Hopkins University,32,82.1,40.4,1,Massachusetts Institute of Technology (MIT) 
2025,United States,Columbia University,34,82.0,40.4,1,Massachusetts Institute of Technology (MIT) 
2025,United States,"University of California, Los Angeles (UCLA)",42,79.8,40.4,1,Massachusetts Institute of Technology (MIT) 
2025,United States,New York University (NYU),43,79.6,40.4,1,Massachusetts Institute of Technology (MIT) 
2025,United States,University of Michigan-Ann Arbor,44,79.0,40.4,1,Massachusetts Institute of Technology (MIT) 
2025,United States,Northwestern University,50,76.0,40.4,1,Massachusetts Institute of Technology (MIT) 
2025,United States,Carnegie Mellon University,58,72.0,40.4,1,Massachusetts Institute of Technology (MIT) 
2025,United States,Duke University,61,70.8,40.4,1,Massachusetts Institute of Technology (MIT) 
2025,United States,University of Texas at Austin,66,69.5,40.4,1,Massachusetts Institute of Technology (MIT) 
2025,United States,University of Illinois at Urbana-Champaign,69,68.2,40.4,1,Massachusetts Institute of Technology (MIT) 
2025,United States,"University of California, San Diego (UCSD)",72,67.1,40.4,1,Massachusetts Institute of Technology (MIT) 
2025,United States,University of Washington,76,65.3,40.4,1,Massachusetts Institute of Technology (MIT) 
2025,United States,Brown University,79,64.7,40.4,1,Massachusetts Institute of Technology (MIT) 
2025,United States,Pennsylvania State University,89,61.7,40.4,1,Massachusetts Institute of Technology (MIT) 
2025,United States,Purdue University,89,61.7,40.4,1,Massachusetts Institute of Technology (MIT) 
2025,United States,Boston University,108,58.6,40.4,1,Massachusetts Institute of Technology (MIT) 
2025,United States,Georgia Institute of Technology,114,57.3,40.4,1,Massachusetts Institute of Technology (MIT) 
2025,United States,University of Wisconsin-Madison,116,57.1,40.4,1,Massachusetts Institute of Technology (MIT) 
2025,United States,University of Southern California,125,55.2,40.4,1,Massachusetts Institute of Technology (MIT) 
2025,United States,"University of California, Davis",130,54.4,40.4,1,Massachusetts Institute of Technology (MIT) 
2025,United States,Rice University,141,53.6,40.4,1,Massachusetts Institute of Technology (MIT) 
2025,United States,Michigan State University,152,51.9,40.4,1,Massachusetts Institute of Technology (MIT) 
2025,United States,Texas A&M University,154,51.8,40.4,1,Massachusetts Institute of Technology (MIT) 
2025,United States,"University of North Carolina, Chapel Hill",155,51.6,40.4,1,Massachusetts Institute of Technology (MIT) 
2025,United States,Washington University in St. Louis,171,49.9,40.4,1,Massachusetts Institute of Technology (MIT) 
2025,United States,"University of California, Santa Barbara (UCSB)",178,48.9,40.4,1,Massachusetts Institute of Technology (MIT) 
2025,United States,Emory University,196,46.6,40.4,1,Massachusetts Institute of Technology (MIT) 
2025,United States,Arizona State University,200,46.2,40.4,1,Massachusetts Institute of Technology (MIT) 
2025,United States,University of Minnesota Twin Cities,203,46.0,40.4,1,Massachusetts Institute of Technology (MIT) 
2025,United States,The Ohio State University,208,45.6,40.4,1,Massachusetts Institute of Technology (MIT) 
2025,United States,University of Florida,215,44.2,40.4,1,Massachusetts Institute of Technology (MIT) 
2025,United States,"University of Maryland, College Park",218,44.0,40.4,1,Massachusetts Institute of Technology (MIT) 
2025,United States,University of Rochester,236,42.3,40.4,1,Massachusetts Institute of Technology (MIT) 
2025,United States,Dartmouth College,243,41.3,40.4,1,Massachusetts Institute of Technology (MIT) 
2025,United States,Vanderbilt University,248,40.8,40.4,1,Massachusetts Institute of Technology (MIT) 
2025,United States,Case Western Reserve University,259,39.7,40.4,1,Massachusetts Institute of Technology (MIT) 
2025,United States,University of Massachusetts Amherst,275,38.2,40.4,1,Massachusetts Institute of Technology (MIT) 
2025,United States,University of Pittsburgh,275,38.2,40.4,1,Massachusetts Institute of Technology (MIT) 
2025,United States,The University of Arizona,293,37.0,40.4,1,Massachusetts Institute of Technology (MIT) 
2025,United States,University of Virginia,297,36.6,40.4,1,Massachusetts Institute of Technology (MIT) 
2025,United States,Georgetown University,301,36.3,40.4,1,Massachusetts Institute of Technology (MIT) 
2025,United States,"University of California, Irvine",307,35.5,40.4,1,Massachusetts Institute of Technology (MIT) 
2025,United States,North Carolina State University,311,35.1,40.4,1,Massachusetts Institute of Technology (MIT) 
2025,United States,University of Notre Dame,316,34.7,40.4,1,Massachusetts Institute of Technology (MIT) 
2025,United States,University of Colorado Boulder,320,34.4,40.4,1,Massachusetts Institute of Technology (MIT) 
2025,United States,University of Miami,324,34.1,40.4,1,Massachusetts Institute of Technology (MIT) 
2025,United States,Rutgers UniversityNew Brunswick,328,33.8,40.4,1,Massachusetts Institute of Technology (MIT) 
2025,United States,Tufts University,344,32.9,40.4,1,Massachusetts Institute of Technology (MIT) 
2025,United States,Indiana University Bloomington,355,32.1,40.4,1,Massachusetts Institute of Technology (MIT) 
2025,United States,University of Illinois at Chicago (UIC),365,31.6,40.4,1,Massachusetts Institute of Technology (MIT) 
2025,United States,George Washington University,371,31.3,40.4,1,Massachusetts Institute of Technology (MIT) 
2025,United States,Virginia Polytechnic Institute and State University,389,30.1,40.4,1,Massachusetts Institute of Technology (MIT) 
2025,United States,"University of California, Santa Cruz",393,29.9,40.4,1,Massachusetts Institute of Technology (MIT) 
2025,United States,Northeastern University,396,29.7,40.4,1,Massachusetts Institute of Technology (MIT) 
2025,United States,Yeshiva University,413,28.8,40.4,1,Massachusetts Institute of Technology (MIT) 
2025,United States,Colorado State University,442,26.8,40.4,1,Massachusetts Institute of Technology (MIT) 
2025,United States,University of Kansas,452,26.4,40.4,1,Massachusetts Institute of Technology (MIT) 
2025,United States,"Stony Brook University, State University of New York",460,26.2,40.4,1,Massachusetts Institute of Technology (MIT) 
2025,United States,University at Buffalo SUNY,466,25.7,40.4,1,Massachusetts Institute of Technology (MIT) 
2025,United States,Washington State University,466,25.7,40.4,1,Massachusetts Institute of Technology (MIT) 
2025,United States,Iowa State University,470,25.6,40.4,1,Massachusetts Institute of Technology (MIT) 
2025,United States,"The University of Tennessee, Knoxville",481,25.0,40.4,1,Massachusetts Institute of Technology (MIT) 
2025,United States,University of Hawai?i at Manoa,488,24.6,40.4,1,Massachusetts Institute of Technology (MIT) 
2025,United States,"University of California, Riverside",497,24.2,40.4,1,Massachusetts Institute of Technology (MIT) 
2025,United States,Colorado School of Mines,501,24.1,40.4,1,Massachusetts Institute of Technology (MIT) 
2025,United States,University of Delaware,506,24.0,40.4,1,Massachusetts Institute of Technology (MIT) 
2025,United States,Missouri University of Science and Technology,527,23.2,40.4,1,Massachusetts Institute of Technology (MIT) 
2025,United States,University of Utah,531,23.1,40.4,1,Massachusetts Institute of Technology (MIT) 
2025,United States,University of Connecticut,565,22.0,40.4,1,Massachusetts Institute of Technology (MIT) 
2025,United States,Florida State University,573,21.6,40.4,1,Massachusetts Institute of Technology (MIT) 
2025,United States,Florida International University,574,21.5,40.4,1,Massachusetts Institute of Technology (MIT) 
2025,United States,The University of Georgia,587,21.1,40.4,1,Massachusetts Institute of Technology (MIT) 
2025,United States,University of Iowa,596,20.8,40.4,1,Massachusetts Institute of Technology (MIT) 
2025,United States,University of Texas Dallas,596,20.8,40.4,1,Massachusetts Institute of Technology (MIT) 
2025,United Kingdom,University of Oxford,3,96.9,38.9,1,Imperial College London
2025,United Kingdom,University of Cambridge,5,96.7,38.9,1,Imperial College London
2025,United Kingdom,UCL,9,91.6,38.9,1,Imperial College London
2025,United Kingdom,The University of Edinburgh,27,83.3,38.9,1,Imperial College London
2025,United Kingdom,The University of Manchester,34,82.0,38.9,1,Imperial College London
2025,United Kingdom,King's College London,40,80.2,38.9,1,Imperial College London
2025,United Kingdom,The London School of Economics and Political Science (LSE),50,76.0,38.9,1,Imperial College London
2025,United Kingdom,University of Bristol,54,75.4,38.9,1,Imperial College London
2025,United Kingdom,The University of Warwick,69,68.2,38.9,1,Imperial College London
2025,United Kingdom,University of Glasgow,78,65.0,38.9,1,Imperial College London
2025,United Kingdom,University of Birmingham,80,64.1,38.9,1,Imperial College London
2025,United Kingdom,University of Southampton,80,64.1,38.9,1,Imperial College London
2025,United Kingdom,University of Leeds,82,63.8,38.9,1,Imperial College London
2025,United Kingdom,Durham University,89,61.7,38.9,1,Imperial College London
2025,United Kingdom,University of St Andrews,104,59.2,38.9,1,Imperial College London
2025,United Kingdom,The University of Sheffield,105,59.1,38.9,1,Imperial College London
2025,United Kingdom,University of Nottingham,108,58.5,38.9,1,Imperial College London
2025,United Kingdom,Queen Mary University of London,120,55.8,38.9,1,Imperial College London
2025,United Kingdom,Newcastle University,129,54.5,38.9,1,Imperial College London
2025,United Kingdom,Lancaster University,141,53.6,38.9,1,Imperial College London
2025,United Kingdom,University of Bath,150,52.1,38.9,1,Imperial College London
2025,United Kingdom,University of Liverpool,165,50.7,38.9,1,Imperial College London
2025,United Kingdom,The University of Exeter,169,50.1,38.9,1,Imperial College London
2025,United Kingdom,University of Reading,172,49.9,38.9,1,Imperial College London
2025,United Kingdom,University of York,184,48.2,38.9,1,Imperial College London
2025,United Kingdom,Cardiff University,186,47.6,38.9,1,Imperial College London
2025,United Kingdom,Queen's University Belfast,206,45.7,38.9,1,Imperial College London
2025,United Kingdom,Loughborough University,224,43.6,38.9,1,Imperial College London
2025,United Kingdom,University of Aberdeen,236,42.3,38.9,1,Imperial College London
2025,United Kingdom,University of Sussex,246,41.0,38.9,1,Imperial College London
2025,United Kingdom,Heriot-Watt University,256,39.9,38.9,1,Imperial College London
2025,United Kingdom,University of Strathclyde,281,37.9,38.9,1,Imperial College London
2025,United Kingdom,University of Leicester,285,37.2,38.9,1,Imperial College London
2025,United Kingdom,University of Surrey,285,37.2,38.9,1,Imperial College London
2025,United Kingdom,Swansea University,298,36.5,38.9,1,Imperial College London
2025,United Kingdom,University of East Anglia (UEA),332,33.6,38.9,1,Imperial College London
2025,United Kingdom,Brunel University London,342,33.0,38.9,1,Imperial College London
2025,United Kingdom,"City, University of London",352,32.4,38.9,1,Imperial College London
2025,United Kingdom,University of Kent,380,30.8,38.9,1,Imperial College London
2025,United Kingdom,"Birkbeck, University of London",408,29.1,38.9,1,Imperial College London
2025,United Kingdom,Oxford Brookes University,416,28.6,38.9,1,Imperial College London
2025,United Kingdom, University of Dundee,418,28.5,38.9,1,Imperial College London
2025,United Kingdom,Aston University,423,28.1,38.9,1,Imperial College London
2025,United Kingdom,University of Stirling,452,26.4,38.9,1,Imperial College London
2025,United Kingdom,"Essex, University of",472,25.3,38.9,1,Imperial College London
2025,United Kingdom,Bangor University,474,25.2,38.9,1,Imperial College London
2025,United Kingdom,Royal Holloway University of London,477,25.1,38.9,1,Imperial College London
2025,United Kingdom,University of Huddersfield,501,24.1,38.9,1,Imperial College London
2025,United Kingdom,SOAS University of London ,508,23.9,38.9,1,Imperial College London
2025,United Kingdom,University of Hull,516,23.6,38.9,1,Imperial College London
2025,United Kingdom,Coventry University,526,23.3,38.9,1,Imperial College London
2025,United Kingdom,University of Bradford,531,23.1,38.9,1,Imperial College London
2025,United Kingdom,Northumbria University at Newcastle,535,22.9,38.9,1,Imperial College London
2025,United Kingdom,Ulster University,559,22.3,38.9,1,Imperial College London
2025,United Kingdom,Nottingham Trent University,592,21.0,38.9,1,Imperial College London
2025,Switzerland,EPFL,26,83.5,34.3,1,ETH Zurich - Swiss Federal Institute of Technology
2025,Switzerland,University of Zurich,109,58.3,34.3,1,ETH Zurich - Swiss Federal Institute of Technology
2025,Switzerland,University of Basel,131,54.3,34.3,1,ETH Zurich - Swiss Federal Institute of Technology
2025,Switzerland,University of Geneva,155,51.6,34.3,1,ETH Zurich - Swiss Federal Institute of Technology
2025,Switzerland,University of Bern,161,51.2,34.3,1,ETH Zurich - Swiss Federal Institute of Technology
2025,Switzerland,University of Lausanne,224,43.6,34.3,1,ETH Zurich - Swiss Federal Institute of Technology
2025,Switzerland,USI - Università della Svizzera italiana,405,29.3,34.3,1,ETH Zurich - Swiss Federal Institute of Technology
2025,Switzerland,Université de Fribourg,539,22.8,34.3,1,ETH Zurich - Swiss Federal Institute of Technology
2025,Singapore,"Nanyang Technological University, Singapore (NTU)",15,88.4,34.1,1,National University of Singapore (NUS)
2025,Singapore,Singapore University of Technology and Design,440,27.0,34.1,1,National University of Singapore (NUS)
2025,Singapore,Singapore Management University,585,21.2,34.1,1,National University of Singapore (NUS)
2025,Australia,The University of Sydney,18,87.3,29.3,1,The University of Melbourne
2025,Australia,The University of New South Wales (UNSW Sydney),19,87.1,29.3,1,The University of Melbourne
2025,Australia,The Australian National University,30,82.4,29.3,1,The University of Melbourne
2025,Australia,Monash University,37,81.2,29.3,1,The University of Melbourne
2025,Australia,The University of Queensland,40,80.2,29.3,1,The University of Melbourne
2025,Australia,The University of Western Australia,77,65.2,29.3,1,The University of Melbourne
2025,Australia,The University of Adelaide,82,63.8,29.3,1,The University of Melbourne
2025,Australia,University of Technology Sydney,88,62.4,29.3,1,The University of Melbourne
2025,Australia,RMIT University,123,55.5,29.3,1,The University of Melbourne
2025,Australia,Macquarie University,133,54.1,29.3,1,The University of Melbourne
2025,Australia,University of Wollongong,167,50.3,29.3,1,The University of Melbourne
2025,Australia,Curtin University,174,49.3,29.3,1,The University of Melbourne
2025,Australia,"The University of Newcastle, Australia (UON)",179,48.7,29.3,1,The University of Melbourne
2025,Australia,Deakin University,197,46.4,29.3,1,The University of Melbourne
2025,Australia,Queensland University of Technology (QUT),213,44.7,29.3,1,The University of Melbourne
2025,Australia,La Trobe University,217,44.1,29.3,1,The University of Melbourne
2025,Australia,Griffith University,255,40.1,29.3,1,The University of Melbourne
2025,Australia,Swinburne University of Technology,291,37.1,29.3,1,The University of Melbourne
2025,Australia,University of Tasmania,293,37.0,29.3,1,The University of Melbourne
2025,Australia,Flinders University,336,33.3,29.3,1,The University of Melbourne
2025,Australia,University of South Australia,340,33.2,29.3,1,The University of Melbourne
2025,Australia, Western Sydney University,384,30.5,29.3,1,The University of Melbourne
2025,Australia,University of Southern Queensland ,396,29.7,29.3,1,The University of Melbourne
2025,Australia,University of Canberra ,403,29.5,29.3,1,The University of Melbourne
2025,Australia,Murdoch University,436,27.2,29.3,1,The University of Melbourne
2025,Australia,James Cook University,445,26.7,29.3,1,The University of Melbourne
2025,Australia,Central Queensland University (CQUniversity Australia),495,24.4,29.3,1,The University of Melbourne
2025,Australia,Edith Cowan University ,516,23.6,29.3,1,The University of Melbourne
2025,Australia,Southern Cross University ,576,21.4,29.3,1,The University of Melbourne
2025,Australia,Bond University,587,21.1,29.3,1,The University of Melbourne
2025,China (Mainland),Tsinghua University,20,86.5,28.9,1,Peking University
2025,China (Mainland),Fudan University,39,80.3,28.9,1,Peking University
2025,China (Mainland),Shanghai Jiao Tong University,45,77.8,28.9,1,Peking University
2025,China (Mainland),Zhejiang University,47,77.1,28.9,1,Peking University
2025,China (Mainland),University of Science and Technology of China,133,54.1,28.9,1,Peking University
2025,China (Mainland),Nanjing University,145,53.0,28.9,1,Peking University
2025,China (Mainland),Tongji University,192,46.9,28.9,1,Peking University
2025,China (Mainland),Wuhan University,194,46.7,28.9,1,Peking University
2025,China (Mainland),Harbin Institute of Technology,252,40.3,28.9,1,Peking University
2025,China (Mainland),Tianjin University,269,38.6,28.9,1,Peking University
2025,China (Mainland),Beijing Normal University ,271,38.5,28.9,1,Peking University
2025,China (Mainland),Southern University of Science and Technology,284,37.3,28.9,1,Peking University
2025,China (Mainland),Xian Jiaotong University,295,36.9,28.9,1,Peking University
2025,China (Mainland),Huazhong University of Science and Technology,300,36.4,28.9,1,Peking University
2025,China (Mainland),Beijing Institute of Technology,302,35.9,28.9,1,Peking University
2025,China (Mainland),Shandong University,316,34.7,28.9,1,Peking University
2025,China (Mainland),Sun Yat-sen University,331,33.7,28.9,1,Peking University
2025,China (Mainland),Sichuan University,336,33.3,28.9,1,Peking University
2025,China (Mainland),Xiamen University,362,31.7,28.9,1,Peking University
2025,China (Mainland),Nankai University,377,31.1,28.9,1,Peking University
2025,China (Mainland),South China University of Technology,385,30.4,28.9,1,Peking University
2025,China (Mainland),Southeast University,428,27.8,28.9,1,Peking University
2025,China (Mainland),University of Science and Technology Beijing,430,27.7,28.9,1,Peking University
2025,China (Mainland),Central South University,431,27.6,28.9,1,Peking University
2025,China (Mainland),Dalian University of Technology,448,26.6,28.9,1,Peking University
2025,China (Mainland),Hunan University ,448,26.6,28.9,1,Peking University
2025,China (Mainland),University of Electronic Science and Technology of China,451,26.5,28.9,1,Peking University
2025,China (Mainland),Beihang University (former BUAA),452,26.4,28.9,1,Peking University
2025,China (Mainland),China Agricultural University ,484,24.9,28.9,1,Peking University
2025,China (Mainland),Chongqing University,489,24.5,28.9,1,Peking University
2025,China (Mainland),Shanghai University,489,24.5,28.9,1,Peking University
2025,China (Mainland),Jilin University,497,24.2,28.9,1,Peking University
2025,China (Mainland),East China Normal University,501,24.1,28.9,1,Peking University
2025,China (Mainland),Shenzhen University,508,23.9,28.9,1,Peking University
2025,China (Mainland),Zhengzhou University,511,23.8,28.9,1,Peking University
2025,China (Mainland),Northwestern Polytechnical University,547,22.6,28.9,1,Peking University
2025,China (Mainland),Nanjing University of Science and Technology,565,22.0,28.9,1,Peking University
2025,China (Mainland),Jinan University (China),580,21.3,28.9,1,Peking University
2025,Hong Kong SAR,The Chinese University of Hong Kong (CUHK),36,81.3,28.0,1,The University of Hong Kong
2025,Hong Kong SAR,The Hong Kong University of Science and Technology,47,77.1,28.0,1,The University of Hong Kong
2025,Hong Kong SAR,The Hong Kong Polytechnic University,57,72.1,28.0,1,The University of Hong Kong
2025,Hong Kong SAR,City University of Hong Kong,62,70.7,28.0,1,The University of Hong Kong
2025,Hong Kong SAR,Hong Kong Baptist University,252,40.3,28.0,1,The University of Hong Kong
2025,France,Institut Polytechnique de Paris,46,77.5,25.1,1,Université PSL
2025,France,Sorbonne University,63,70.3,25.1,1,Université PSL
2025,France,Université Paris-Saclay,73,67.0,25.1,1,Université PSL
2025,France,École Normale Supérieure de Lyon,187,47.5,25.1,1,Université PSL
2025,France,Ecole des Ponts ParisTech,205,45.8,25.1,1,Université PSL
2025,France,Université Paris 1 Panthéon-Sorbonne ,283,37.5,25.1,1,Université PSL
2025,France,Université Paris Cité,302,35.9,25.1,1,Université PSL
2025,France,Université Grenoble Alpes,334,33.5,25.1,1,Université PSL
2025,France,Sciences Po ,350,32.5,25.1,1,Université PSL
2025,France,Institut National des Sciences Appliquées de Lyon (INSA),405,29.3,25.1,1,Université PSL
2025,France,Université de Montpellier,448,26.6,25.1,1,Université PSL
2025,France,Université de Strasbourg,456,26.3,25.1,1,Université PSL
2025,France,Aix-Marseille University,481,25.0,25.1,1,Université PSL
2025,France,University of Bordeaux,535,22.9,25.1,1,Université PSL
2025,France,Université Claude Bernard Lyon 1,562,22.2,25.1,1,Université PSL
2025,France,Université Paul Sabatier Toulouse III,580,21.3,25.1,1,Université PSL
2025,Canada,McGill University,29,83.0,24.5,1,University of Toronto
2025,Canada,University of British Columbia,38,81.0,24.5,1,University of Toronto
2025,Canada,University of Alberta,96,61.2,24.5,1,University of Toronto
2025,Canada,University of Waterloo,115,57.2,24.5,1,University of Toronto
2025,Canada,Western University,120,55.8,24.5,1,University of Toronto
2025,Canada,Université de Montréal ,159,51.3,24.5,1,University of Toronto
2025,Canada,McMaster University,176,49.0,24.5,1,University of Toronto
2025,Canada,University of Ottawa,189,47.3,24.5,1,University of Toronto
2025,Canada,Queen's University at Kingston,193,46.8,24.5,1,University of Toronto
2025,Canada,University of Calgary,198,46.3,24.5,1,University of Toronto
2025,Canada,Dalhousie University,275,38.2,24.5,1,University of Toronto
2025,Canada,Simon Fraser University,319,34.6,24.5,1,University of Toronto
2025,Canada,University of Saskatchewan,340,33.2,24.5,1,University of Toronto
2025,Canada,University of Victoria (UVic),349,32.6,24.5,1,University of Toronto
2025,Canada,York University,362,31.7,24.5,1,University of Toronto
2025,Canada,Concordia University,415,28.7,24.5,1,University of Toronto
2025,Canada,Université Laval,423,28.1,24.5,1,University of Toronto
2025,Canada,University of Guelph,456,26.3,24.5,1,University of Toronto
2025,Canada,University of Windsor,547,22.6,24.5,1,University of Toronto
2025,Germany,Ludwig-Maximilians-Universität München,59,71.6,23.6,1,Technical University of Munich
2025,Germany,Ruprecht-Karls-Universität Heidelberg,84,63.7,23.6,1,Technical University of Munich
2025,Germany,Freie Universitaet Berlin,97,60.6,23.6,1,Technical University of Munich
2025,Germany,RWTH Aachen University,99,59.9,23.6,1,Technical University of Munich
2025,Germany,"KIT, Karlsruhe Institute of Technology",102,59.4,23.6,1,Technical University of Munich
2025,Germany,Humboldt-Universität zu Berlin,126,55.0,23.6,1,Technical University of Munich
2025,Germany,Technische Universität Berlin (TU Berlin),147,52.5,23.6,1,Technical University of Munich
2025,Germany,Universität Hamburg,191,47.1,23.6,1,Technical University of Munich
2025,Germany,Albert-Ludwigs-Universitaet Freiburg,212,44.8,23.6,1,Technical University of Munich
2025,Germany,Eberhard Karls Universität Tübingen,222,43.7,23.6,1,Technical University of Munich
2025,Germany,Friedrich-Alexander-Universität Erlangen-Nürnberg,224,43.6,23.6,1,Technical University of Munich
2025,Germany,Rheinische Friedrich-Wilhelms-Universität Bonn,227,43.5,23.6,1,Technical University of Munich
2025,Germany,Technische Universität Dresden,234,42.6,23.6,1,Technical University of Munich
2025,Germany,Technical University of Darmstadt,241,41.7,23.6,1,Technical University of Munich
2025,Germany,University of Göttingen,252,40.3,23.6,1,Technical University of Munich
2025,Germany,University of Cologne,285,37.2,23.6,1,Technical University of Munich
2025,Germany,Goethe-University Frankfurt am Main,309,35.2,23.6,1,Technical University of Munich
2025,Germany,Universität Stuttgart,314,34.9,23.6,1,Technical University of Munich
2025,Germany,Westfälische Wilhelms-Universität Münster ,367,31.5,23.6,1,Technical University of Munich
2025,Germany,Technische Universität Bergakademie Freiberg,380,30.8,23.6,1,Technical University of Munich
2025,Germany,Ruhr-Universität Bochum,396,29.7,23.6,1,Technical University of Munich
2025,Germany,Leibniz University Hannover,426,27.9,23.6,1,Technical University of Munich
2025,Germany,Julius-Maximilians-Universität Würzburg,428,27.8,23.6,1,Technical University of Munich
2025,Germany,Justus-Liebig-University Giessen,445,26.7,23.6,1,Technical University of Munich
2025,Germany,Universität Konstanz,466,25.7,23.6,1,Technical University of Munich
2025,Germany,Universität Potsdam,474,25.2,23.6,1,Technical University of Munich
2025,Germany,Universität Mannheim,487,24.7,23.6,1,Technical University of Munich
2025,Germany,Johannes Gutenberg Universität Mainz,501,24.1,23.6,1,Technical University of Munich
2025,Germany,Universität Jena,526,23.3,23.6,1,Technical University of Munich
2025,Germany,Universität Leipzig,527,23.2,23.6,1,Technical University of Munich
2025,Germany,University of Bayreuth,527,23.2,23.6,1,Technical University of Munich
2025,Germany,University Ulm,554,22.4,23.6,1,Technical University of Munich
2025,Germany,Universität Bremen,592,21.0,23.6,1,Technical University of Munich
2025,South Korea,KAIST - Korea Advanced Institute of Science & Technology,53,75.7,22.7,1,Seoul National University
2025,South Korea,Yonsei University,56,72.9,22.7,1,Seoul National University
2025,South Korea,Korea University,67,69.0,22.7,1,Seoul National University
2025,South Korea,Pohang University of Science And Technology (POSTECH),98,60.3,22.7,1,Seoul National University
2025,South Korea,Sungkyunkwan University(SKKU),123,55.5,22.7,1,Seoul National University
2025,South Korea,Hanyang University,162,51.1,22.7,1,Seoul National University
2025,South Korea,Ulsan National Institute of Science and Technology (UNIST),280,38.0,22.7,1,Seoul National University
2025,South Korea,Daegu Gyeongbuk Institute of Science and Technology (DGIST),326,34.0,22.7,1,Seoul National University
2025,South Korea,Kyung Hee University,328,33.8,22.7,1,Seoul National University
2025,South Korea,Gwangju Institute of Science and Technology (GIST),359,31.9,22.7,1,Seoul National University
2025,South Korea,Sejong University ,396,29.7,22.7,1,Seoul National University
2025,South Korea,Chung-Ang University (CAU),489,24.5,22.7,1,Seoul National University
2025,South Korea,Ewha Womans University,511,23.8,22.7,1,Seoul National University
2025,South Korea,Kyungpook National University,516,23.6,22.7,1,Seoul National University
2025,South Korea,Pusan National University,524,23.4,22.7,1,Seoul National University
2025,South Korea,Sogang University,576,21.4,22.7,1,Seoul National University
2025,Japan,Kyoto University,50,76.0,22.5,1,The University of Tokyo
2025,Japan,Tokyo Institute of Technology (Tokyo Tech),84,63.7,22.5,1,The University of Tokyo
2025,Japan,Osaka University,86,63.5,22.5,1,The University of Tokyo
2025,Japan,Tohoku University,107,58.8,22.5,1,The University of Tokyo
2025,Japan,Nagoya University,152,51.9,22.5,1,The University of Tokyo
2025,Japan,Kyushu University,167,50.3,22.5,1,The University of Tokyo
2025,Japan,Hokkaido University,173,49.8,22.5,1,The University of Tokyo
2025,Japan,Waseda University,181,48.5,22.5,1,The University of Tokyo
2025,Japan,Keio University,188,47.4,22.5,1,The University of Tokyo
2025,Japan,University of Tsukuba,377,31.1,22.5,1,The University of Tokyo
2025,Japan,Kobe University,465,25.8,22.5,1,The University of Tokyo
2025,Japan,Hiroshima University,474,25.2,22.5,1,The University of Tokyo
2025,Japan,Hitotsubashi University,539,22.8,22.5,1,The University of Tokyo
2025,Netherlands,University of Amsterdam,55,73.7,17.4,1,Delft University of Technology
2025,Netherlands,Utrecht University,105,59.1,17.4,1,Delft University of Technology
2025,Netherlands,Eindhoven University of Technology,136,54.0,17.4,1,Delft University of Technology
2025,Netherlands,Leiden University,141,53.6,17.4,1,Delft University of Technology
2025,Netherlands,Wageningen University & Research,155,51.6,17.4,1,Delft University of Technology
2025,Netherlands,Erasmus University Rotterdam ,158,51.5,17.4,1,Delft University of Technology
2025,Netherlands,University of Groningen,159,51.3,17.4,1,Delft University of Technology
2025,Netherlands,Vrije Universiteit Amsterdam,221,43.8,17.4,1,Delft University of Technology
2025,Netherlands,Maastricht University ,230,43.0,17.4,1,Delft University of Technology
2025,Netherlands,University of Twente,233,42.7,17.4,1,Delft University of Technology
2025,Netherlands,Radboud University ,272,38.4,17.4,1,Delft University of Technology
2025,Netherlands,Tilburg University,347,32.8,17.4,1,Delft University of Technology
2025,Malaysia,Universiti Kebangsaan Malaysia (UKM),138,53.8,11.6,1,Universiti Malaya (UM)
2025,Malaysia,Universiti Sains Malaysia (USM),146,52.7,11.6,1,Universiti Malaya (UM)
2025,Malaysia,Universiti Putra Malaysia (UPM),148,52.3,11.6,1,Universiti Malaya (UM)
2025,Malaysia,Universiti Teknologi Malaysia ,181,48.5,11.6,1,Universiti Malaya (UM)
2025,Malaysia,Taylor's University,251,40.5,11.6,1,Universiti Malaya (UM)
2025,Malaysia,UCSI University,265,38.8,11.6,1,Universiti Malaya (UM)
2025,Malaysia,Universiti Teknologi PETRONAS (UTP),269,38.6,11.6,1,Universiti Malaya (UM)
2025,Malaysia,INTI International University,516,23.6,11.6,1,Universiti Malaya (UM)
2025,Malaysia,Sunway University,539,22.8,11.6,1,Universiti Malaya (UM)
2025,Malaysia,Universiti Utara Malaysia (UUM),554,22.4,11.6,1,Universiti Malaya (UM)
2025,Malaysia,Management and Science University,580,21.3,11.6,1,Universiti Malaya (UM)
2025,Malaysia,Universiti Teknologi MARA - UiTM,587,21.1,11.6,1,Universiti Malaya (UM)
2025,Belgium,Ghent University,169,50.1,10.7,1,KU Leuven
2025,Belgium,Université catholique de Louvain (UCLouvain),203,46.0,10.7,1,KU Leuven
2025,Belgium,Universite libre de Bruxelles,230,43.0,10.7,1,KU Leuven
2025,Belgium,University of Antwerp,267,38.7,10.7,1,KU Leuven
2025,Belgium,Vrije Universiteit Brussel (VUB),278,38.1,10.7,1,KU Leuven
2025,Belgium,Université de Liège,396,29.7,10.7,1,KU Leuven
2025,Belgium,Hasselt University ,554,22.4,10.7,1,KU Leuven
2025,New Zealand,University of Otago,214,44.4,10.1,1,The University of Auckland
2025,New Zealand,University of Waikato,235,42.5,10.1,1,The University of Auckland
2025,New Zealand,Massey University,239,41.8,10.1,1,The University of Auckland
2025,New Zealand,Victoria University of Wellington,244,41.2,10.1,1,The University of Auckland
2025,New Zealand,University of Canterbury | Te Whare Wananga o Waitaha,261,39.4,10.1,1,The University of Auckland
2025,New Zealand,Lincoln University ,371,31.3,10.1,1,The University of Auckland
2025,New Zealand,Auckland University of Technology (AUT),412,28.9,10.1,1,The University of Auckland
2025,Taiwan,National Tsing Hua University,210,45.1,9.1,1,National Taiwan University (NTU)
2025,Taiwan,National Cheng Kung University (NCKU),215,44.2,9.1,1,National Taiwan University (NTU)
2025,Taiwan,National Yang Ming Chiao Tung University,219,43.9,9.1,1,National Taiwan University (NTU)
2025,Taiwan,National Taiwan University of Science and Technology (Taiwan Tech),392,30.0,9.1,1,National Taiwan University (NTU)
2025,Taiwan,National Taipei University of Technology,425,28.0,9.1,1,National Taiwan University (NTU)
2025,Taiwan,National Taiwan Normal University,452,26.4,9.1,1,National Taiwan University (NTU)
2025,Taiwan,National Sun Yat-sen University,485,24.8,9.1,1,National Taiwan University (NTU)
2025,Argentina,Pontificia Universidad Católica Argentina,481,25.0,8.0,1,Universidad de Buenos Aires (UBA)
2025,Argentina,Universidad Austral,524,23.4,8.0,1,Universidad de Buenos Aires (UBA)
2025,Argentina,Universidad Nacional de La Plata (UNLP),534,23.0,8.0,1,Universidad de Buenos Aires (UBA)
2025,Sweden,Lund University,75,65.6,6.1,1,KTH Royal Institute of Technology 
2025,Sweden,Uppsala University,103,59.3,6.1,1,KTH Royal Institute of Technology 
2025,Sweden,Stockholm University,128,54.8,6.1,1,KTH Royal Institute of Technology 
2025,Sweden,Chalmers University of Technology,139,53.7,6.1,1,KTH Royal Institute of Technology 
2025,Sweden,University of Gothenburg,194,46.7,6.1,1,KTH Royal Institute of Technology 
2025,Sweden,Linköping University,304,35.8,6.1,1,KTH Royal Institute of Technology 
2025,Sweden,Umea University,456,26.3,6.1,1,KTH Royal Institute of Technology 
2025,Ireland,University College Dublin,126,55.0,3.3,1,"Trinity College Dublin, The University of Dublin"
2025,Ireland,University College Cork,273,38.3,3.3,1,"Trinity College Dublin, The University of Dublin"
2025,Ireland,University of Galway,273,38.3,3.3,1,"Trinity College Dublin, The University of Dublin"
2025,Ireland,Dublin City University,421,28.3,3.3,1,"Trinity College Dublin, The University of Dublin"
2025,Ireland,University of Limerick,421,28.3,3.3,1,"Trinity College Dublin, The University of Dublin"
2025,Brazil,Universidade Estadual de Campinas (Unicamp),232,42.9,2.0,1,Universidade de São Paulo
2025,Brazil,Universidade Federal do Rio de Janeiro,304,35.8,2.0,1,Universidade de São Paulo
2025,Brazil,UNESP,489,24.5,2.0,1,Universidade de São Paulo
2025,Chile,Universidad de Chile,139,53.7,1.9,1,Pontificia Universidad Católica de Chile (UC)
2025,Chile,Universidad de Santiago de Chile (USACH),461,26.1,1.9,1,Pontificia Universidad Católica de Chile (UC)
2025,Chile,Universidad Adolfo Ibáñez,576,21.4,1.9,1,Pontificia Universidad Católica de Chile (UC)
2025,Russia,Bauman Moscow State Technical University,298,36.5,1.8,1,Lomonosov Moscow State University
2025,Russia,RUDN University,316,34.7,1.8,1,Lomonosov Moscow State University
2025,Russia,Saint Petersburg State University,365,31.6,1.8,1,Lomonosov Moscow State University
2025,Russia,Kazan (Volga region) Federal University,401,29.6,1.8,1,Lomonosov Moscow State University
2025,Russia,HSE University,410,29.0,1.8,1,Lomonosov Moscow State University
2025,Russia,Tomsk State University,431,27.6,1.8,1,Lomonosov Moscow State University
2025,Russia,Novosibirsk State University,442,26.8,1.8,1,Lomonosov Moscow State University
2025,Russia,Moscow Institute of Physics and Technology (MIPT / Moscow Phystech),456,26.3,1.8,1,Lomonosov Moscow State University
2025,Russia,National Research Nuclear University MEPhI (Moscow Engineering Physics Institute),497,24.2,1.8,1,Lomonosov Moscow State University
2025,Russia,Ural Federal University - UrFU,516,23.6,1.8,1,Lomonosov Moscow State University
2025,Russia,Peter the Great St. Petersburg Polytechnic University,559,22.3,1.8,1,Lomonosov Moscow State University
2025,Russia,MGIMO University,567,21.9,1.8,1,Lomonosov Moscow State University
2025,Russia,National Research Tomsk Polytechnic University,576,21.4,1.8,1,Lomonosov Moscow State University
2025,Russia,ITMO University,595,20.9,1.8,1,Lomonosov Moscow State University
2025,Mexico,Tecnológico de Monterrey,185,48.1,1.8,1,Universidad Nacional Autónoma de México (UNAM)
2025,Denmark,Technical University of Denmark,109,58.3,0.0,1,University of Copenhagen
2025,Denmark,Aarhus University,144,53.3,0.0,1,University of Copenhagen
2025,Denmark,Aalborg University,306,35.7,0.0,1,University of Copenhagen
2025,Denmark,University of Southern Denmark (SDU),324,34.1,0.0,1,University of Copenhagen
2025,Saudi Arabia,King Abdulaziz University (KAU),149,52.2,-0.1,0,King Fahd University of Petroleum & Minerals
2025,Saudi Arabia,King Saud University,200,46.2,-0.1,0,King Fahd University of Petroleum & Minerals
2025,Saudi Arabia,Imam Abdulrahman Bin Faisal University (IAU) (formerly UNIVERSITY OF DAMMAM),513,23.7,-0.1,0,King Fahd University of Petroleum & Minerals
2025,Saudi Arabia,Prince Mohammad Bin Fahd university,513,23.7,-0.1,0,King Fahd University of Petroleum & Minerals
2025,Saudi Arabia,Umm Al-Qura University ,559,22.3,-0.1,0,King Fahd University of Petroleum & Minerals
2025,Italy,Sapienza University of Rome,132,54.2,-1.4,0,Politecnico di Milano
2025,Italy,Alma Mater Studiorum - University of Bologna,133,54.1,-1.4,0,Politecnico di Milano
2025,Italy,Università di Padova,236,42.3,-1.4,0,Politecnico di Milano
2025,Italy,Politecnico di Torino,241,41.7,-1.4,0,Politecnico di Milano
2025,Italy,University of Milan,285,37.2,-1.4,0,Politecnico di Milano
2025,Italy,University of Naples - Federico II,347,32.8,-1.4,0,Politecnico di Milano
2025,Italy,University of Turin,371,31.3,-1.4,0,Politecnico di Milano
2025,Italy,University of Florence,375,31.2,-1.4,0,Politecnico di Milano
2025,Italy,University of Pisa,382,30.7,-1.4,0,Politecnico di Milano
2025,Italy,Università Vita-Salute San Raffaele,389,30.1,-1.4,0,Politecnico di Milano
2025,Italy,"University of Rome ""Tor Vergata""",393,29.9,-1.4,0,Politecnico di Milano
2025,Italy,Università degli Studi di Pavia,440,27.0,-1.4,0,Politecnico di Milano
2025,Italy,Università Cattolica del Sacro Cuore,442,26.8,-1.4,0,Politecnico di Milano
2025,Italy,University of Trento,506,24.0,-1.4,0,Politecnico di Milano
2025,Italy,University of Milano-Bicocca ,513,23.7,-1.4,0,Politecnico di Milano
2025,Italy,University of Genoa,547,22.6,-1.4,0,Politecnico di Milano
2025,Italy,Politecnico di Bari,580,21.3,-1.4,0,Politecnico di Milano
2025,Finland,University of Helsinki,117,56.8,-1.7,0,Aalto University
2025,Finland,Lappeenranta-Lahti University of Technology LUT,336,33.3,-1.7,0,Aalto University
2025,Finland,University of Oulu,344,32.9,-1.7,0,Aalto University
2025,Finland,University of Turku,375,31.2,-1.7,0,Aalto University
2025,Finland,Tampere University,462,26.0,-1.7,0,Aalto University
2025,Finland,University of Jyväskylä,489,24.5,-1.7,0,Aalto University
2025,Finland,University of Eastern Finland,535,22.9,-1.7,0,Aalto University
2025,India,Indian Institute of Technology Delhi (IITD),150,52.1,-3.3,0,Indian Institute of Technology Bombay (IITB)
2025,India,Indian Institute of Science,211,45.0,-3.3,0,Indian Institute of Technology Bombay (IITB)
2025,India,Indian Institute of Technology Kharagpur (IIT-KGP),222,43.7,-3.3,0,Indian Institute of Technology Bombay (IITB)
2025,India,Indian Institute of Technology Madras (IITM),227,43.5,-3.3,0,Indian Institute of Technology Bombay (IITB)
2025,India,Indian Institute of Technology Kanpur (IITK),263,39.3,-3.3,0,Indian Institute of Technology Bombay (IITB)
2025,India,University of Delhi,328,33.8,-3.3,0,Indian Institute of Technology Bombay (IITB)
2025,India,Indian Institute of Technology Roorkee (IITR),335,33.4,-3.3,0,Indian Institute of Technology Bombay (IITB)
2025,India,Indian Institute of Technology Guwahati (IITG),344,32.9,-3.3,0,Indian Institute of Technology Bombay (IITB)
2025,India,Anna University,383,30.6,-3.3,0,Indian Institute of Technology Bombay (IITB)
2025,India,Indian Institute of Technology Indore (IIT Indore),477,25.1,-3.3,0,Indian Institute of Technology Bombay (IITB)
2025,India,Indian Institute of Technology (BHU) Varanasi,531,23.1,-3.3,0,Indian Institute of Technology Bombay (IITB)
2025,India,Jawaharlal Nehru University,580,21.3,-3.3,0,Indian Institute of Technology Bombay (IITB)
2025,India,Shoolini University of Biotechnology and Management Sciences,587,21.1,-3.3,0,Indian Institute of Technology Bombay (IITB)
2025,Norway,Norwegian University of Science And Technology,264,39.1,-3.5,0,University of Oslo
2025,Norway,University of Bergen,291,37.1,-3.5,0,University of Oslo
2025,Qatar,Hamad Bin Khalifa University,183,48.3,-3.9,0,Qatar University
2025,Austria,Technische Universität Wien,190,47.2,-5.7,0,University of Vienna
2025,Austria,Universität Innsbruck,309,35.2,-5.7,0,University of Vienna
2025,Austria,Graz University of Technology,413,28.8,-5.7,0,University of Vienna
2025,Austria,Johannes Kepler University Linz,472,25.3,-5.7,0,University of Vienna
2025,Kazakhstan,L.N. Gumilyov Eurasian National University (ENU),321,34.2,-8.6,0,Al-Farabi Kazakh National University
2025,Kazakhstan,Satbayev University,405,29.3,-8.6,0,Al-Farabi Kazakh National University
2025,Spain,Universitat de Barcelona,165,50.7,-8.7,0,Complutense University of Madrid
2025,Spain,Universitat Autònoma de Barcelona,175,49.2,-8.7,0,Complutense University of Madrid
2025,Spain,Universidad Autónoma de Madrid,198,46.3,-8.7,0,Complutense University of Madrid
2025,Spain,University of Navarra,249,40.7,-8.7,0,Complutense University of Madrid
2025,Spain,Universitat Pompeu Fabra (Barcelona),265,38.8,-8.7,0,Complutense University of Madrid
2025,Spain,Universidad Carlos III de Madrid (UC3M),285,37.2,-8.7,0,Complutense University of Madrid
2025,Spain,Universidad Politécnica de Madrid (UPM),321,34.2,-8.7,0,Complutense University of Madrid
2025,Spain,Universitat Politècnica de Catalunya · BarcelonaTech (UPC),371,31.3,-8.7,0,Complutense University of Madrid
2025,Spain,University of Granada,431,27.6,-8.7,0,Complutense University of Madrid
2025,Spain,IE University,435,27.4,-8.7,0,Complutense University of Madrid
2025,Spain,Universitat Politècnica de València,436,27.2,-8.7,0,Complutense University of Madrid
2025,Spain,Universitat de Valencia,445,26.7,-8.7,0,Complutense University of Madrid
2025,Spain,Universidad de Sevilla,462,26.0,-8.7,0,Complutense University of Madrid
2025,Spain,Universitat Ramon Llull,466,25.7,-8.7,0,Complutense University of Madrid
2025,Spain,University of Salamanca,539,22.8,-8.7,0,Complutense University of Madrid
2025,Spain,Universidad de Zaragoza,544,22.7,-8.7,0,Complutense University of Madrid
2025,Spain,Universidad Pontificia Comillas,544,22.7,-8.7,0,Complutense University of Madrid
2025,South Africa,University of Witwatersrand,267,38.7,-9.6,0,University of Cape Town
2025,South Africa,Stellenbosch University,296,36.7,-9.6,0,University of Cape Town
2025,South Africa,University of Johannesburg,312,35.0,-9.6,0,University of Cape Town
2025,South Africa,University of Pretoria,354,32.2,-9.6,0,University of Cape Town
2025,South Africa,University of Kwazulu-Natal,587,21.1,-9.6,0,University of Cape Town
2025,Colombia,Universidad Nacional de Colombia,219,43.9,-10.9,0,Universidad de los Andes
2025,Colombia,Pontificia Universidad Javeriana,377,31.1,-10.9,0,Universidad de los Andes
2025,United Arab Emirates,American University of Sharjah,332,33.6,-13.5,0,Khalifa University of Science and Technology
2025,United Arab Emirates,Canadian University Dubai,523,23.5,-13.5,0,Khalifa University of Science and Technology
2025,United Arab Emirates,Abu Dhabi University,501,24.1,-13.5,0,Khalifa University of Science and Technology
2025,United Arab Emirates,Ajman University,477,25.1,-13.5,0,Khalifa University of Science and Technology
2025,United Arab Emirates,University of Sharjah,434,27.5,-13.5,0,Khalifa University of Science and Technology
2025,United Arab Emirates,American University of Ras Al Khaimah ( AURAK ),485,24.8,-13.5,0,Khalifa University of Science and Technology
2025,United Arab Emirates,United Arab Emirates University,261,39.4,-13.5,0,Khalifa University of Science and Technology
2025,United Arab Emirates,Al Ain University,552,22.5,-13.5,0,Khalifa University of Science and Technology
2025,Indonesia,Gadjah Mada University,239,41.8,-13.9,0,Universitas Indonesia
2025,Indonesia,Bandung Institute of Technology (ITB),256,39.9,-13.9,0,Universitas Indonesia
2025,Indonesia,Airlangga University,308,35.3,-13.9,0,Universitas Indonesia
2025,Indonesia,IPB University (a.k.a. Bogor Agricultural University),426,27.9,-13.9,0,Universitas Indonesia
2025,Indonesia,Institut Teknologi Sepuluh Nopember (ITS Surabaya),585,21.2,-13.9,0,Universitas Indonesia
2025,Indonesia,Universitas Padjadjaran,596,20.8,-13.9,0,Universitas Indonesia
2025,Israel,The Hebrew University of Jerusalem,281,37.9,-14.4,0,Tel Aviv University
2025,Israel,Technion - Israel Institute of Technology,416,28.6,-14.4,0,Tel Aviv University
2025,Israel,Ben-Gurion University of The Negev,471,25.5,-14.4,0,Tel Aviv University
2025,Thailand,Mahidol University,368,31.4,-16.2,0,Chulalongkorn University
2025,Thailand,Chiang Mai University,567,21.9,-16.2,0,Chulalongkorn University
2025,Thailand,Thammasat University,596,20.8,-16.2,0,Chulalongkorn University
2025,Macau SAR,Macau University of Science and Technology,464,25.9,-18.5,0,University of Macau
2025,Czech Republic,Masaryk University,408,29.1,-18.6,0,Charles University
2025,Czech Republic,Czech Technical University in Prague,420,28.4,-18.6,0,Charles University
2025,Czech Republic,"University of Chemistry and Technology, Prague",570,21.8,-18.6,0,Charles University
2025,Lebanon,Lebanese University,567,21.9,-19.0,0,American University of Beirut (AUB)
2025,Poland,Jagiellonian University,312,35.0,-19.8,0,University of Warsaw 
2025,Poland,Warsaw University of Technology,527,23.2,-19.8,0,University of Warsaw 
2025,Portugal,University of Porto,278,38.1,-20.0,0,University of Lisbon 
2025,Portugal,University of Coimbra,355,32.1,-20.0,0,University of Lisbon 
2025,Portugal,University of Aveiro,359,31.9,-20.0,0,University of Lisbon 
2025,Portugal,Universidade Nova de Lisboa,388,30.2,-20.0,0,University of Lisbon 
2025,Turkey,Istanbul Technical University,326,34.0,-22.4,0,Middle East Technical University
2025,Turkey,Koç University,401,29.6,-22.4,0,Middle East Technical University
2025,Turkey,Bogaziçi University,418,28.5,-22.4,0,Middle East Technical University
2025,Turkey,Bilkent University,477,25.1,-22.4,0,Middle East Technical University
2025,Turkey,Sabanci University,516,23.6,-22.4,0,Middle East Technical University
2025,Pakistan,National University of Sciences And Technology (NUST) Islamabad,353,32.3,-24.8,0,Quaid-i-Azam University
2025,Pakistan,Lahore University of Management Sciences (LUMS),535,22.9,-24.8,0,Quaid-i-Azam University
2025,Pakistan,University of the Punjab,570,21.8,-24.8,0,Quaid-i-Azam University
2025,Greece,National and Kapodistrian University of Athens,393,29.9,-25.4,0,National Technical University of Athens
2025,Greece,Aristotle University of Thessaloniki,508,23.9,-25.4,0,National Technical University of Athens
2025,Philippines,Ateneo de Manila University,516,23.6,-26.3,0,University of the Philippines
2025,"Iran, Islamic Republic of",University of Tehran,368,31.4,-26.6,0,Sharif University of Technology
2025,"Iran, Islamic Republic of",Amirkabir University of Technology,403,29.5,-26.6,0,Sharif University of Technology
2025,"Iran, Islamic Republic of",Iran University of Science and Technology,436,27.2,-26.6,0,Sharif University of Technology
2025,"Iran, Islamic Republic of",Isfahan University of Technology,489,24.5,-26.6,0,Sharif University of Technology
2025,"Iran, Islamic Republic of",University of Tabriz,552,22.5,-26.6,0,Sharif University of Technology
2025,Egypt,The American University in Cairo,410,29.0,-27.1,0,Cairo University
2025,Egypt,Ain Shams University ,592,21.0,-27.1,0,Cairo University
2025,Jordan,Jordan University of Science & Technology,554,22.4,-28.2,0,University of Jordan
2025,Brunei,Universiti Teknologi Brunei,562,22.2,-29.2,0,Universiti Brunei Darussalam (UBD)
2025,Hungary,University of Szeged,570,21.8,-37.5,0,Eötvös Loránd University
2025,Hungary,University of Debrecen,574,21.5,-37.5,0,Eötvös Loránd University
2026,United States of America,Stanford University,3,98.9,31.5,1,Massachusetts Institute of Technology (MIT)
2026,United States of America,Harvard University,5,97.7,31.5,1,Massachusetts Institute of Technology (MIT)
2026,United States of America,California Institute of Technology (Caltech),10,94.3,31.5,1,Massachusetts Institute of Technology (MIT)
2026,United States of America,University of Chicago,13,93.0,31.5,1,Massachusetts Institute of Technology (MIT)
2026,United States of America,University of Pennsylvania,15,92.5,31.5,1,Massachusetts Institute of Technology (MIT)
2026,United States of America,Cornell University,16,91.6,31.5,1,Massachusetts Institute of Technology (MIT)
2026,United States of America,"University of California, Berkeley (UCB)",17,91.2,31.5,1,Massachusetts Institute of Technology (MIT)
2026,United States of America,Yale University,21,90.4,31.5,1,Massachusetts Institute of Technology (MIT)
2026,United States of America,Johns Hopkins University,24,89.7,31.5,1,Massachusetts Institute of Technology (MIT)
2026,United States of America,Princeton University,25,89.4,31.5,1,Massachusetts Institute of Technology (MIT)
2026,United States of America,Columbia University,38,85.6,31.5,1,Massachusetts Institute of Technology (MIT)
2026,United States of America,Northwestern University,42,85.1,31.5,1,Massachusetts Institute of Technology (MIT)
2026,United States of America,University of Michigan-Ann Arbor,45,84.7,31.5,1,Massachusetts Institute of Technology (MIT)
2026,United States of America,"University of California, Los Angeles (UCLA)",46,84.4,31.5,1,Massachusetts Institute of Technology (MIT)
2026,United States of America,Carnegie Mellon University,52,82.3,31.5,1,Massachusetts Institute of Technology (MIT)
2026,United States of America,New York University (NYU),55,81.1,31.5,1,Massachusetts Institute of Technology (MIT)
2026,United States of America,Duke University,62,79.0,31.5,1,Massachusetts Institute of Technology (MIT)
2026,United States of America,"University of California, San Diego (UCSD)",66,76.9,31.5,1,Massachusetts Institute of Technology (MIT)
2026,United States of America,University of Texas at Austin,68,76.4,31.5,1,Massachusetts Institute of Technology (MIT)
2026,United States of America,Brown University,69,76.2,31.5,1,Massachusetts Institute of Technology (MIT)
2026,United States of America,University of Illinois at Urbana-Champaign,70,75.9,31.5,1,Massachusetts Institute of Technology (MIT)
2026,United States of America,University of Washington,81,72.7,31.5,1,Massachusetts Institute of Technology (MIT)
2026,United States of America,Pennsylvania State University,82,72.6,31.5,1,Massachusetts Institute of Technology (MIT)
2026,United States of America,Boston University,88,71.1,31.5,1,Massachusetts Institute of Technology (MIT)
2026,United States of America,Purdue University,88,71.1,31.5,1,Massachusetts Institute of Technology (MIT)
2026,United States of America,University of Wisconsin-Madison,110,66.6,31.5,1,Massachusetts Institute of Technology (MIT)
2026,United States of America,"University of California, Davis",114,66.3,31.5,1,Massachusetts Institute of Technology (MIT)
2026,United States of America,Rice University,119,65.7,31.5,1,Massachusetts Institute of Technology (MIT)
2026,United States of America,Georgia Institute of Technology,123,65.5,31.5,1,Massachusetts Institute of Technology (MIT)
2026,United States of America,"University of North Carolina, Chapel Hill",140,63.2,31.5,1,Massachusetts Institute of Technology (MIT)
2026,United States of America,Texas A&M University,144,63.0,31.5,1,Massachusetts Institute of Technology (MIT)
2026,United States of America,University of Southern California,146,62.6,31.5,1,Massachusetts Institute of Technology (MIT)
2026,United States of America,Michigan State University,161,60.9,31.5,1,Massachusetts Institute of Technology (MIT)
2026,United States of America,Washington University in St. Louis,167,59.6,31.5,1,Massachusetts Institute of Technology (MIT)
2026,United States of America,Arizona State University,173,59.1,31.5,1,Massachusetts Institute of Technology (MIT)
2026,United States of America,"University of California, Santa Barbara (UCSB)",179,58.7,31.5,1,Massachusetts Institute of Technology (MIT)
2026,United States of America,Emory University,182,57.7,31.5,1,Massachusetts Institute of Technology (MIT)
2026,United States of America,Ohio State University,190,56.9,31.5,1,Massachusetts Institute of Technology (MIT)
2026,United States of America,"University of Maryland, College Park",207,54.9,31.5,1,Massachusetts Institute of Technology (MIT)
2026,United States of America,University of Minnesota (System),210,54.8,31.5,1,Massachusetts Institute of Technology (MIT)
2026,United States of America,University of Florida,212,54.6,31.5,1,Massachusetts Institute of Technology (MIT)
2026,United States of America,University of Rochester,236,51.9,31.5,1,Massachusetts Institute of Technology (MIT)
2026,United States of America,Dartmouth College,247,50.6,31.5,1,Massachusetts Institute of Technology (MIT)
2026,United States of America,"University of Massachusetts, Amherst",247,50.6,31.5,1,Massachusetts Institute of Technology (MIT)
2026,United States of America,Vanderbilt University,250,50.4,31.5,1,Massachusetts Institute of Technology (MIT)
2026,United States of America,North Carolina State University,272,48.2,31.5,1,Massachusetts Institute of Technology (MIT)
2026,United States of America,University of Virginia,275,48.1,31.5,1,Massachusetts Institute of Technology (MIT)
2026,United States of America,University of Pittsburgh,281,47.3,31.5,1,Massachusetts Institute of Technology (MIT)
2026,United States of America,Georgetown University,285,47.0,31.5,1,Massachusetts Institute of Technology (MIT)
2026,United States of America,University of Arizona,287,46.8,31.5,1,Massachusetts Institute of Technology (MIT)
2026,United States of America,"University of California, Irvine",293,46.1,31.5,1,Massachusetts Institute of Technology (MIT)
2026,United States of America,Case Western Reserve University,294,46.0,31.5,1,Massachusetts Institute of Technology (MIT)
2026,United States of America,University of Notre Dame,294,46.0,31.5,1,Massachusetts Institute of Technology (MIT)
2026,United States of America,University of Colorado Boulder,299,45.6,31.5,1,Massachusetts Institute of Technology (MIT)
2026,United States of America,Indiana University Bloomington,306,44.9,31.5,1,Massachusetts Institute of Technology (MIT)
2026,United States of America,University of Miami,314,44.3,31.5,1,Massachusetts Institute of Technology (MIT)
2026,United States of America,Rutgers University â New Brunswick,328,42.6,31.5,1,Massachusetts Institute of Technology (MIT)
2026,United States of America,Tufts University,334,42.3,31.5,1,Massachusetts Institute of Technology (MIT)
2026,United States of America,University of Illinois Chicago (UIC),334,42.3,31.5,1,Massachusetts Institute of Technology (MIT)
2026,United States of America,George Washington University,358,41.1,31.5,1,Massachusetts Institute of Technology (MIT)
2026,United States of America,Virginia Polytechnic Institute (Virginia Tech),358,41.1,31.5,1,Massachusetts Institute of Technology (MIT)
2026,United States of America,Northeastern University,384,39.3,31.5,1,Massachusetts Institute of Technology (MIT)
2026,United States of America,University at Buffalo SUNY,410,36.7,31.5,1,Massachusetts Institute of Technology (MIT)
2026,United States of America,Washington State University,423,36.1,31.5,1,Massachusetts Institute of Technology (MIT)
2026,United States of America,"University of California, Riverside",440,34.9,31.5,1,Massachusetts Institute of Technology (MIT)
2026,United States of America,Iowa State University,449,34.4,31.5,1,Massachusetts Institute of Technology (MIT)
2026,United States of America,Stony Brook University,452,34.2,31.5,1,Massachusetts Institute of Technology (MIT)
2026,United States of America,Colorado State University,458,34.0,31.5,1,Massachusetts Institute of Technology (MIT)
2026,United States of America,"University of California, Santa Cruz",458,34.0,31.5,1,Massachusetts Institute of Technology (MIT)
2026,United States of America,University of Kansas,465,33.8,31.5,1,Massachusetts Institute of Technology (MIT)
2026,United States of America,The University of Georgia,525,31.1,31.5,1,Massachusetts Institute of Technology (MIT)
2026,United States of America,Boston College,526,30.9,31.5,1,Massachusetts Institute of Technology (MIT)
2026,United States of America,University of Iowa,530,30.8,31.5,1,Massachusetts Institute of Technology (MIT)
2026,United States of America,University of Connecticut,534,30.7,31.5,1,Massachusetts Institute of Technology (MIT)
2026,United States of America,University of Utah,540,30.5,31.5,1,Massachusetts Institute of Technology (MIT)
2026,United States of America,University of Hawaii at MaÃ±oa,546,30.2,31.5,1,Massachusetts Institute of Technology (MIT)
2026,United States of America,Florida State University,549,30.1,31.5,1,Massachusetts Institute of Technology (MIT)
2026,United States of America,University of Delaware,553,29.8,31.5,1,Massachusetts Institute of Technology (MIT)
2026,United States of America,University of Houston,556,29.6,31.5,1,Massachusetts Institute of Technology (MIT)
2026,United States of America,Colorado School of Mines,571,29.2,31.5,1,Massachusetts Institute of Technology (MIT)
2026,United States of America,Florida International University,582,28.8,31.5,1,Massachusetts Institute of Technology (MIT)
2026,United States of America,American University,587,28.6,31.5,1,Massachusetts Institute of Technology (MIT)
2026,United States of America,Illinois Institute of Technology,591,28.5,31.5,1,Massachusetts Institute of Technology (MIT)
2026,United States of America,Tulane University,597,28.3,31.5,1,Massachusetts Institute of Technology (MIT)
2026,United States of America,University of Texas at Dallas,597,28.3,31.5,1,Massachusetts Institute of Technology (MIT)
2026,United States of America,University of Tennessee,607,28.0,31.5,1,Massachusetts Institute of Technology (MIT)
2026,United States of America,City University of New York,613,27.8,31.5,1,Massachusetts Institute of Technology (MIT)
2026,United States of America,Oregon State University,624,27.5,31.5,1,Massachusetts Institute of Technology (MIT)
2026,United States of America,Yeshiva University,624,27.5,31.5,1,Massachusetts Institute of Technology (MIT)
2026,United States of America,Missouri University of Science and Technology,628,27.4,31.5,1,Massachusetts Institute of Technology (MIT)
2026,United States of America,University of South Carolina,628,27.4,31.5,1,Massachusetts Institute of Technology (MIT)
2026,United States of America,University of South Florida,654,26.6,31.5,1,Massachusetts Institute of Technology (MIT)
2026,United States of America,University of Oklahoma,664,26.4,31.5,1,Massachusetts Institute of Technology (MIT)
2026,United States of America,Lehigh University,668,26.3,31.5,1,Massachusetts Institute of Technology (MIT)
2026,United States of America,Stevens Institute of Technology,673,26.2,31.5,1,Massachusetts Institute of Technology (MIT)
2026,United States of America,Rensselaer Polytechnic Institute,695,25.3,31.5,1,Massachusetts Institute of Technology (MIT)
2026,United States of America,"University of Missouri, Columbia",697,25.1,31.5,1,Massachusetts Institute of Technology (MIT)
2026,United Kingdom,University of Oxford,4,97.9,30.9,1,Imperial College London
2026,United Kingdom,University of Cambridge,6,97.2,30.9,1,Imperial College London
2026,United Kingdom,UCL (University College London),9,95.8,30.9,1,Imperial College London
2026,United Kingdom,King's College London (KCL),31,88.3,30.9,1,Imperial College London
2026,United Kingdom,University of Edinburgh,34,87.2,30.9,1,Imperial College London
2026,United Kingdom,The University of Manchester,35,86.4,30.9,1,Imperial College London
2026,United Kingdom,University of Bristol,51,82.5,30.9,1,Imperial College London
2026,United Kingdom,London School of Economics and Political Science (LSE),56,80.5,30.9,1,Imperial College London
2026,United Kingdom,The University of Warwick,74,75.2,30.9,1,Imperial College London
2026,United Kingdom,University of Birmingham,76,73.8,30.9,1,Imperial College London
2026,United Kingdom,University of Glasgow,79,73.4,30.9,1,Imperial College London
2026,United Kingdom,University of Leeds,86,72.0,30.9,1,Imperial College London
2026,United Kingdom,University of Southampton,87,71.2,30.9,1,Imperial College London
2026,United Kingdom,The University of Sheffield,92,70.9,30.9,1,Imperial College London
2026,United Kingdom,Durham University,94,70.1,30.9,1,Imperial College London
2026,United Kingdom,The University of Nottingham,97,69.4,30.9,1,Imperial College London
2026,United Kingdom,Queen Mary University of London (QMUL),110,66.6,30.9,1,Imperial College London
2026,United Kingdom,University of St Andrews,113,66.4,30.9,1,Imperial College London
2026,United Kingdom,University of Bath,132,64.2,30.9,1,Imperial College London
2026,United Kingdom,Newcastle University,137,63.9,30.9,1,Imperial College London
2026,United Kingdom,University of Liverpool,147,62.5,30.9,1,Imperial College London
2026,United Kingdom,University of Exeter,155,61.5,30.9,1,Imperial College London
2026,United Kingdom,Lancaster University,157,61.4,30.9,1,Imperial College London
2026,United Kingdom,University of York,169,59.4,30.9,1,Imperial College London
2026,United Kingdom,Cardiff University,181,57.8,30.9,1,Imperial College London
2026,United Kingdom,University of Reading,194,56.2,30.9,1,Imperial College London
2026,United Kingdom,Queen's University Belfast,199,55.7,30.9,1,Imperial College London
2026,United Kingdom,Loughborough University,225,53.3,30.9,1,Imperial College London
2026,United Kingdom,University of Strathclyde,251,50.2,30.9,1,Imperial College London
2026,United Kingdom,University of Aberdeen,262,49.3,30.9,1,Imperial College London
2026,United Kingdom,University of Surrey,262,49.3,30.9,1,Imperial College London
2026,United Kingdom,University of Sussex,278,47.9,30.9,1,Imperial College London
2026,United Kingdom,Heriot-Watt University,287,46.8,30.9,1,Imperial College London
2026,United Kingdom,Swansea University,292,46.2,30.9,1,Imperial College London
2026,United Kingdom,"City St Georgeâs, University of London",310,44.5,30.9,1,Imperial College London
2026,United Kingdom,University of Leicester,326,42.9,30.9,1,Imperial College London
2026,United Kingdom,Oxford Brookes University,374,40.0,30.9,1,Imperial College London
2026,United Kingdom,University of East Anglia (UEA),381,39.4,30.9,1,Imperial College London
2026,United Kingdom,Brunel University of London,385,39.1,30.9,1,Imperial College London
2026,United Kingdom,"Birkbeck College, University of London",388,38.5,30.9,1,Imperial College London
2026,United Kingdom,Aston University,395,38.1,30.9,1,Imperial College London
2026,United Kingdom,University of Kent,397,37.7,30.9,1,Imperial College London
2026,United Kingdom,University of Dundee,428,35.9,30.9,1,Imperial College London
2026,United Kingdom,University of Essex,456,34.1,30.9,1,Imperial College London
2026,United Kingdom,Royal Holloway University of London,461,33.9,30.9,1,Imperial College London
2026,United Kingdom,SOAS University of London,511,31.6,30.9,1,Imperial College London
2026,United Kingdom,University of Bradford,511,31.6,30.9,1,Imperial College London
2026,United Kingdom,University of Stirling,517,31.4,30.9,1,Imperial College London
2026,United Kingdom,University of Huddersfield,524,31.2,30.9,1,Imperial College London
2026,United Kingdom,University of Hull,526,30.9,30.9,1,Imperial College London
2026,United Kingdom,Northumbria University at Newcastle,550,30.0,30.9,1,Imperial College London
2026,United Kingdom,Coventry University,558,29.5,30.9,1,Imperial College London
2026,United Kingdom,Bangor University,566,29.3,30.9,1,Imperial College London
2026,United Kingdom,Nottingham Trent University,609,27.9,30.9,1,Imperial College London
2026,United Kingdom,University of Ulster,609,27.9,30.9,1,Imperial College London
2026,United Kingdom,University of Plymouth,613,27.8,30.9,1,Imperial College London
2026,United Kingdom,University of Portsmouth,635,27.2,30.9,1,Imperial College London
2026,United Kingdom,Manchester Metropolitan University,643,26.9,30.9,1,Imperial College London
2026,United Kingdom,"Kingston University, London",660,26.5,30.9,1,Imperial College London
2026,Switzerland,Ãcole Polytechnique FÃ©dÃ©rale de Lausanne,22,90.2,28.2,1,ETH Zurich (Swiss Federal Institute of Technology)
2026,Switzerland,University of Zurich (UZH),100,68.5,28.2,1,ETH Zurich (Swiss Federal Institute of Technology)
2026,Switzerland,University of Geneva,155,61.5,28.2,1,ETH Zurich (Swiss Federal Institute of Technology)
2026,Switzerland,University of Basel,158,61.3,28.2,1,ETH Zurich (Swiss Federal Institute of Technology)
2026,Switzerland,University of Bern,184,57.5,28.2,1,ETH Zurich (Swiss Federal Institute of Technology)
2026,Switzerland,University of Lausanne,212,54.6,28.2,1,ETH Zurich (Swiss Federal Institute of Technology)
2026,Switzerland,UniversitÃ  della Svizzera Italiana,473,33.5,28.2,1,ETH Zurich (Swiss Federal Institute of Technology)
2026,Switzerland,University of Fribourg,642,27.0,28.2,1,ETH Zurich (Swiss Federal Institute of Technology)
2026,Singapore,"Nanyang Technological University, Singapore (NTU Singapore)",12,93.7,27.4,1,National University of Singapore (NUS)
2026,Singapore,Singapore Management University,511,31.6,27.4,1,National University of Singapore (NUS)
2026,Singapore,Singapore University of Technology and Design,519,31.3,27.4,1,National University of Singapore (NUS)
2026,"Hong Kong SAR, China",The Chinese University of Hong Kong,32,87.4,25.7,1,The University of Hong Kong
2026,"Hong Kong SAR, China",The Hong Kong University of Science and Technology,44,84.8,25.7,1,The University of Hong Kong
2026,"Hong Kong SAR, China",The Hong Kong Polytechnic University,54,81.2,25.7,1,The University of Hong Kong
2026,"Hong Kong SAR, China",City University of Hong Kong,63,78.9,25.7,1,The University of Hong Kong
2026,"Hong Kong SAR, China",Hong Kong Baptist University,244,50.9,25.7,1,The University of Hong Kong
2026,"Hong Kong SAR, China",The Education University of Hong Kong,530,30.8,25.7,1,The University of Hong Kong
2026,China (Mainland),Tsinghua University,17,91.2,24.1,1,Peking University
2026,China (Mainland),Fudan University,30,88.4,24.1,1,Peking University
2026,China (Mainland),Shanghai Jiao Tong University,47,84.3,24.1,1,Peking University
2026,China (Mainland),Zhejiang University,49,84.0,24.1,1,Peking University
2026,China (Mainland),Nanjing University,103,67.7,24.1,1,Peking University
2026,China (Mainland),University of Science and Technology of China,132,64.2,24.1,1,Peking University
2026,China (Mainland),Tongji University,177,58.8,24.1,1,Peking University
2026,China (Mainland),Wuhan University,186,57.3,24.1,1,Peking University
2026,China (Mainland),Beijing Normal University,247,50.6,24.1,1,Peking University
2026,China (Mainland),Harbin Institute of Technology,256,49.8,24.1,1,Peking University
2026,China (Mainland),Tianjin University,257,49.7,24.1,1,Peking University
2026,China (Mainland),Beijing Institute of Technology,259,49.5,24.1,1,Peking University
2026,China (Mainland),Sun Yat-sen University,276,48.0,24.1,1,Peking University
2026,China (Mainland),Xi'an Jiaotong University,305,45.0,24.1,1,Peking University
2026,China (Mainland),Huazhong University of Science and Technology,319,43.8,24.1,1,Peking University
2026,China (Mainland),Sichuan University,324,43.0,24.1,1,Peking University
2026,China (Mainland),Shandong University,339,42.2,24.1,1,Peking University
2026,China (Mainland),Xiamen University,341,42.1,24.1,1,Peking University
2026,China (Mainland),Southern University of Science and Technology (SUSTech),343,41.8,24.1,1,Peking University
2026,China (Mainland),Nankai University,355,41.2,24.1,1,Peking University
2026,China (Mainland),University of Chinese Academy of Sciences (UCAS),362,40.9,24.1,1,Peking University
2026,China (Mainland),South China University of Technology,377,39.8,24.1,1,Peking University
2026,China (Mainland),Beihang University (former BUAA),388,38.5,24.1,1,Peking University
2026,China (Mainland),"Southeast University, China",392,38.2,24.1,1,Peking University
2026,China (Mainland),East China Normal University,433,35.6,24.1,1,Peking University
2026,China (Mainland),Shenzhen University,452,34.2,24.1,1,Peking University
2026,China (Mainland),Shanghai University,465,33.8,24.1,1,Peking University
2026,China (Mainland),Jilin University,473,33.5,24.1,1,Peking University
2026,China (Mainland),University of Science and Technology Beijing,480,33.2,24.1,1,Peking University
2026,China (Mainland),Dalian University of Technology,482,33.0,24.1,1,Peking University
2026,China (Mainland),Central South University,491,32.6,24.1,1,Peking University
2026,China (Mainland),Northwestern Polytechnical University,499,32.2,24.1,1,Peking University
2026,China (Mainland),China Agricultural University,504,32.0,24.1,1,Peking University
2026,China (Mainland),Chongqing University,504,32.0,24.1,1,Peking University
2026,China (Mainland),Hunan University,504,32.0,24.1,1,Peking University
2026,China (Mainland),University of Electronic Science and Technology of China,519,31.3,24.1,1,Peking University
2026,China (Mainland),Jinan University (China),540,30.5,24.1,1,Peking University
2026,China (Mainland),Renmin (Peopleâs) University of China,566,29.3,24.1,1,Peking University
2026,China (Mainland),Zhengzhou University,618,27.7,24.1,1,Peking University
2026,China (Mainland),China University of Mining and Technology,654,26.6,24.1,1,Peking University
2026,China (Mainland),East China University of Science and Technology,673,26.2,24.1,1,Peking University
2026,China (Mainland),Nanjing University of Aeronautics and Astronautics,680,25.9,24.1,1,Peking University
2026,China (Mainland),China University of Petroleum,686,25.7,24.1,1,Peking University
2026,China (Mainland),Beijing University of Chemical Technology,697,25.1,24.1,1,Peking University
2026,Australia,The University of New South Wales,20,90.7,22.3,1,The University of Melbourne
2026,Australia,The University of Sydney,25,89.4,22.3,1,The University of Melbourne
2026,Australia,Australian National University,32,87.4,22.3,1,The University of Melbourne
2026,Australia,Monash University,36,85.8,22.3,1,The University of Melbourne
2026,Australia,The University of Queensland,42,85.1,22.3,1,The University of Melbourne
2026,Australia,The University of Western Australia,77,73.7,22.3,1,The University of Melbourne
2026,Australia,Adelaide University,82,72.6,22.3,1,The University of Melbourne
2026,Australia,University of Technology Sydney,96,69.9,22.3,1,The University of Melbourne
2026,Australia,RMIT University,125,65.3,22.3,1,The University of Melbourne
2026,Australia,Macquarie University,138,63.3,22.3,1,The University of Melbourne
2026,Australia,Curtin University,183,57.6,22.3,1,The University of Melbourne
2026,Australia,University of Wollongong,184,57.5,22.3,1,The University of Melbourne
2026,Australia,Deakin University,207,54.9,22.3,1,The University of Melbourne
2026,Australia,Queensland University of Technology,226,53.2,22.3,1,The University of Melbourne
2026,Australia,The University of Newcastle,227,53.1,22.3,1,The University of Melbourne
2026,Australia,La Trobe University,233,52.1,22.3,1,The University of Melbourne
2026,Australia,Griffith University,268,48.7,22.3,1,The University of Melbourne
2026,Australia,Swinburne University of Technology,294,46.0,22.3,1,The University of Melbourne
2026,Australia,University of Tasmania,314,44.3,22.3,1,The University of Melbourne
2026,Australia,Flinders University,387,39.0,22.3,1,The University of Melbourne
2026,Australia,Western Sydney University,400,37.5,22.3,1,The University of Melbourne
2026,Australia,University of Southern Queensland,410,36.7,22.3,1,The University of Melbourne
2026,Australia,Murdoch University,423,36.1,22.3,1,The University of Melbourne
2026,Australia,James Cook University,440,34.9,22.3,1,The University of Melbourne
2026,Australia,Edith Cowan University,487,32.8,22.3,1,The University of Melbourne
2026,Australia,University of Canberra,494,32.5,22.3,1,The University of Melbourne
2026,Australia,Central Queensland University Australia (CQUniversity),499,32.2,22.3,1,The University of Melbourne
2026,Australia,Charles Darwin University,584,28.7,22.3,1,The University of Melbourne
2026,Australia,Bond University,591,28.5,22.3,1,The University of Melbourne
2026,Australia,Southern Cross University,638,27.1,22.3,1,The University of Melbourne
2026,Germany,Ludwig-Maximilians-UniversitÃ¤t MÃ¼nchen,58,80.1,21.7,1,Technical University of Munich
2026,Germany,Ruprecht-Karls-UniversitÃ¤t Heidelberg,80,73.0,21.7,1,Technical University of Munich
2026,Germany,Freie UniversitÃ¤t Berlin,88,71.1,21.7,1,Technical University of Munich
2026,Germany,Karlsruhe Institute of Technology (KIT),98,69.1,21.7,1,Technical University of Munich
2026,Germany,Rheinisch-WestfÃ¤lische Technische Hochschule Aachen,105,67.6,21.7,1,Technical University of Munich
2026,Germany,Humboldt-UniversitÃ¤t zu Berlin,130,64.5,21.7,1,Technical University of Munich
2026,Germany,Technische UniversitÃ¤t Berlin,145,62.8,21.7,1,Technical University of Munich
2026,Germany,UniversitÃ¤t Hamburg,193,56.5,21.7,1,Technical University of Munich
2026,Germany,UniversitÃ¤t Freiburg,201,55.6,21.7,1,Technical University of Munich
2026,Germany,Rheinische Friedrich-Wilhelms-UniversitÃ¤t Bonn,207,54.9,21.7,1,Technical University of Munich
2026,Germany,Eberhard Karls UniversitÃ¤t TÃ¼bingen,215,54.5,21.7,1,Technical University of Munich
2026,Germany,Technische UniversitÃ¤t Dresden,218,54.3,21.7,1,Technical University of Munich
2026,Germany,UniversitÃ¤t Erlangen-NÃ¼rnberg,232,52.2,21.7,1,Technical University of Munich
2026,Germany,Georg-August-UniversitÃ¤t GÃ¶ttingen,243,51.1,21.7,1,Technical University of Munich
2026,Germany,Technische UniversitÃ¤t Darmstadt,253,50.0,21.7,1,Technical University of Munich
2026,Germany,UniversitÃ¤t zu KÃ¶ln,272,48.2,21.7,1,Technical University of Munich
2026,Germany,UniversitÃ¤t Stuttgart,310,44.5,21.7,1,Technical University of Munich
2026,Germany,Goethe UniversitÃ¤t Frankfurt am Main,316,44.0,21.7,1,Technical University of Munich
2026,Germany,University of MÃ¼nster,350,41.5,21.7,1,Technical University of Munich
2026,Germany,Ruhr-UniversitÃ¤t Bochum,395,38.1,21.7,1,Technical University of Munich
2026,Germany,Julius-Maximilians-UniversitÃ¤t WÃ¼rzburg,416,36.5,21.7,1,Technical University of Munich
2026,Germany,UniversitÃ¤t Mannheim,416,36.5,21.7,1,Technical University of Munich
2026,Germany,Leibniz UniversitÃ¤t Hannover,433,35.6,21.7,1,Technical University of Munich
2026,Germany,UniversitÃ¤t Konstanz,440,34.9,21.7,1,Technical University of Munich
2026,Germany,UniversitÃ¤t Bayreuth,448,34.5,21.7,1,Technical University of Munich
2026,Germany,Johannes Gutenberg UniversitÃ¤t Mainz,452,34.2,21.7,1,Technical University of Munich
2026,Germany,UniversitÃ¤t Potsdam,477,33.4,21.7,1,Technical University of Munich
2026,Germany,Technische UniversitÃ¤t Bergakademie Freiberg,487,32.8,21.7,1,Technical University of Munich
2026,Germany,Justus-Liebig-UniversitÃ¤t GieÃen,496,32.4,21.7,1,Technical University of Munich
2026,Germany,UniversitÃ¤t Bremen,530,30.8,21.7,1,Technical University of Munich
2026,Germany,UniversitÃ¤t Leipzig,535,30.6,21.7,1,Technical University of Munich
2026,Germany,UniversitÃ¤t Ulm,546,30.2,21.7,1,Technical University of Munich
2026,Germany,UniversitÃ¤t Jena,575,29.1,21.7,1,Technical University of Munich
2026,Germany,Christian-Albrechts-UniversitÃ¤t zu Kiel,618,27.7,21.7,1,Technical University of Munich
2026,Germany,UniversitÃ¤t des Saarlandes,635,27.2,21.7,1,Technical University of Munich
2026,Germany,Technische UniversitÃ¤t Dortmund,673,26.2,21.7,1,Technical University of Munich
2026,Germany,UniversitÃ¤t Regensburg,691,25.4,21.7,1,Technical University of Munich
2026,Canada,University of Toronto,29,88.5,20.4,1,McGill University
2026,Canada,University of British Columbia,40,85.5,20.4,1,McGill University
2026,Canada,University of Alberta,94,70.1,20.4,1,McGill University
2026,Canada,University of Waterloo,119,65.7,20.4,1,McGill University
2026,Canada,Western University,151,62.0,20.4,1,McGill University
2026,Canada,University of Montreal,168,59.5,20.4,1,McGill University
2026,Canada,McMaster University,173,59.1,20.4,1,McGill University
2026,Canada,"Queen's University, Ontario",191,56.8,20.4,1,McGill University
2026,Canada,University of Calgary,211,54.7,20.4,1,McGill University
2026,Canada,University of Ottawa,219,54.2,20.4,1,McGill University
2026,Canada,Dalhousie University,283,47.2,20.4,1,McGill University
2026,Canada,Simon Fraser University,308,44.7,20.4,1,McGill University
2026,Canada,York University,333,42.4,20.4,1,McGill University
2026,Canada,University of Victoria,358,41.1,20.4,1,McGill University
2026,Canada,University of Saskatchewan,378,39.6,20.4,1,McGill University
2026,Canada,Concordia University,465,33.8,20.4,1,McGill University
2026,Canada,Laval University,469,33.7,20.4,1,McGill University
2026,Canada,University of Guelph,504,32.0,20.4,1,McGill University
2026,Canada,University of Windsor,546,30.2,20.4,1,McGill University
2026,Canada,University of New Brunswick,622,27.6,20.4,1,McGill University
2026,Canada,University of Manitoba,643,26.9,20.4,1,McGill University
2026,Canada,Memorial University of Newfoundland,660,26.5,20.4,1,McGill University
2026,France,Institut Polytechnique de Paris,41,85.4,20.1,1,PSL University
2026,France,UniversitÃ© Paris-Saclay,70,75.9,20.1,1,PSL University
2026,France,Sorbonne University (merged from Paris IV & UPMC),72,75.7,20.1,1,PSL University
2026,France,Ecole Normale SupÃ©rieure de Lyon,205,55.1,20.1,1,PSL University
2026,France,UniversitÃ© Paris 1 PanthÃ©on-Sorbonne,257,49.7,20.1,1,PSL University
2026,France,UniversitÃ© Paris CitÃ©,300,45.5,20.1,1,PSL University
2026,France,UniversitÃ© Grenoble Alpes,321,43.4,20.1,1,PSL University
2026,France,Sciences Po Paris,367,40.5,20.1,1,PSL University
2026,France,Institut National des Sciences AppliquÃ©es de Lyon (INSA),406,37.1,20.1,1,PSL University
2026,France,UniversitÃ© de Strasbourg,420,36.3,20.1,1,PSL University
2026,France,Aix-Marseille University,428,35.9,20.1,1,PSL University
2026,France,UniversitÃ© de Montpellier,430,35.7,20.1,1,PSL University
2026,France,UniversitÃ© de Bordeaux,494,32.5,20.1,1,PSL University
2026,France,UniversitÃ© Claude Bernard Lyon 1,587,28.6,20.1,1,PSL University
2026,France,UniversitÃ© Paul Sabatier Toulouse III,587,28.6,20.1,1,PSL University
2026,France,UniversitÃ© de Lille,654,26.6,20.1,1,PSL University
2026,France,UniversitÃ© CÃ´te dâAzur,688,25.6,20.1,1,PSL University
2026,Japan,Kyoto University,57,80.2,17.3,1,The University of Tokyo
2026,Japan,Tokyo Institute of Technology,85,72.1,17.3,1,The University of Tokyo
2026,Japan,The University of Osaka,91,71.0,17.3,1,The University of Tokyo
2026,Japan,Tohoku University,109,66.7,17.3,1,The University of Tokyo
2026,Japan,Nagoya University,164,60.3,17.3,1,The University of Tokyo
2026,Japan,Hokkaido University,170,59.3,17.3,1,The University of Tokyo
2026,Japan,Kyushu University,170,59.3,17.3,1,The University of Tokyo
2026,Japan,Waseda University,196,56.1,17.3,1,The University of Tokyo
2026,Japan,Keio University,215,54.5,17.3,1,The University of Tokyo
2026,Japan,University of Tsukuba,350,41.5,17.3,1,The University of Tokyo
2026,Japan,Hiroshima University,480,33.2,17.3,1,The University of Tokyo
2026,Japan,Kobe University,482,33.0,17.3,1,The University of Tokyo
2026,Japan,Hitotsubashi University,553,29.8,17.3,1,The University of Tokyo
2026,Japan,Ritsumeikan University,680,25.9,17.3,1,The University of Tokyo
2026,Japan,Tokyo Medical and Dental University,697,25.1,17.3,1,The University of Tokyo
2026,Republic of Korea,Yonsei University,50,82.9,17.1,1,Seoul National University
2026,Republic of Korea,Korea University,61,79.6,17.1,1,Seoul National University
2026,Republic of Korea,Pohang University of Science And Technology (POSTECH),102,67.9,17.1,1,Seoul National University
2026,Republic of Korea,Sungkyunkwan University,126,65.2,17.1,1,Seoul National University
2026,Republic of Korea,Hanyang University,159,61.2,17.1,1,Seoul National University
2026,Republic of Korea,Ulsan National Institute of Science and Technology,310,44.5,17.1,1,Seoul National University
2026,Republic of Korea,Kyung Hee University,331,42.5,17.1,1,Seoul National University
2026,Republic of Korea,Daegu Gyeongbuk Institute of Science and Technology (DGIST),370,40.4,17.1,1,Seoul National University
2026,Republic of Korea,Gwangju Institute of Science and Technology (GIST),385,39.1,17.1,1,Seoul National University
2026,Republic of Korea,Sejong University,392,38.2,17.1,1,Seoul National University
2026,Republic of Korea,Pusan National University,473,33.5,17.1,1,Seoul National University
2026,Republic of Korea,Chung-Ang University,479,33.3,17.1,1,Seoul National University
2026,Republic of Korea,Ewha Womans University,504,32.0,17.1,1,Seoul National University
2026,Republic of Korea,Kyungpook National University,519,31.3,17.1,1,Seoul National University
2026,Republic of Korea,Sogang University,558,29.5,17.1,1,Seoul National University
2026,Republic of Korea,Ajou University,563,29.4,17.1,1,Seoul National University
2026,Republic of Korea,Dongguk University,618,27.7,17.1,1,Seoul National University
2026,Republic of Korea,Inha University,643,26.9,17.1,1,Seoul National University
2026,Republic of Korea,Konkuk University,654,26.6,17.1,1,Seoul National University
2026,Republic of Korea,HUFS - Hankuk (Korea) University of Foreign Studies,680,25.9,17.1,1,Seoul National University
2026,Netherlands,The University of Amsterdam,53,81.5,15.8,1,Delft University of Technology
2026,Netherlands,Utrecht University,103,67.7,15.8,1,Delft University of Technology
2026,Netherlands,Leiden University,119,65.7,15.8,1,Delft University of Technology
2026,Netherlands,Eindhoven University of Technology,140,63.2,15.8,1,Delft University of Technology
2026,Netherlands,Erasmus University Rotterdam,140,63.2,15.8,1,Delft University of Technology
2026,Netherlands,University of Groningen,147,62.5,15.8,1,Delft University of Technology
2026,Netherlands,Wageningen University & Research,153,61.6,15.8,1,Delft University of Technology
2026,Netherlands,Vrije Universiteit Amsterdam,194,56.2,15.8,1,Delft University of Technology
2026,Netherlands,University of Twente,203,55.2,15.8,1,Delft University of Technology
2026,Netherlands,Maastricht University,239,51.4,15.8,1,Delft University of Technology
2026,Netherlands,Radboud University Nijmegen,279,47.6,15.8,1,Delft University of Technology
2026,Netherlands,Tilburg University,347,41.6,15.8,1,Delft University of Technology
2026,Malaysia,Universiti Kebangsaan Malaysia (UKM),126,65.2,11.6,1,Universiti Malaya (UM)
2026,Malaysia,Universiti Putra Malaysia (UPM),134,64.1,11.6,1,Universiti Malaya (UM)
2026,Malaysia,Universiti Sains Malaysia (USM),134,64.1,11.6,1,Universiti Malaya (UM)
2026,Malaysia,Universiti Teknologi Malaysia (UTM),153,61.6,11.6,1,Universiti Malaya (UM)
2026,Malaysia,Universiti Teknologi Petronas (UTP),251,50.2,11.6,1,Universiti Malaya (UM)
2026,Malaysia,Taylor's University (Malaysia),253,50.0,11.6,1,Universiti Malaya (UM)
2026,Malaysia,UCSI University,269,48.5,11.6,1,Universiti Malaya (UM)
2026,Malaysia,Sunway University,410,36.7,11.6,1,Universiti Malaya (UM)
2026,Malaysia,Universiti Utara Malaysia (UUM),491,32.6,11.6,1,Universiti Malaya (UM)
2026,Malaysia,INTI International University,509,31.9,11.6,1,Universiti Malaya (UM)
2026,Malaysia,Universiti Teknologi MARA - UiTM,542,30.3,11.6,1,Universiti Malaya (UM)
2026,Malaysia,Universiti Tenaga Nasional (UNITEN),551,29.9,11.6,1,Universiti Malaya (UM)
2026,Malaysia,Asia Pacific University of Technology and Innovation (APU) Malaysia,597,28.3,11.6,1,Universiti Malaya (UM)
2026,Malaysia,Management and Science University - MSU Malaysia,597,28.3,11.6,1,Universiti Malaya (UM)
2026,Malaysia,Universiti Malaysia Pahang Al-Sultan Abdullah (UMPSA),609,27.9,11.6,1,Universiti Malaya (UM)
2026,Malaysia,International Islamic University Malaysia (IIUM),613,27.8,11.6,1,Universiti Malaya (UM)
2026,Malaysia,"Lincoln University College, Malaysia",638,27.1,11.6,1,Universiti Malaya (UM)
2026,Belgium,Ghent University,162,60.8,11.2,1,KU Leuven
2026,Belgium,UniversitÃ© Catholique de Louvain (UCL),191,56.8,11.2,1,KU Leuven
2026,Belgium,UniversitÃ© Libre de Bruxelles (ULB),227,53.1,11.2,1,KU Leuven
2026,Belgium,University of Antwerp,280,47.4,11.2,1,KU Leuven
2026,Belgium,Vrije Universiteit Brussel (VUB),294,46.0,11.2,1,KU Leuven
2026,Belgium,University of Liege,379,39.5,11.2,1,KU Leuven
2026,Belgium,Hasselt University,597,28.3,11.2,1,KU Leuven
2026,Taiwan,National Tsing Hua University,176,59.0,10.4,1,National Taiwan University (NTU)
2026,Taiwan,National Yang Ming Chiao Tung University,199,55.7,10.4,1,National Taiwan University (NTU)
2026,Taiwan,National Cheng Kung University (NCKU),203,55.2,10.4,1,National Taiwan University (NTU)
2026,Taiwan,National Taiwan University of Science and Technology (Taiwan Tech),345,41.7,10.4,1,National Taiwan University (NTU)
2026,Taiwan,National Taipei University of Technology,420,36.3,10.4,1,National Taiwan University (NTU)
2026,Taiwan,National Taiwan Normal University,435,35.4,10.4,1,National Taiwan University (NTU)
2026,Taiwan,National Sun Yat-sen University,439,35.0,10.4,1,National Taiwan University (NTU)
2026,Taiwan,National Central University,587,28.6,10.4,1,National Taiwan University (NTU)
2026,Taiwan,Taipei Medical University,597,28.3,10.4,1,National Taiwan University (NTU)
2026,Taiwan,National Chengchi University,604,28.2,10.4,1,National Taiwan University (NTU)
2026,Taiwan,National Chung Hsing University,628,27.4,10.4,1,National Taiwan University (NTU)
2026,Taiwan,Chang Gung University,668,26.3,10.4,1,National Taiwan University (NTU)
2026,New Zealand,University of Otago,197,55.8,9.0,1,The University of Auckland
2026,New Zealand,Massey University,230,52.9,9.0,1,The University of Auckland
2026,New Zealand,Victoria University of Wellington,240,51.3,9.0,1,The University of Auckland
2026,New Zealand,University of Canterbury,261,49.4,9.0,1,The University of Auckland
2026,New Zealand,University of Waikato,281,47.3,9.0,1,The University of Auckland
2026,New Zealand,Lincoln University,407,37.0,9.0,1,The University of Auckland
2026,New Zealand,Auckland University of Technology,410,36.7,9.0,1,The University of Auckland
2026,Saudi Arabia,King Saud University,143,63.1,8.0,1,King Fahd University of Petroleum & Minerals
2026,Saudi Arabia,King Abdul Aziz University (KAU),163,60.7,8.0,1,King Fahd University of Petroleum & Minerals
2026,Saudi Arabia,Prince Mohammad Bin Fahd University,436,35.2,8.0,1,King Fahd University of Petroleum & Minerals
2026,Saudi Arabia,Imam Abdulrahman Bin Faisal University (formerly University of Dammam),491,32.6,8.0,1,King Fahd University of Petroleum & Minerals
2026,Saudi Arabia,King Khalid University,535,30.6,8.0,1,King Fahd University of Petroleum & Minerals
2026,Saudi Arabia,Prince Sultan University,535,30.6,8.0,1,King Fahd University of Petroleum & Minerals
2026,Saudi Arabia,Umm Al-Qura University,622,27.6,8.0,1,King Fahd University of Petroleum & Minerals
2026,Saudi Arabia,King Faisal University,648,26.8,8.0,1,King Fahd University of Petroleum & Minerals
2026,Sweden,KTH Royal Institute of Technology,78,73.6,7.2,1,Lund University
2026,Sweden,Uppsala University,93,70.3,7.2,1,Lund University
2026,Sweden,Stockholm University,147,62.5,7.2,1,Lund University
2026,Sweden,Chalmers University of Technology,165,60.2,7.2,1,Lund University
2026,Sweden,University of Gothenburg,202,55.5,7.2,1,Lund University
2026,Sweden,LinkÃ¶ping University,310,44.5,7.2,1,Lund University
2026,Sweden,UmeÃ¥ University,401,37.4,7.2,1,Lund University
2026,Ireland,University College Dublin,118,66.0,5.4,1,"Trinity College Dublin, The University of Dublin"
2026,Ireland,University College Cork,246,50.7,5.4,1,"Trinity College Dublin, The University of Dublin"
2026,Ireland,University of Galway / Ollscoil na Gaillimhe,284,47.1,5.4,1,"Trinity College Dublin, The University of Dublin"
2026,Ireland,University of Limerick,401,37.4,5.4,1,"Trinity College Dublin, The University of Dublin"
2026,Ireland,Dublin City University,410,36.7,5.4,1,"Trinity College Dublin, The University of Dublin"
2026,Argentina,Universidad Nacional de La Plata,458,34.0,3.8,1,Universidad de Buenos Aires
2026,Argentina,Pontificia Universidad CatÃ³lica Argentina Santa MarÃ­a de los Buenos Aires - UCA,517,31.4,3.8,1,Universidad de Buenos Aires
2026,Argentina,Universidad Austral - Argentina,519,31.3,3.8,1,Universidad de Buenos Aires
2026,Italy,Sapienza University of Rome,128,64.9,0.6,1,Politecnico di Milano
2026,Italy,Alma Mater Studiorum - University of Bologna,138,63.3,0.6,1,Politecnico di Milano
2026,Italy,University of Padova,233,52.1,0.6,1,Politecnico di Milano
2026,Italy,Politecnico di Torino,242,51.2,0.6,1,Politecnico di Milano
2026,Italy,University of Milan,276,48.0,0.6,1,Politecnico di Milano
2026,Italy,University of Pisa,343,41.8,0.6,1,Politecnico di Milano
2026,Italy,UniversitÃ  degli Studi di Roma - Tor Vergata,355,41.2,0.6,1,Politecnico di Milano
2026,Italy,University of Naples - Federico II,379,39.5,0.6,1,Politecnico di Milano
2026,Italy,University of Florence,404,37.2,0.6,1,Politecnico di Milano
2026,Italy,University of Turin,408,36.9,0.6,1,Politecnico di Milano
2026,Italy,UniversitÃ Â  Cattolica del Sacro Cuore,409,36.8,0.6,1,Politecnico di Milano
2026,Italy,UniversitÃ Â  degli Studi di Pavia,423,36.1,0.6,1,Politecnico di Milano
2026,Italy,UniversitÃ  Vita-Salute San Raffaele,461,33.9,0.6,1,Politecnico di Milano
2026,Italy,University of Trento,485,32.9,0.6,1,Politecnico di Milano
2026,Italy,University of Genoa,530,30.8,0.6,1,Politecnico di Milano
2026,Italy,University of Milano-Bicocca,542,30.3,0.6,1,Politecnico di Milano
2026,Italy,University of Siena,607,28.0,0.6,1,Politecnico di Milano
2026,Italy,Libera Universita' di Bolzano,643,26.9,0.6,1,Politecnico di Milano
2026,Italy,University of Brescia,650,26.7,0.6,1,Politecnico di Milano
2026,Italy,Ca' Foscari University of Venice,660,26.5,0.6,1,Politecnico di Milano
2026,Denmark,Technical University of Denmark,107,67.5,-0.1,0,University of Copenhagen
2026,Denmark,Aarhus University,131,64.3,-0.1,0,University of Copenhagen
2026,Denmark,University of Southern Denmark,303,45.1,-0.1,0,University of Copenhagen
2026,Denmark,Aalborg University,306,44.9,-0.1,0,University of Copenhagen
2026,Russian Federation,Bauman Moscow State Technical University,320,43.5,-0.9,0,Lomonosov Moscow State University
2026,Russian Federation,RUDN University,367,40.5,-0.9,0,Lomonosov Moscow State University
2026,Russian Federation,Saint Petersburg State University,375,39.9,-0.9,0,Lomonosov Moscow State University
2026,Russian Federation,"National Research University Higher School of Economics (HSE, Moscow)",440,34.9,-0.9,0,Lomonosov Moscow State University
2026,Russian Federation,Kazan Federal University,450,34.3,-0.9,0,Lomonosov Moscow State University
2026,Russian Federation,Novosibirsk State University,461,33.9,-0.9,0,Lomonosov Moscow State University
2026,Russian Federation,Moscow Institute of Physics and Technology State University,477,33.4,-0.9,0,Lomonosov Moscow State University
2026,Russian Federation,Tomsk State University,499,32.2,-0.9,0,Lomonosov Moscow State University
2026,Russian Federation,Ural Federal University,519,31.3,-0.9,0,Lomonosov Moscow State University
2026,Russian Federation,National Research Nuclear University MEPhI (Moscow Engineering Physics Institute),591,28.5,-0.9,0,Lomonosov Moscow State University
2026,Russian Federation,Peter the Great St.Petersburg Polytechnic University,609,27.9,-0.9,0,Lomonosov Moscow State University
2026,Russian Federation,MGIMO University,650,26.7,-0.9,0,Lomonosov Moscow State University
2026,Russian Federation,Tomsk Polytechnic University,688,25.6,-0.9,0,Lomonosov Moscow State University
2026,Brazil,Universidade Estadual de Campinas (Unicamp),233,52.1,-1.2,0,Universidade de SÃ£o Paulo (USP)
2026,Brazil,Universidade Federal do Rio de Janeiro,317,43.9,-1.2,0,Universidade de SÃ£o Paulo (USP)
2026,Brazil,"Universidade Estadual Paulista ""JÃºlio de Mesquita Filho"" (UNESP)",450,34.3,-1.2,0,Universidade de SÃ£o Paulo (USP)
2026,Brazil,Pontificia Universidade CatÃ³lica do Rio de Janeiro (PUC - Rio),571,29.2,-1.2,0,Universidade de SÃ£o Paulo (USP)
2026,Brazil,Universidade Federal de Minas Gerais,595,28.4,-1.2,0,Universidade de SÃ£o Paulo (USP)
2026,Brazil,Universidade Federal do Rio Grande Do Sul,691,25.4,-1.2,0,Universidade de SÃ£o Paulo (USP)
2026,Qatar,Hamad Bin Khalifa University,244,50.9,-2.0,0,Qatar University
2026,Finland,University of Helsinki,116,66.1,-2.2,0,Aalto University
2026,Finland,University of Oulu,342,42.0,-2.2,0,Aalto University
2026,Finland,University of Turku,366,40.6,-2.2,0,Aalto University
2026,Finland,Lappeenranta-Lahti University of Technology LUT,397,37.7,-2.2,0,Aalto University
2026,Finland,Tampere University,423,36.1,-2.2,0,Aalto University
2026,Finland,University of JyvÃ¤skylÃ¤,498,32.3,-2.2,0,Aalto University
2026,Finland,University of Eastern Finland,604,28.2,-2.2,0,Aalto University
2026,Finland,Abo Akademi University,643,26.9,-2.2,0,Aalto University
2026,Chile,Universidad de Chile,173,59.1,-2.4,0,Pontificia Universidad CatÃ³lica de Chile
2026,Chile,Universidad de Santiago de Chile - USACH,490,32.7,-2.4,0,Pontificia Universidad CatÃ³lica de Chile
2026,Chile,Universidad Adolfo IbÃ¡Ã±ez,578,29.0,-2.4,0,Pontificia Universidad CatÃ³lica de Chile
2026,Chile,Universidad de ConcepciÃ³n,613,27.8,-2.4,0,Pontificia Universidad CatÃ³lica de Chile
2026,Norway,Norwegian University of Science And Technology,267,48.9,-2.8,0,University of Oslo
2026,Norway,University of Bergen,287,46.8,-2.8,0,University of Oslo
2026,Norway,"University of Tromso, The Arctic University of Norway",648,26.8,-2.8,0,University of Oslo
2026,India,Indian Institute of Technology Bombay (IITB),129,64.8,-3.0,0,Indian Institute of Technology Delhi (IITD)
2026,India,Indian Institute of Technology Madras (IITM),180,58.4,-3.0,0,Indian Institute of Technology Delhi (IITD)
2026,India,Indian Institute of Technology Kharagpur (IITKGP),215,54.5,-3.0,0,Indian Institute of Technology Delhi (IITD)
2026,India,Indian Institute of Science (IISc) Bangalore,219,54.2,-3.0,0,Indian Institute of Technology Delhi (IITD)
2026,India,Indian Institute of Technology Kanpur (IITK),222,53.7,-3.0,0,Indian Institute of Technology Delhi (IITD)
2026,India,University of Delhi,328,42.6,-3.0,0,Indian Institute of Technology Delhi (IITD)
2026,India,Indian Institute of Technology Guwahati (IITG),334,42.3,-3.0,0,Indian Institute of Technology Delhi (IITD)
2026,India,Indian Institute of Technology Roorkee (IITR),339,42.2,-3.0,0,Indian Institute of Technology Delhi (IITD)
2026,India,Anna University,465,33.8,-3.0,0,Indian Institute of Technology Delhi (IITD)
2026,India,Shoolini University of Biotechnology and Management Sciences,503,32.1,-3.0,0,Indian Institute of Technology Delhi (IITD)
2026,India,Indian Institute of Technology Indore,556,29.6,-3.0,0,Indian Institute of Technology Delhi (IITD)
2026,India,Jawaharlal Nehru University,558,29.5,-3.0,0,Indian Institute of Technology Delhi (IITD)
2026,India,Indian Institute of Technology BHU Varanasi (IIT BHU Varanasi),566,29.3,-3.0,0,Indian Institute of Technology Delhi (IITD)
2026,India,Savitribai Phule Pune University,566,29.3,-3.0,0,Indian Institute of Technology Delhi (IITD)
2026,India,Chandigarh University,575,29.1,-3.0,0,Indian Institute of Technology Delhi (IITD)
2026,India,Indian Institute of Technology Hyderabad (IITH),664,26.4,-3.0,0,Indian Institute of Technology Delhi (IITD)
2026,India,University of Mumbai,664,26.4,-3.0,0,Indian Institute of Technology Delhi (IITD)
2026,India,Birla Institute of Technology and Science,668,26.3,-3.0,0,Indian Institute of Technology Delhi (IITD)
2026,India,Jadavpur University,676,26.1,-3.0,0,Indian Institute of Technology Delhi (IITD)
2026,India,"Vellore Institute of Technology (VIT), Vellore, India",691,25.4,-3.0,0,Indian Institute of Technology Delhi (IITD)
2026,India,Symbiosis International (Deemed University),696,25.2,-3.0,0,Indian Institute of Technology Delhi (IITD)
2026,Mexico,TecnolÃ³gico de Monterrey (ITESM),187,57.1,-4.5,0,Universidad Nacional AutÃ³noma de MÃ©xico (UNAM)
2026,South Africa,University of The Witwatersrand,291,46.4,-6.2,0,University of Cape Town
2026,South Africa,Stellenbosch University,302,45.2,-6.2,0,University of Cape Town
2026,South Africa,University of Johannesburg,308,44.7,-6.2,0,University of Cape Town
2026,South Africa,University of Pretoria,362,40.9,-6.2,0,University of Cape Town
2026,South Africa,University of Kwazulu-Natal,558,29.5,-6.2,0,University of Cape Town
2026,Austria,Vienna University of Technology,197,55.8,-6.6,0,University of Vienna
2026,Austria,UniversitÃ¤t Innsbruck,350,41.5,-6.6,0,University of Vienna
2026,Austria,Graz University of Technology,427,36.0,-6.6,0,University of Vienna
2026,Austria,Johannes Kepler University Linz,473,33.5,-6.6,0,University of Vienna
2026,Austria,Paris Lodron University of Salzburg,650,26.7,-6.6,0,University of Vienna
2026,Austria,Karl-Franzens-UniversitÃ¤t Graz,668,26.3,-6.6,0,University of Vienna
2026,Austria,University of Klagenfurt,697,25.1,-6.6,0,University of Vienna
2026,Spain,Universitat AutÃ³noma de Barcelona,172,59.2,-7.5,0,University of Barcelona
2026,Spain,University Complutense Madrid,187,57.1,-7.5,0,University of Barcelona
2026,Spain,Universidad AutÃ³noma de Madrid,206,55.0,-7.5,0,University of Barcelona
2026,Spain,University of Navarra,262,49.3,-7.5,0,University of Barcelona
2026,Spain,Universitat Pompeu Fabra,265,49.0,-7.5,0,University of Barcelona
2026,Spain,Universidad Carlos III de Madrid,301,45.4,-7.5,0,University of Barcelona
2026,Spain,Universidad PolitÃ©cnica de Madrid,334,42.3,-7.5,0,University of Barcelona
2026,Spain,Universitat PolitÃ¨cnica de Catalunya,392,38.2,-7.5,0,University of Barcelona
2026,Spain,University of Granada,401,37.4,-7.5,0,University of Barcelona
2026,Spain,Universitat Politecnica de Valencia,422,36.2,-7.5,0,University of Barcelona
2026,Spain,Universitat de Valencia,430,35.7,-7.5,0,University of Barcelona
2026,Spain,Universitat Ramon Llull,436,35.2,-7.5,0,University of Barcelona
2026,Spain,IE University,438,35.1,-7.5,0,University of Barcelona
2026,Spain,Universidad de Sevilla,469,33.7,-7.5,0,University of Barcelona
2026,Spain,University of Salamanca,526,30.9,-7.5,0,University of Barcelona
2026,Spain,Universidad Pontificia Comillas,581,28.9,-7.5,0,University of Barcelona
2026,Spain,Universidad del Pais Vasco,624,27.5,-7.5,0,University of Barcelona
2026,Spain,Universidade de Santiago de Compostela,628,27.4,-7.5,0,University of Barcelona
2026,Spain,Universidad de Zaragoza,638,27.1,-7.5,0,University of Barcelona
2026,Spain,Universidad de AlcalÃ¡,697,25.1,-7.5,0,University of Barcelona
2026,Kazakhstan,L.N. Gumilyov Eurasian National University,317,43.9,-8.7,0,Al-Farabi Kazakh National University
2026,Kazakhstan,Satbayev University (previously Kazakh Technical University named after K.I. Satpaev),331,42.5,-8.7,0,Al-Farabi Kazakh National University
2026,Kazakhstan,Kazakh National Pedagogical University Abai,628,27.4,-8.7,0,Al-Farabi Kazakh National University
2026,Kazakhstan,Kazakh National Agrarian University,697,25.1,-8.7,0,Al-Farabi Kazakh National University
2026,United Arab Emirates,United Arab Emirates University,229,53.0,-9.7,0,Khalifa University of Science and Technology
2026,United Arab Emirates,American University of Sharjah (AUS),272,48.2,-9.7,0,Khalifa University of Science and Technology
2026,United Arab Emirates,University of Sharjah,328,42.6,-9.7,0,Khalifa University of Science and Technology
2026,United Arab Emirates,Abu Dhabi University,391,38.3,-9.7,0,Khalifa University of Science and Technology
2026,United Arab Emirates,Ajman University,440,34.9,-9.7,0,Khalifa University of Science and Technology
2026,United Arab Emirates,Al Ain University,558,29.5,-9.7,0,Khalifa University of Science and Technology
2026,United Arab Emirates,American University of Ras Al Khaimah ( AURAK ),591,28.5,-9.7,0,Khalifa University of Science and Technology
2026,United Arab Emirates,Zayed University,595,28.4,-9.7,0,Khalifa University of Science and Technology
2026,United Arab Emirates,Canadian University of Dubai,604,28.2,-9.7,0,Khalifa University of Science and Technology
2026,United Arab Emirates,American University in Dubai,678,26.0,-9.7,0,Khalifa University of Science and Technology
2026,Indonesia,Universitas Gadjah Mada,224,53.5,-11.5,0,UNIVERSITAS INDONESIA
2026,Indonesia,Bandung Institute of Technology (ITB),255,49.9,-11.5,0,UNIVERSITAS INDONESIA
2026,Indonesia,Universitas Airlangga,287,46.8,-11.5,0,UNIVERSITAS INDONESIA
2026,Indonesia,IPB University (aka Bogor Agricultural University),399,37.6,-11.5,0,UNIVERSITAS INDONESIA
2026,Indonesia,Institut Teknologi Sepuluh Nopember (ITS),509,31.9,-11.5,0,UNIVERSITAS INDONESIA
2026,Indonesia,Universitas Padjadjaran (UNPAD),515,31.5,-11.5,0,UNIVERSITAS INDONESIA
2026,Indonesia,Diponegoro University,624,27.5,-11.5,0,UNIVERSITAS INDONESIA
2026,Indonesia,University of Brawijaya,680,25.9,-11.5,0,UNIVERSITAS INDONESIA
2026,Colombia,Universidad Nacional de Colombia,259,49.5,-13.9,0,Universidad de Los Andes Colombia
2026,Colombia,Pontificia Universidad Javeriana,371,40.3,-13.9,0,Universidad de Los Andes Colombia
2026,Thailand,Mahidol University,358,41.1,-14.6,0,Chulalongkorn University
2026,Thailand,Chiang Mai University,526,30.9,-14.6,0,Chulalongkorn University
2026,Thailand,Thammasat University,551,29.9,-14.6,0,Chulalongkorn University
2026,Israel,Hebrew University of Jerusalem,240,51.3,-14.9,0,Tel Aviv University
2026,Israel,Technion - Israel Institute of Technology,350,41.5,-14.9,0,Tel Aviv University
2026,Israel,Ben Gurion University of The Negev,469,33.7,-14.9,0,Tel Aviv University
2026,Israel,Bar-Ilan University,660,26.5,-14.9,0,Tel Aviv University
2026,Israel,University of Haifa,678,26.0,-14.9,0,Tel Aviv University
2026,Portugal,University of Porto,237,51.6,-15.6,0,University of Lisbon
2026,Portugal,Universidade Nova de Lisboa,327,42.8,-15.6,0,University of Lisbon
2026,Portugal,University of Coimbra,347,41.6,-15.6,0,University of Lisbon
2026,Portugal,University of Aveiro,419,36.4,-15.6,0,University of Lisbon
2026,Portugal,University of Minho,566,29.3,-15.6,0,University of Lisbon
2026,Lebanon,Lebanese University,515,31.5,-16.9,0,American University of Beirut (AUB)
2026,Lebanon,Lebanese American University,535,30.6,-16.9,0,American University of Beirut (AUB)
2026,Lebanon,Saint Joseph University of Beirut (USJ),618,27.7,-16.9,0,American University of Beirut (AUB)
2026,Lebanon,Beirut Arab University,676,26.1,-16.9,0,American University of Beirut (AUB)
2026,Czechia,Czech Technical University In Prague,416,36.5,-19.5,0,Charles University
2026,Czechia,Masaryk University,430,35.7,-19.5,0,Charles University
2026,Czechia,Brno University of Technology,575,29.1,-19.5,0,Charles University
2026,Czechia,"University of Chemistry and Technology, Prague",638,27.1,-19.5,0,Charles University
2026,Czechia,PalackÃ½ University in Olomouc,668,26.3,-19.5,0,Charles University
2026,TÃ¼rkiye,Istanbul Technical University,298,45.8,-20.0,0,Middle East Technical University
2026,TÃ¼rkiye,Koc University,323,43.1,-20.0,0,Middle East Technical University
2026,TÃ¼rkiye,Bogazici University,371,40.3,-20.0,0,Middle East Technical University
2026,TÃ¼rkiye,Sabanci University,404,37.2,-20.0,0,Middle East Technical University
2026,TÃ¼rkiye,Bilkent University,415,36.6,-20.0,0,Middle East Technical University
2026,TÃ¼rkiye,Hacettepe University,571,29.2,-20.0,0,Middle East Technical University
2026,TÃ¼rkiye,Istanbul University,628,27.4,-20.0,0,Middle East Technical University
2026,TÃ¼rkiye,Ankara Ãniversitesi,697,25.1,-20.0,0,Middle East Technical University
2026,Poland,Jagiellonian University,303,45.1,-20.2,0,University of Warsaw
2026,Poland,Warsaw University of Technology,487,32.8,-20.2,0,University of Warsaw
2026,"Macao SAR, China",Macau University of Science and Technology,440,34.9,-21.5,0,University of Macau
2026,Iran (Islamic Republic of),Sharif University of Technology,375,39.9,-25.2,0,University of Tehran
2026,Iran (Islamic Republic of),Amirkabir University of Technology,456,34.1,-25.2,0,University of Tehran
2026,Iran (Islamic Republic of),Iran University of Science and Technology,496,32.4,-25.2,0,University of Tehran
2026,Iran (Islamic Republic of),Isfahan University of Technology,571,29.2,-25.2,0,University of Tehran
2026,Iran (Islamic Republic of),University of Tabriz,578,29.0,-25.2,0,University of Tehran
2026,Jordan,Jordan University of Science & Technology,461,33.9,-25.5,0,University of Jordan
2026,Egypt,The American University in Cairo,381,39.4,-26.9,0,Cairo University
2026,Egypt,Ain Shams University,542,30.3,-26.9,0,Cairo University
2026,Pakistan,National University of Sciences And Technology (NUST) Islamabad,371,40.3,-27.2,0,Quaid-i-azam University
2026,Pakistan,University of the Punjab,542,30.3,-27.2,0,Quaid-i-azam University
2026,Pakistan,Lahore University of Management Sciences (LUMS),555,29.7,-27.2,0,Quaid-i-azam University
2026,Pakistan,"University of Agriculture, Faisalabad",654,26.6,-27.2,0,Quaid-i-azam University
2026,Pakistan,COMSATS University Islamabad,664,26.4,-27.2,0,Quaid-i-azam University
2026,Greece,National and Kapodistrian University of Athens,390,38.4,-27.3,0,National Technical University of Athens
2026,Greece,Aristotle University of Thessaloniki,485,32.9,-27.3,0,National Technical University of Athens
2026,Greece,University of Crete,628,27.4,-27.3,0,National Technical University of Athens
2026,Estonia,Tallinn University of Technology,635,27.2,-27.6,0,University of Tartu
2026,Philippines,Ateneo de Manila University,511,31.6,-27.6,0,University of the Philippines
2026,Philippines,De La Salle University,654,26.6,-27.6,0,University of the Philippines
2026,Brunei Darussalam,Universiti Teknologi Brunei,578,29.0,-28.0,0,Universiti Brunei Darussalam (UBD)
2026,Cyprus,Cyprus University of Technology,686,25.7,-34.3,0,University of Cyprus
2026,Viet Nam,Ton Duc Thang University,684,25.8,-35.5,0,Duy Tan University
2026,Hungary,Eotvos Lorand University,584,28.7,-39.1,0,University of Debrecen
2026,Hungary,University of Szeged,597,28.3,-39.1,0,University of Debrecen
