country,country_code,year,gdp_per_capita_ppp
Africa Eastern and Southern,AFE,2024,4099.88981217493
Africa Eastern and Southern,AFE,2023,4076.22489796629
Africa Eastern and Southern,AFE,2022,4098.12619221564
Africa Eastern and Southern,AFE,2021,4049.96951303993
Africa Eastern and Southern,AFE,2020,3978.13350151887
Africa Eastern and Southern,AFE,2019,4200.53104400094
Africa Eastern and Southern,AFE,2018,4229.83963374442
Africa Eastern and Southern,AFE,2017,4223.1880503424
Africa Eastern and Southern,AFE,2016,4210.93569503277
Africa Eastern and Southern,AFE,2015,4207.36357863407
Africa Eastern and Southern,AFE,2014,4186.24851129339
Africa Eastern and Southern,AFE,2013,4126.33539547848
Africa Eastern and Southern,AFE,2012,4051.44571135342
Africa Eastern and Southern,AFE,2011,4033.18732362122
Africa Eastern and Southern,AFE,2010,3978.12957148745
Africa Eastern and Southern,AFE,2009,3870.96186560735
Africa Eastern and Southern,AFE,2008,3935.02291750962
Africa Eastern and Southern,AFE,2007,3867.50878828538
Africa Eastern and Southern,AFE,2006,3718.69348523405
Africa Eastern and Southern,AFE,2005,3578.21297897429
Africa Eastern and Southern,AFE,2004,3457.68872066042
Africa Western and Central,AFW,2024,6009.08466240495
Africa Western and Central,AFW,2023,5886.79663594125
Africa Western and Central,AFW,2022,5818.48322357838
Africa Western and Central,AFW,2021,5702.13488630478
Africa Western and Central,AFW,2020,5698.76670161724
Africa Western and Central,AFW,2019,6070.28476944465
Africa Western and Central,AFW,2018,6026.52757172836
Africa Western and Central,AFW,2017,6009.51611369801
Africa Western and Central,AFW,2016,6034.82698886686
Africa Western and Central,AFW,2015,6194.43449404851
Africa Western and Central,AFW,2014,6183.24116217304
Africa Western and Central,AFW,2013,6009.65186054619
Africa Western and Central,AFW,2012,5823.41894631103
Africa Western and Central,AFW,2011,5698.38949989214
Africa Western and Central,AFW,2010,5582.43094395132
Africa Western and Central,AFW,2009,5362.1536063345
Africa Western and Central,AFW,2008,5188.67101371784
Africa Western and Central,AFW,2007,5023.69882254656
Africa Western and Central,AFW,2006,4899.65713639306
Africa Western and Central,AFW,2005,4782.44213997441
Africa Western and Central,AFW,2004,4648.60628015945
Arab World,ARB,2024,16802.4292966747
Arab World,ARB,2023,16830.7594854659
Arab World,ARB,2022,16933.1685957842
Arab World,ARB,2021,16194.2304401674
Arab World,ARB,2020,15768.0410516828
Arab World,ARB,2019,16808.651930358
Arab World,ARB,2018,16749.8977688889
Arab World,ARB,2017,16568.8021684707
Arab World,ARB,2016,16632.4297723251
Arab World,ARB,2015,16397.4908780979
Arab World,ARB,2014,16172.6351171803
Arab World,ARB,2013,16119.4564896044
Arab World,ARB,2012,16186.2739403861
Arab World,ARB,2011,15945.1823698333
Arab World,ARB,2010,15618.615472912
Arab World,ARB,2009,15212.2519061915
Arab World,ARB,2008,15396.8318989782
Arab World,ARB,2007,14935.5647106518
Arab World,ARB,2006,14630.4079863564
Arab World,ARB,2005,14138.3873353854
Arab World,ARB,2004,13743.6011136095
Caribbean small states,CSS,2024,33971.5525013977
Caribbean small states,CSS,2023,29600.9530687074
Caribbean small states,CSS,2022,27023.5574621428
Caribbean small states,CSS,2021,23495.1590735021
Caribbean small states,CSS,2020,22222.115107616
Caribbean small states,CSS,2019,24095.6268884397
Caribbean small states,CSS,2018,24024.8178299696
Caribbean small states,CSS,2017,23920.5893237126
Caribbean small states,CSS,2016,24339.8256633701
Caribbean small states,CSS,2015,25404.134970126
Caribbean small states,CSS,2014,25633.4033879208
Caribbean small states,CSS,2013,25141.1881792488
Caribbean small states,CSS,2012,24784.9475718502
Caribbean small states,CSS,2011,23879.7224145257
Caribbean small states,CSS,2010,23751.9862978379
Caribbean small states,CSS,2009,23444.9921052209
Caribbean small states,CSS,2008,24276.688065702
Caribbean small states,CSS,2007,23894.0318898216
Caribbean small states,CSS,2006,23063.5796295601
Caribbean small states,CSS,2005,21377.7180302595
Caribbean small states,CSS,2004,20312.502453739
Central Europe and the Baltics,CEB,2024,43043.8945580142
Central Europe and the Baltics,CEB,2023,42113.8905270663
Central Europe and the Baltics,CEB,2022,41833.7057765272
Central Europe and the Baltics,CEB,2021,40122.3609600588
Central Europe and the Baltics,CEB,2020,37280.0201037228
Central Europe and the Baltics,CEB,2019,38302.005751171
Central Europe and the Baltics,CEB,2018,36731.0962344349
Central Europe and the Baltics,CEB,2017,34898.5993254329
Central Europe and the Baltics,CEB,2016,33063.1299853908
Central Europe and the Baltics,CEB,2015,32053.9753560909
Central Europe and the Baltics,CEB,2014,30740.9191021016
Central Europe and the Baltics,CEB,2013,29678.1064029263
Central Europe and the Baltics,CEB,2012,29385.5792989282
Central Europe and the Baltics,CEB,2011,29052.8767019353
Central Europe and the Baltics,CEB,2010,27957.9006968917
Central Europe and the Baltics,CEB,2009,27511.5233418382
Central Europe and the Baltics,CEB,2008,28468.3930919127
Central Europe and the Baltics,CEB,2007,27204.8188248231
Central Europe and the Baltics,CEB,2006,25490.6865496896
Central Europe and the Baltics,CEB,2005,23837.2513202506
Central Europe and the Baltics,CEB,2004,22665.9482679125
Early-demographic dividend,EAR,2024,12032.0275625524
Early-demographic dividend,EAR,2023,11661.5918962624
Early-demographic dividend,EAR,2022,11282.8843924963
Early-demographic dividend,EAR,2021,10742.1039496291
Early-demographic dividend,EAR,2020,10109.6737751343
Early-demographic dividend,EAR,2019,10646.4619363587
Early-demographic dividend,EAR,2018,10473.9534525465
Early-demographic dividend,EAR,2017,10168.9948852815
Early-demographic dividend,EAR,2016,9809.61992015041
Early-demographic dividend,EAR,2015,9461.90923467549
Early-demographic dividend,EAR,2014,9135.22651387837
Early-demographic dividend,EAR,2013,8851.68203650431
Early-demographic dividend,EAR,2012,8611.15721165569
Early-demographic dividend,EAR,2011,8395.01641616273
Early-demographic dividend,EAR,2010,8103.6486900692
Early-demographic dividend,EAR,2009,7719.71496411512
Early-demographic dividend,EAR,2008,7695.4992635113
Early-demographic dividend,EAR,2007,7545.60161194471
Early-demographic dividend,EAR,2006,7235.7951660671
Early-demographic dividend,EAR,2005,6923.1133842399
Early-demographic dividend,EAR,2004,6636.18276752838
East Asia & Pacific,EAS,2024,24094.1594209983
East Asia & Pacific,EAS,2023,23181.8602930067
East Asia & Pacific,EAS,2022,22275.3875573423
East Asia & Pacific,EAS,2021,21598.5847592384
East Asia & Pacific,EAS,2020,20334.2253803516
East Asia & Pacific,EAS,2019,20432.9804270249
East Asia & Pacific,EAS,2018,19664.4172118015
East Asia & Pacific,EAS,2017,18809.5074896107
East Asia & Pacific,EAS,2016,17975.4681423015
East Asia & Pacific,EAS,2015,17242.0281854081
East Asia & Pacific,EAS,2014,16527.9651914163
East Asia & Pacific,EAS,2013,15817.3941720124
East Asia & Pacific,EAS,2012,15098.1782758143
East Asia & Pacific,EAS,2011,14400.6590412877
East Asia & Pacific,EAS,2010,13696.2947762482
East Asia & Pacific,EAS,2009,12758.3950797594
East Asia & Pacific,EAS,2008,12431.1482309746
East Asia & Pacific,EAS,2007,11921.896725096
East Asia & Pacific,EAS,2006,11097.9739919682
East Asia & Pacific,EAS,2005,10431.1095006537
East Asia & Pacific,EAS,2004,9862.16262997671
East Asia & Pacific (excluding high income),EAP,2024,20453.9723473779
East Asia & Pacific (excluding high income),EAP,2023,19523.6746417972
East Asia & Pacific (excluding high income),EAP,2022,18600.2319795149
East Asia & Pacific (excluding high income),EAP,2021,17966.100209993
East Asia & Pacific (excluding high income),EAP,2020,16816.4721820442
East Asia & Pacific (excluding high income),EAP,2019,16754.1433686202
East Asia & Pacific (excluding high income),EAP,2018,15925.0623768718
East Asia & Pacific (excluding high income),EAP,2017,15060.2232906328
East Asia & Pacific (excluding high income),EAP,2016,14243.7964258558
East Asia & Pacific (excluding high income),EAP,2015,13493.524313755
East Asia & Pacific (excluding high income),EAP,2014,12769.1981633624
East Asia & Pacific (excluding high income),EAP,2013,12057.8749648364
East Asia & Pacific (excluding high income),EAP,2012,11359.2197969153
East Asia & Pacific (excluding high income),EAP,2011,10666.0705659069
East Asia & Pacific (excluding high income),EAP,2010,9942.07092081734
East Asia & Pacific (excluding high income),EAP,2009,9145.84848053611
East Asia & Pacific (excluding high income),EAP,2008,8584.68636024927
East Asia & Pacific (excluding high income),EAP,2007,8000.20286461305
East Asia & Pacific (excluding high income),EAP,2006,7224.84831620106
East Asia & Pacific (excluding high income),EAP,2005,6602.09453263948
East Asia & Pacific (excluding high income),EAP,2004,6083.62646258877
East Asia & Pacific (IDA & IBRD countries),TEA,2024,20684.2265655327
East Asia & Pacific (IDA & IBRD countries),TEA,2023,19743.1112151119
East Asia & Pacific (IDA & IBRD countries),TEA,2022,18808.9383411671
East Asia & Pacific (IDA & IBRD countries),TEA,2021,18167.4009161466
East Asia & Pacific (IDA & IBRD countries),TEA,2020,17004.8072538713
East Asia & Pacific (IDA & IBRD countries),TEA,2019,16941.9471937892
East Asia & Pacific (IDA & IBRD countries),TEA,2018,16103.8618914204
East Asia & Pacific (IDA & IBRD countries),TEA,2017,15229.7169213936
East Asia & Pacific (IDA & IBRD countries),TEA,2016,14404.656964798
East Asia & Pacific (IDA & IBRD countries),TEA,2015,13646.3812355606
East Asia & Pacific (IDA & IBRD countries),TEA,2014,12914.302342174
East Asia & Pacific (IDA & IBRD countries),TEA,2013,12195.4108634433
East Asia & Pacific (IDA & IBRD countries),TEA,2012,11489.3717999709
East Asia & Pacific (IDA & IBRD countries),TEA,2011,10788.8596740347
East Asia & Pacific (IDA & IBRD countries),TEA,2010,10056.9644387466
East Asia & Pacific (IDA & IBRD countries),TEA,2009,9251.92190189246
East Asia & Pacific (IDA & IBRD countries),TEA,2008,8684.60617683457
East Asia & Pacific (IDA & IBRD countries),TEA,2007,8093.65313760912
East Asia & Pacific (IDA & IBRD countries),TEA,2006,7309.54901669439
East Asia & Pacific (IDA & IBRD countries),TEA,2005,6679.74546218337
East Asia & Pacific (IDA & IBRD countries),TEA,2004,6155.36986088902
Euro area,EMU,2024,56054.0977302368
Euro area,EMU,2023,55706.2816060906
Euro area,EMU,2022,55638.6407909597
Euro area,EMU,2021,53780.959568799
Euro area,EMU,2020,50532.2927661621
Euro area,EMU,2019,53928.4684797856
Euro area,EMU,2018,53176.6368877298
Euro area,EMU,2017,52337.9135018369
Euro area,EMU,2016,51089.957079337
Euro area,EMU,2015,50293.9078769481
Euro area,EMU,2014,49365.1435330313
Euro area,EMU,2013,48741.8654499657
Euro area,EMU,2012,48904.1161236867
Euro area,EMU,2011,49493.9221375454
Euro area,EMU,2010,48591.055785738
Euro area,EMU,2009,47740.2973322669
Euro area,EMU,2008,50163.9012074228
Euro area,EMU,2007,50167.5925974003
Euro area,EMU,2006,48915.1525453044
Euro area,EMU,2005,47524.4605129111
Euro area,EMU,2004,46891.9654959632
Europe & Central Asia,ECS,2024,44981.3192926243
Europe & Central Asia,ECS,2023,44220.8251180735
Europe & Central Asia,ECS,2022,43537.4882557812
Europe & Central Asia,ECS,2021,42434.0454804633
Europe & Central Asia,ECS,2020,39782.3728089927
Europe & Central Asia,ECS,2019,41861.0781841263
Europe & Central Asia,ECS,2018,41177.7339574417
Europe & Central Asia,ECS,2017,40335.4288573608
Europe & Central Asia,ECS,2016,39278.9171415545
Europe & Central Asia,ECS,2015,38753.9033161838
Europe & Central Asia,ECS,2014,38307.7252927013
Europe & Central Asia,ECS,2013,37826.0934997704
Europe & Central Asia,ECS,2012,37554.903030647
Europe & Central Asia,ECS,2011,37429.4390620427
Europe & Central Asia,ECS,2010,36489.0686918933
Europe & Central Asia,ECS,2009,35593.628989975
Europe & Central Asia,ECS,2008,37541.0289513637
Europe & Central Asia,ECS,2007,37062.8036849749
Europe & Central Asia,ECS,2006,35577.2638014529
Europe & Central Asia,ECS,2005,34097.2420817179
Europe & Central Asia,ECS,2004,33095.6532013292
Europe & Central Asia (excluding high income),ECA,2024,24430.2175202769
Europe & Central Asia (excluding high income),ECA,2023,23625.9236116503
Europe & Central Asia (excluding high income),ECA,2022,22334.4443361062
Europe & Central Asia (excluding high income),ECA,2021,22179.1768626
Europe & Central Asia (excluding high income),ECA,2020,20592.416057405
Europe & Central Asia (excluding high income),ECA,2019,20830.979013781
Europe & Central Asia (excluding high income),ECA,2018,20447.4402502475
Europe & Central Asia (excluding high income),ECA,2017,19877.8402506784
Europe & Central Asia (excluding high income),ECA,2016,19031.7409328875
Europe & Central Asia (excluding high income),ECA,2015,18721.7381996886
Europe & Central Asia (excluding high income),ECA,2014,18576.9583888343
Europe & Central Asia (excluding high income),ECA,2013,18466.622777594
Europe & Central Asia (excluding high income),ECA,2012,17669.0165699365
Europe & Central Asia (excluding high income),ECA,2011,17230.7820985073
Europe & Central Asia (excluding high income),ECA,2010,16161.7210700137
Europe & Central Asia (excluding high income),ECA,2009,15297.0834587453
Europe & Central Asia (excluding high income),ECA,2008,16210.0504480826
Europe & Central Asia (excluding high income),ECA,2007,15787.6955451826
Europe & Central Asia (excluding high income),ECA,2006,14697.18588924
Europe & Central Asia (excluding high income),ECA,2005,13619.1025396081
Europe & Central Asia (excluding high income),ECA,2004,12698.5310733665
Europe & Central Asia (IDA & IBRD countries),TEC,2024,32713.0152698707
Europe & Central Asia (IDA & IBRD countries),TEC,2023,31509.9061055568
Europe & Central Asia (IDA & IBRD countries),TEC,2022,30179.7870902442
Europe & Central Asia (IDA & IBRD countries),TEC,2021,29918.4650718143
Europe & Central Asia (IDA & IBRD countries),TEC,2020,27962.5237763209
Europe & Central Asia (IDA & IBRD countries),TEC,2019,28540.7387047996
Europe & Central Asia (IDA & IBRD countries),TEC,2018,27881.0262510333
Europe & Central Asia (IDA & IBRD countries),TEC,2017,27008.5506544179
Europe & Central Asia (IDA & IBRD countries),TEC,2016,26118.7773736522
Europe & Central Asia (IDA & IBRD countries),TEC,2015,25834.8173197386
Europe & Central Asia (IDA & IBRD countries),TEC,2014,25858.1655880354
Europe & Central Asia (IDA & IBRD countries),TEC,2013,25612.5772709157
Europe & Central Asia (IDA & IBRD countries),TEC,2012,25017.564733224
Europe & Central Asia (IDA & IBRD countries),TEC,2011,24330.2540578139
Europe & Central Asia (IDA & IBRD countries),TEC,2010,23167.2207575598
Europe & Central Asia (IDA & IBRD countries),TEC,2009,22249.6950356121
Europe & Central Asia (IDA & IBRD countries),TEC,2008,23653.990951491
Europe & Central Asia (IDA & IBRD countries),TEC,2007,22657.1349385733
Europe & Central Asia (IDA & IBRD countries),TEC,2006,20994.707627893
Europe & Central Asia (IDA & IBRD countries),TEC,2005,19454.1336352698
Europe & Central Asia (IDA & IBRD countries),TEC,2004,18285.8767112422
European Union,EUU,2024,54341.6257163912
European Union,EUU,2023,53861.7951609765
European Union,EUU,2022,53777.3333629812
European Union,EUU,2021,51968.4388292725
European Union,EUU,2020,48769.5135471727
European Union,EUU,2019,51662.076917369
European Union,EUU,2018,50737.2331625802
European Union,EUU,2017,49704.2541206968
European Union,EUU,2016,48336.5082885839
European Union,EUU,2015,47490.9137112119
European Union,EUU,2014,46455.5685991692
European Union,EUU,2013,45724.832051248
European Union,EUU,2012,45788.921010839
European Union,EUU,2011,46206.0702456512
European Union,EUU,2010,45251.0407991375
European Union,EUU,2009,44430.4810088447
European Union,EUU,2008,46521.2455019681
European Union,EUU,2007,46274.9825825459
European Union,EUU,2006,44947.0641658876
European Union,EUU,2005,43477.091531045
European Union,EUU,2004,42726.6206274142
Heavily indebted poor countries (HIPC),HPC,2024,3180.19389105204
Heavily indebted poor countries (HIPC),HPC,2023,3113.88147842518
Heavily indebted poor countries (HIPC),HPC,2022,3095.04042281375
Heavily indebted poor countries (HIPC),HPC,2021,3038.71814072197
Heavily indebted poor countries (HIPC),HPC,2020,3004.89506305001
Heavily indebted poor countries (HIPC),HPC,2019,3094.41035211512
Heavily indebted poor countries (HIPC),HPC,2018,3053.40944915716
Heavily indebted poor countries (HIPC),HPC,2017,3016.38373115986
Heavily indebted poor countries (HIPC),HPC,2016,2956.59086263144
Heavily indebted poor countries (HIPC),HPC,2015,2914.03384890302
Heavily indebted poor countries (HIPC),HPC,2014,2862.12644300329
Heavily indebted poor countries (HIPC),HPC,2013,2791.50708497729
Heavily indebted poor countries (HIPC),HPC,2012,2705.2877016826
Heavily indebted poor countries (HIPC),HPC,2011,2673.5791083865
Heavily indebted poor countries (HIPC),HPC,2010,2639.80319569525
Heavily indebted poor countries (HIPC),HPC,2009,2550.8684428025
Heavily indebted poor countries (HIPC),HPC,2008,2530.01937834394
Heavily indebted poor countries (HIPC),HPC,2007,2461.47803585618
Heavily indebted poor countries (HIPC),HPC,2006,2397.1939417711
Heavily indebted poor countries (HIPC),HPC,2005,2331.37399166119
Heavily indebted poor countries (HIPC),HPC,2004,2270.11907323143
High income,,2024,58645.0415947684
High income,,2023,57813.4235032444
High income,,2022,57194.6710863244
High income,,2021,55735.7734268154
High income,,2020,52507.0167984634
High income,,2019,54801.5259414975
High income,,2018,53954.4851070337
High income,,2017,52827.4265615404
High income,,2016,51760.6328540112
High income,,2015,51152.8663608105
High income,,2014,50378.3164400802
High income,,2013,49580.8001719361
High income,,2012,49098.5714742481
High income,,2011,48617.91246313
High income,,2010,47722.6167285395
High income,,2009,46460.533960674
High income,,2008,48486.4291565184
High income,,2007,48291.7487404085
High income,,2006,47042.116436345
High income,,2005,45654.0651226494
High income,,2004,44471.4450352263
IBRD only,IBD,2024,18338.0743917536
IBRD only,IBD,2023,17639.8861068054
IBRD only,IBD,2022,16933.9928182913
IBRD only,IBD,2021,16390.9943192501
IBRD only,IBD,2020,15351.793172746
IBRD only,IBD,2019,15754.9861909747
IBRD only,IBD,2018,15291.0398093318
IBRD only,IBD,2017,14720.5064051308
IBRD only,IBD,2016,14147.4607960246
IBRD only,IBD,2015,13669.8723851709
IBRD only,IBD,2014,13271.2499046005
IBRD only,IBD,2013,12836.6202127518
IBRD only,IBD,2012,12375.6300146684
IBRD only,IBD,2011,11906.6328014983
IBRD only,IBD,2010,11358.6063797168
IBRD only,IBD,2009,10692.0618809217
IBRD only,IBD,2008,10594.5033452448
IBRD only,IBD,2007,10148.6867255691
IBRD only,IBD,2006,9452.10929844277
IBRD only,IBD,2005,8847.83067056732
IBRD only,IBD,2004,8369.88369086676
IDA & IBRD total,IBT,2024,14612.9957116519
IDA & IBRD total,IBT,2023,14120.5364644683
IDA & IBRD total,IBT,2022,13635.9169175484
IDA & IBRD total,IBT,2021,13248.8138127169
IDA & IBRD total,IBT,2020,12504.9017541415
IDA & IBRD total,IBT,2019,12882.9121398515
IDA & IBRD total,IBT,2018,12547.6065169327
IDA & IBRD total,IBT,2017,12123.4403274652
IDA & IBRD total,IBT,2016,11696.9848339604
IDA & IBRD total,IBT,2015,11346.1010341675
IDA & IBRD total,IBT,2014,11042.0933017783
IDA & IBRD total,IBT,2013,10698.1935593125
IDA & IBRD total,IBT,2012,10337.9564275594
IDA & IBRD total,IBT,2011,9988.65008164631
IDA & IBRD total,IBT,2010,9568.3350709632
IDA & IBRD total,IBT,2009,9045.73280749433
IDA & IBRD total,IBT,2008,8962.67822410779
IDA & IBRD total,IBT,2007,8616.07323944986
IDA & IBRD total,IBT,2006,8069.48276915284
IDA & IBRD total,IBT,2005,7590.28556742349
IDA & IBRD total,IBT,2004,7205.64090749456
IDA blend,IDB,2024,6743.39623530811
IDA blend,IDB,2023,6605.73413006609
IDA blend,IDB,2022,6554.67363673278
IDA blend,IDB,2021,6382.99566586346
IDA blend,IDB,2020,6248.18008980538
IDA blend,IDB,2019,6597.29007423325
IDA blend,IDB,2018,6540.02977425504
IDA blend,IDB,2017,6424.09547786649
IDA blend,IDB,2016,6379.73619945793
IDA blend,IDB,2015,6369.42234682599
IDA blend,IDB,2014,6263.27766334353
IDA blend,IDB,2013,6049.35770247292
IDA blend,IDB,2012,5846.37428459277
IDA blend,IDB,2011,5723.39316723438
IDA blend,IDB,2010,5622.53923702245
IDA blend,IDB,2009,5444.50751527268
IDA blend,IDB,2008,5272.70195837866
IDA blend,IDB,2007,5195.80808887477
IDA blend,IDB,2006,5061.17002152738
IDA blend,IDB,2005,4907.66392963546
IDA blend,IDB,2004,4746.79902014186
IDA only,IDX,2024,4231.54619614221
IDA only,IDX,2023,4137.43602506399
IDA only,IDX,2022,4086.6200282723
IDA only,IDX,2021,4002.20344573931
IDA only,IDX,2020,3958.34543039405
IDA only,IDX,2019,4056.85050579817
IDA only,IDX,2018,3948.52787213757
IDA only,IDX,2017,3838.75766461121
IDA only,IDX,2016,3711.89606197188
IDA only,IDX,2015,3613.78023092134
IDA only,IDX,2014,3514.87967351075
IDA only,IDX,2013,3411.44081665014
IDA only,IDX,2012,3337.81840982522
IDA only,IDX,2011,3321.06989522982
IDA only,IDX,2010,3220.42982449368
IDA only,IDX,2009,3093.44360386607
IDA only,IDX,2008,3025.02503325556
IDA only,IDX,2007,2914.48488026821
IDA only,IDX,2006,2791.29991947711
IDA only,IDX,2005,2678.38937870739
IDA only,IDX,2004,2570.49137459422
IDA total,IDA,2024,5093.91764711448
IDA total,IDA,2023,4987.31104092255
IDA total,IDA,2022,4938.94976493355
IDA total,IDA,2021,4825.30169071054
IDA total,IDA,2020,4750.57582514097
IDA total,IDA,2019,4940.15164754183
IDA total,IDA,2018,4853.06226610071
IDA total,IDA,2017,4743.55675240066
IDA total,IDA,2016,4649.06174910145
IDA total,IDA,2015,4584.99902568175
IDA total,IDA,2014,4484.83927106283
IDA total,IDA,2013,4342.25857072893
IDA total,IDA,2012,4221.81968545851
IDA total,IDA,2011,4166.33730689033
IDA total,IDA,2010,4065.12933937447
IDA total,IDA,2009,3918.73517951819
IDA total,IDA,2008,3811.61684663031
IDA total,IDA,2007,3712.03702353228
IDA total,IDA,2006,3584.11990284593
IDA total,IDA,2005,3456.76664335691
IDA total,IDA,2004,3329.75784325758
Late-demographic dividend,LTE,2024,24850.1716606625
Late-demographic dividend,LTE,2023,23803.1520192179
Late-demographic dividend,LTE,2022,22842.7930520757
Late-demographic dividend,LTE,2021,22189.7622837471
Late-demographic dividend,LTE,2020,20730.0029982162
Late-demographic dividend,LTE,2019,20852.8824490568
Late-demographic dividend,LTE,2018,20046.5223675086
Late-demographic dividend,LTE,2017,19161.6836683691
Late-demographic dividend,LTE,2016,18377.0584236764
Late-demographic dividend,LTE,2015,17784.0628531228
Late-demographic dividend,LTE,2014,17214.8266070851
Late-demographic dividend,LTE,2013,16550.7608765012
Late-demographic dividend,LTE,2012,15849.9797393159
Late-demographic dividend,LTE,2011,15116.23443797
Late-demographic dividend,LTE,2010,14254.5060505905
Late-demographic dividend,LTE,2009,13334.5473252508
Late-demographic dividend,LTE,2008,13098.0960309932
Late-demographic dividend,LTE,2007,12361.2116354473
Late-demographic dividend,LTE,2006,11333.0924408752
Late-demographic dividend,LTE,2005,10466.0431607711
Late-demographic dividend,LTE,2004,9802.55079794057
Latin America & Caribbean,LCN,2024,19954.1496595019
Latin America & Caribbean,LCN,2023,19651.7333890663
Latin America & Caribbean,LCN,2022,19355.0766860444
Latin America & Caribbean,LCN,2021,18696.3210341683
Latin America & Caribbean,LCN,2020,17508.6173350597
Latin America & Caribbean,LCN,2019,18883.1868618303
Latin America & Caribbean,LCN,2018,18893.7989523752
Latin America & Caribbean,LCN,2017,18744.6242855123
Latin America & Caribbean,LCN,2016,18550.8729173978
Latin America & Caribbean,LCN,2015,18762.9039878165
Latin America & Caribbean,LCN,2014,18852.4281125219
Latin America & Caribbean,LCN,2013,18766.917591694
Latin America & Caribbean,LCN,2012,18433.7387345819
Latin America & Caribbean,LCN,2011,18150.5882548775
Latin America & Caribbean,LCN,2010,17550.7377870024
Latin America & Caribbean,LCN,2009,16665.1020164418
Latin America & Caribbean,LCN,2008,17242.6454978629
Latin America & Caribbean,LCN,2007,16820.2801252913
Latin America & Caribbean,LCN,2006,16172.0518023451
Latin America & Caribbean,LCN,2005,15565.1750239356
Latin America & Caribbean,LCN,2004,15159.8546462837
Latin America & Caribbean (excluding high income),LAC,2024,19114.9636573284
Latin America & Caribbean (excluding high income),LAC,2023,18872.9989096637
Latin America & Caribbean (excluding high income),LAC,2022,18604.9631264863
Latin America & Caribbean (excluding high income),LAC,2021,17991.1283749974
Latin America & Caribbean (excluding high income),LAC,2020,16883.6083104718
Latin America & Caribbean (excluding high income),LAC,2019,18195.6679220187
Latin America & Caribbean (excluding high income),LAC,2018,18213.6232664927
Latin America & Caribbean (excluding high income),LAC,2017,18078.2959124229
Latin America & Caribbean (excluding high income),LAC,2016,17879.6160960042
Latin America & Caribbean (excluding high income),LAC,2015,18116.8775494236
Latin America & Caribbean (excluding high income),LAC,2014,18231.5556349808
Latin America & Caribbean (excluding high income),LAC,2013,18162.1070321562
Latin America & Caribbean (excluding high income),LAC,2012,17843.9103583108
Latin America & Caribbean (excluding high income),LAC,2011,17612.8529378709
Latin America & Caribbean (excluding high income),LAC,2010,17037.1271662537
Latin America & Caribbean (excluding high income),LAC,2009,16146.6158745104
Latin America & Caribbean (excluding high income),LAC,2008,16733.096469667
Latin America & Caribbean (excluding high income),LAC,2007,16321.8321811757
Latin America & Caribbean (excluding high income),LAC,2006,15689.2144065463
Latin America & Caribbean (excluding high income),LAC,2005,15100.9407755949
Latin America & Caribbean (excluding high income),LAC,2004,14714.1889558771
Latin America & the Caribbean (IDA & IBRD countries),TLA,2024,19845.1254630959
Latin America & the Caribbean (IDA & IBRD countries),TLA,2023,19551.7411981811
Latin America & the Caribbean (IDA & IBRD countries),TLA,2022,19259.412041102
Latin America & the Caribbean (IDA & IBRD countries),TLA,2021,18609.1190317645
Latin America & the Caribbean (IDA & IBRD countries),TLA,2020,17418.680012511
Latin America & the Caribbean (IDA & IBRD countries),TLA,2019,18791.1714822657
Latin America & the Caribbean (IDA & IBRD countries),TLA,2018,18808.0604001973
Latin America & the Caribbean (IDA & IBRD countries),TLA,2017,18653.3433106036
Latin America & the Caribbean (IDA & IBRD countries),TLA,2016,18455.8801433133
Latin America & the Caribbean (IDA & IBRD countries),TLA,2015,18670.717514529
Latin America & the Caribbean (IDA & IBRD countries),TLA,2014,18762.6257531749
Latin America & the Caribbean (IDA & IBRD countries),TLA,2013,18676.7799220997
Latin America & the Caribbean (IDA & IBRD countries),TLA,2012,18340.3089340631
Latin America & the Caribbean (IDA & IBRD countries),TLA,2011,18055.3042757769
Latin America & the Caribbean (IDA & IBRD countries),TLA,2010,17448.2598325074
Latin America & the Caribbean (IDA & IBRD countries),TLA,2009,16550.9833188907
Latin America & the Caribbean (IDA & IBRD countries),TLA,2008,17128.9043164926
Latin America & the Caribbean (IDA & IBRD countries),TLA,2007,16696.6218868769
Latin America & the Caribbean (IDA & IBRD countries),TLA,2006,16038.2861869901
Latin America & the Caribbean (IDA & IBRD countries),TLA,2005,15420.2917523643
Latin America & the Caribbean (IDA & IBRD countries),TLA,2004,15003.8237166523
Least developed countries: UN classification,LDC,2024,3956.39663716034
Least developed countries: UN classification,LDC,2023,3891.73641004671
Least developed countries: UN classification,LDC,2022,3851.7539627313
Least developed countries: UN classification,LDC,2021,3753.1278014194
Least developed countries: UN classification,LDC,2020,3741.39972817227
Least developed countries: UN classification,LDC,2019,3830.88853350413
Least developed countries: UN classification,LDC,2018,3726.77808267188
Least developed countries: UN classification,LDC,2017,3628.8467447362
Least developed countries: UN classification,LDC,2016,3530.49118814527
Least developed countries: UN classification,LDC,2015,3444.48573373338
Least developed countries: UN classification,LDC,2014,3352.66131202589
Least developed countries: UN classification,LDC,2013,3241.36780220136
Least developed countries: UN classification,LDC,2012,3129.10024240458
Least developed countries: UN classification,LDC,2011,3051.43683302234
Least developed countries: UN classification,LDC,2010,2980.94840851133
Least developed countries: UN classification,LDC,2009,2867.15245697277
Least developed countries: UN classification,LDC,2008,2806.96555455219
Least developed countries: UN classification,LDC,2007,2691.00800844867
Least developed countries: UN classification,LDC,2006,2556.63271986189
Least developed countries: UN classification,LDC,2005,2440.11770369825
Least developed countries: UN classification,LDC,2004,2321.65342191161
Low & middle income,LMY,2024,13612.7879900807
Low & middle income,LMY,2023,13155.1620681372
Low & middle income,LMY,2022,12688.9670294297
Low & middle income,LMY,2021,12294.6891013589
Low & middle income,LMY,2020,11605.6207814452
Low & middle income,LMY,2019,11942.5710199999
Low & middle income,LMY,2018,11619.79598111
Low & middle income,LMY,2017,11215.7885981508
Low & middle income,LMY,2016,10798.4518286632
Low & middle income,LMY,2015,10435.5053265179
Low & middle income,LMY,2014,10105.0781953344
Low & middle income,LMY,2013,9755.16890460974
Low & middle income,LMY,2012,9388.20025846692
Low & middle income,LMY,2011,9057.29727616674
Low & middle income,LMY,2010,8663.85763037059
Low & middle income,LMY,2009,8152.22412560338
Low & middle income,LMY,2008,7977.46088036183
Low & middle income,LMY,2007,7671.7507012782
Low & middle income,LMY,2006,7185.63014243261
Low & middle income,LMY,2005,6762.59683515012
Low & middle income,LMY,2004,6413.33308387559
Low income,,2024,2395.99109855428
Low income,,2023,2365.06299303399
Low income,,2022,2395.91599638187
Low income,,2021,2374.74913269038
Low income,,2020,2399.29922464841
Low income,,2019,2449.56269658666
Low income,,2018,2422.64161564751
Low income,,2017,2398.91418465668
Low income,,2016,2367.13435583932
Low income,,2015,2349.58022316902
Low income,,2014,2312.39785199331
Low income,,2013,2284.04770988727
Low income,,2012,2314.6902870397
Low income,,2011,2471.46990092247
Low income,,2010,2461.60384878329
Low income,,2009,2363.64532551769
Low income,,2008,2332.31935449671
Low income,,2007,2267.43652462977
Low income,,2006,2183.70629205611
Low income,,2005,2117.2453953109
Low income,,2004,2037.73559020632
Lower middle income,,2024,8930.71250643165
Lower middle income,,2023,8575.83406829339
Lower middle income,,2022,8239.02963162706
Lower middle income,,2021,7838.34718454926
Lower middle income,,2020,7421.0922949801
Lower middle income,,2019,7828.88816562443
Lower middle income,,2018,7634.72598689899
Lower middle income,,2017,7336.66033715744
Lower middle income,,2016,7060.83322568102
Lower middle income,,2015,6770.17550450668
Lower middle income,,2014,6478.86225993693
Lower middle income,,2013,6197.54309245233
Lower middle income,,2012,5959.12380566511
Lower middle income,,2011,5768.54126854103
Lower middle income,,2010,5602.46049037949
Lower middle income,,2009,5327.71639726179
Lower middle income,,2008,5091.43324856468
Lower middle income,,2007,4960.878329707
Lower middle income,,2006,4721.62738527555
Lower middle income,,2005,4484.76374023139
Lower middle income,,2004,4274.69610229025
"Middle East, North Africa, Afghanistan & Pakistan",MEA,2024,14391.405949633
"Middle East, North Africa, Afghanistan & Pakistan",MEA,2023,14315.2058223182
"Middle East, North Africa, Afghanistan & Pakistan",MEA,2022,14260.8818255762
"Middle East, North Africa, Afghanistan & Pakistan",MEA,2021,13667.9618940942
"Middle East, North Africa, Afghanistan & Pakistan",MEA,2020,13261.5451067803
"Middle East, North Africa, Afghanistan & Pakistan",MEA,2019,13875.4354818805
"Middle East, North Africa, Afghanistan & Pakistan",MEA,2018,13857.6977166328
"Middle East, North Africa, Afghanistan & Pakistan",MEA,2017,13738.7112789254
"Middle East, North Africa, Afghanistan & Pakistan",MEA,2016,13660.6647261647
"Middle East, North Africa, Afghanistan & Pakistan",MEA,2015,13274.4834148132
"Middle East, North Africa, Afghanistan & Pakistan",MEA,2014,13125.9569108265
"Middle East, North Africa, Afghanistan & Pakistan",MEA,2013,12974.7088043422
"Middle East, North Africa, Afghanistan & Pakistan",MEA,2012,12998.8237760191
"Middle East, North Africa, Afghanistan & Pakistan",MEA,2011,12878.6633569426
"Middle East, North Africa, Afghanistan & Pakistan",MEA,2010,12644.5287639675
"Middle East, North Africa, Afghanistan & Pakistan",MEA,2009,12328.590525863
"Middle East, North Africa, Afghanistan & Pakistan",MEA,2008,12410.3548378055
"Middle East, North Africa, Afghanistan & Pakistan",MEA,2007,12172.6860848971
"Middle East, North Africa, Afghanistan & Pakistan",MEA,2006,11838.3024594452
"Middle East, North Africa, Afghanistan & Pakistan",MEA,2005,11466.1867676249
"Middle East, North Africa, Afghanistan & Pakistan",MEA,2004,11163.9098849067
"Middle East, North Africa, Afghanistan & Pakistan (excluding high income)",MNA,2024,9972.93614849708
"Middle East, North Africa, Afghanistan & Pakistan (excluding high income)",MNA,2023,9902.17620602616
"Middle East, North Africa, Afghanistan & Pakistan (excluding high income)",MNA,2022,9789.57382056453
"Middle East, North Africa, Afghanistan & Pakistan (excluding high income)",MNA,2021,9516.64668717139
"Middle East, North Africa, Afghanistan & Pakistan (excluding high income)",MNA,2020,9308.58068497712
"Middle East, North Africa, Afghanistan & Pakistan (excluding high income)",MNA,2019,9622.70742842857
"Middle East, North Africa, Afghanistan & Pakistan (excluding high income)",MNA,2018,9610.53590554892
"Middle East, North Africa, Afghanistan & Pakistan (excluding high income)",MNA,2017,9558.34316749669
"Middle East, North Africa, Afghanistan & Pakistan (excluding high income)",MNA,2016,9412.5084550993
"Middle East, North Africa, Afghanistan & Pakistan (excluding high income)",MNA,2015,9038.56259409523
"Middle East, North Africa, Afghanistan & Pakistan (excluding high income)",MNA,2014,8991.33075661477
"Middle East, North Africa, Afghanistan & Pakistan (excluding high income)",MNA,2013,8907.44506975348
"Middle East, North Africa, Afghanistan & Pakistan (excluding high income)",MNA,2012,8984.93510074166
"Middle East, North Africa, Afghanistan & Pakistan (excluding high income)",MNA,2011,8988.59983471501
"Middle East, North Africa, Afghanistan & Pakistan (excluding high income)",MNA,2010,9052.10818995059
"Middle East, North Africa, Afghanistan & Pakistan (excluding high income)",MNA,2009,8831.71489382729
"Middle East, North Africa, Afghanistan & Pakistan (excluding high income)",MNA,2008,8753.13707659614
"Middle East, North Africa, Afghanistan & Pakistan (excluding high income)",MNA,2007,8627.73711127116
"Middle East, North Africa, Afghanistan & Pakistan (excluding high income)",MNA,2006,8323.68223524681
"Middle East, North Africa, Afghanistan & Pakistan (excluding high income)",MNA,2005,8068.28257623881
"Middle East, North Africa, Afghanistan & Pakistan (excluding high income)",MNA,2004,7872.21759398132
"Middle East, North Africa, Afghanistan & Pakistan (IDA & IBRD)",TMN,2024,10015.7953971077
"Middle East, North Africa, Afghanistan & Pakistan (IDA & IBRD)",TMN,2023,9934.12763020633
"Middle East, North Africa, Afghanistan & Pakistan (IDA & IBRD)",TMN,2022,9819.10765239761
"Middle East, North Africa, Afghanistan & Pakistan (IDA & IBRD)",TMN,2021,9544.65393425022
"Middle East, North Africa, Afghanistan & Pakistan (IDA & IBRD)",TMN,2020,9336.60440871316
"Middle East, North Africa, Afghanistan & Pakistan (IDA & IBRD)",TMN,2019,9646.79140996012
"Middle East, North Africa, Afghanistan & Pakistan (IDA & IBRD)",TMN,2018,9633.85835874122
"Middle East, North Africa, Afghanistan & Pakistan (IDA & IBRD)",TMN,2017,9580.54922221665
"Middle East, North Africa, Afghanistan & Pakistan (IDA & IBRD)",TMN,2016,9433.37331636818
"Middle East, North Africa, Afghanistan & Pakistan (IDA & IBRD)",TMN,2015,9059.41391427741
"Middle East, North Africa, Afghanistan & Pakistan (IDA & IBRD)",TMN,2014,9012.30780450401
"Middle East, North Africa, Afghanistan & Pakistan (IDA & IBRD)",TMN,2013,8926.7135503703
"Middle East, North Africa, Afghanistan & Pakistan (IDA & IBRD)",TMN,2012,9005.54949728912
"Middle East, North Africa, Afghanistan & Pakistan (IDA & IBRD)",TMN,2011,9010.52759049832
"Middle East, North Africa, Afghanistan & Pakistan (IDA & IBRD)",TMN,2010,9076.89041241803
"Middle East, North Africa, Afghanistan & Pakistan (IDA & IBRD)",TMN,2009,8855.99168481009
"Middle East, North Africa, Afghanistan & Pakistan (IDA & IBRD)",TMN,2008,8778.68857917021
"Middle East, North Africa, Afghanistan & Pakistan (IDA & IBRD)",TMN,2007,8653.73763157619
"Middle East, North Africa, Afghanistan & Pakistan (IDA & IBRD)",TMN,2006,8347.93200878985
"Middle East, North Africa, Afghanistan & Pakistan (IDA & IBRD)",TMN,2005,8089.64903827668
"Middle East, North Africa, Afghanistan & Pakistan (IDA & IBRD)",TMN,2004,7894.73920422743
Middle income,MIC,2024,15025.1337351136
Middle income,MIC,2023,14488.6453367075
Middle income,MIC,2022,13938.71550771
Middle income,MIC,2021,13477.1480288886
Middle income,MIC,2020,12685.0950213792
Middle income,MIC,2019,13034.1513333008
Middle income,MIC,2018,12658.3244996246
Middle income,MIC,2017,12195.0632181132
Middle income,MIC,2016,11720.8222579728
Middle income,MIC,2015,11307.9180137805
Middle income,MIC,2014,10935.2532861253
Middle income,MIC,2013,10542.026674052
Middle income,MIC,2012,10125.510949148
Middle income,MIC,2011,9737.81435931152
Middle income,MIC,2010,9296.31778418793
Middle income,MIC,2009,8733.86163528882
Middle income,MIC,2008,8535.84090946808
Middle income,MIC,2007,8197.99268490885
Middle income,MIC,2006,7665.31771724037
Middle income,MIC,2005,7201.40053186685
Middle income,MIC,2004,6820.50538313605
North America,NAC,2024,73737.55979381
North America,NAC,2023,72628.1971323768
North America,NAC,2022,71345.564015877
North America,NAC,2021,69953.4846892959
North America,NAC,2020,66040.8731205658
North America,NAC,2019,67946.3411183071
North America,NAC,2018,66679.8386372116
North America,NAC,2017,65208.2856615564
North America,NAC,2016,64087.4542421837
North America,NAC,2015,63503.57678579
North America,NAC,2014,62302.7654278932
North America,NAC,2013,61249.6479379237
North America,NAC,2012,60442.1261871716
North America,NAC,2011,59609.0873919323
North America,NAC,2010,59088.9185210479
North America,NAC,2009,58023.6383008921
North America,NAC,2008,60117.4818737471
North America,NAC,2007,60581.9753282087
North America,NAC,2006,59957.8206045602
North America,NAC,2005,58908.2584676373
North America,NAC,2004,57467.3638694953
OECD members,OED,2024,53798.0599443819
OECD members,OED,2023,53203.8203533137
OECD members,OED,2022,52633.5158572918
OECD members,OED,2021,51208.8336430486
OECD members,OED,2020,48279.8578743016
OECD members,OED,2019,50499.1828634038
OECD members,OED,2018,49885.2296815603
OECD members,OED,2017,49000.2450341257
OECD members,OED,2016,47990.2203158456
OECD members,OED,2015,47398.5562028596
OECD members,OED,2014,46491.7899829914
OECD members,OED,2013,45741.9859886325
OECD members,OED,2012,45281.102496489
OECD members,OED,2011,44960.672133865
OECD members,OED,2010,44296.3842287079
OECD members,OED,2009,43274.1924719738
OECD members,OED,2008,45165.4822304847
OECD members,OED,2007,45303.2152816216
OECD members,OED,2006,44393.8812932118
OECD members,OED,2005,43314.4668519001
OECD members,OED,2004,42397.8667348579
Other small states,OSS,2024,25138.8563350085
Other small states,OSS,2023,24612.8870286862
Other small states,OSS,2022,24168.7876712146
Other small states,OSS,2021,23632.4052569572
Other small states,OSS,2020,22204.358146968
Other small states,OSS,2019,23776.9773929696
Other small states,OSS,2018,23016.1225593731
Other small states,OSS,2017,22394.7899889508
Other small states,OSS,2016,21627.6861621069
Other small states,OSS,2015,21083.6921175309
Other small states,OSS,2014,20672.6945499764
Other small states,OSS,2013,20455.8345932464
Other small states,OSS,2012,20484.2211190429
Other small states,OSS,2011,20400.5925129711
Other small states,OSS,2010,19867.3807612748
Other small states,OSS,2009,19493.3000281391
Other small states,OSS,2008,20642.7124569961
Other small states,OSS,2007,20725.0165004664
Other small states,OSS,2006,19972.170220709
Other small states,OSS,2005,19025.7152123296
Other small states,OSS,2004,18438.7138473718
Pacific island small states,PSS,2024,7314.41647178348
Pacific island small states,PSS,2023,7145.20419623831
Pacific island small states,PSS,2022,6703.99054222771
Pacific island small states,PSS,2021,6133.27337662878
Pacific island small states,PSS,2020,6398.88980378789
Pacific island small states,PSS,2019,7345.58196205993
Pacific island small states,PSS,2018,7370.26163890891
Pacific island small states,PSS,2017,7249.20252559116
Pacific island small states,PSS,2016,7044.71064474168
Pacific island small states,PSS,2015,6896.50177083272
Pacific island small states,PSS,2014,6710.09392298631
Pacific island small states,PSS,2013,6531.90012102663
Pacific island small states,PSS,2012,6386.94052753522
Pacific island small states,PSS,2011,6402.09924410503
Pacific island small states,PSS,2010,6266.69938542944
Pacific island small states,PSS,2009,6128.78865472213
Pacific island small states,PSS,2008,6237.22081249056
Pacific island small states,PSS,2007,6191.93685021462
Pacific island small states,PSS,2006,6270.20561026621
Pacific island small states,PSS,2005,6203.63940608642
Pacific island small states,PSS,2004,6151.76388674443
Post-demographic dividend,PST,2024,59533.8945611197
Post-demographic dividend,PST,2023,58864.5073143586
Post-demographic dividend,PST,2022,58044.4953903551
Post-demographic dividend,PST,2021,56629.4428654399
Post-demographic dividend,PST,2020,53484.386473395
Post-demographic dividend,PST,2019,55954.6056964726
Post-demographic dividend,PST,2018,55143.3332401636
Post-demographic dividend,PST,2017,54108.2407867178
Post-demographic dividend,PST,2016,52980.6671692557
Post-demographic dividend,PST,2015,52274.7981957443
Post-demographic dividend,PST,2014,51441.7405935107
Post-demographic dividend,PST,2013,50706.4050971727
Post-demographic dividend,PST,2012,50202.3862277536
Post-demographic dividend,PST,2011,49888.7882058408
Post-demographic dividend,PST,2010,49202.4977605287
Post-demographic dividend,PST,2009,48022.2819554498
Post-demographic dividend,PST,2008,50097.1139120419
Post-demographic dividend,PST,2007,50178.5292615153
Post-demographic dividend,PST,2006,49124.6017545878
Post-demographic dividend,PST,2005,47910.7270616016
Post-demographic dividend,PST,2004,46849.0191927991
Pre-demographic dividend,PRE,2024,4654.29644706482
Pre-demographic dividend,PRE,2023,4616.90450089091
Pre-demographic dividend,PRE,2022,4622.84662154362
Pre-demographic dividend,PRE,2021,4534.67817255594
Pre-demographic dividend,PRE,2020,4560.44774666763
Pre-demographic dividend,PRE,2019,4894.86910665179
Pre-demographic dividend,PRE,2018,4877.52526198822
Pre-demographic dividend,PRE,2017,4883.51888202169
Pre-demographic dividend,PRE,2016,4937.98687866513
Pre-demographic dividend,PRE,2015,4955.04368705216
Pre-demographic dividend,PRE,2014,4943.93909593226
Pre-demographic dividend,PRE,2013,4836.16367046518
Pre-demographic dividend,PRE,2012,4699.8157799984
Pre-demographic dividend,PRE,2011,4601.80263323492
Pre-demographic dividend,PRE,2010,4542.96699291196
Pre-demographic dividend,PRE,2009,4380.77455783827
Pre-demographic dividend,PRE,2008,4296.51657824143
Pre-demographic dividend,PRE,2007,4156.31275431464
Pre-demographic dividend,PRE,2006,4024.27616541647
Pre-demographic dividend,PRE,2005,3897.99424559981
Pre-demographic dividend,PRE,2004,3785.58312127129
Small states,SST,2024,24725.3895821776
Small states,SST,2023,23393.3466796632
Small states,SST,2022,22478.8845331697
Small states,SST,2021,21262.5948218682
Small states,SST,2020,20101.6503085454
Small states,SST,2019,21662.7739795661
Small states,SST,2018,21165.1370912777
Small states,SST,2017,20732.8384950461
Small states,SST,2016,20323.0292175365
Small states,SST,2015,20214.6306771707
Small states,SST,2014,19992.2837971004
Small states,SST,2013,19725.1292380478
Small states,SST,2012,19647.9643191463
Small states,SST,2011,19390.3808189536
Small states,SST,2010,19016.7659318866
Small states,SST,2009,18696.6740492489
Small states,SST,2008,19636.9550115867
Small states,SST,2007,19592.5639538724
Small states,SST,2006,18934.0339750992
Small states,SST,2005,17926.7361863699
Small states,SST,2004,17308.1619537788
South Asia,SAS,2024,9307.06752508413
South Asia,SAS,2023,8796.72942063676
South Asia,SAS,2022,8308.38014181846
South Asia,SAS,2021,7815.21278442871
South Asia,SAS,2020,7215.20736191888
South Asia,SAS,2019,7660.41899011306
South Asia,SAS,2018,7430.46384287571
South Asia,SAS,2017,7055.83469512198
South Asia,SAS,2016,6681.44601575684
South Asia,SAS,2015,6259.31717310526
South Asia,SAS,2014,5878.67479791218
South Asia,SAS,2013,5548.16105526486
South Asia,SAS,2012,5285.90684170559
South Asia,SAS,2011,5069.45396503048
South Asia,SAS,2010,4872.71064899734
South Asia,SAS,2009,4566.50695762565
South Asia,SAS,2008,4309.94806835076
South Asia,SAS,2007,4222.24103901725
South Asia,SAS,2006,3983.25023893144
South Asia,SAS,2005,3748.35844477212
South Asia,SAS,2004,3536.63492979436
South Asia (IDA & IBRD),TSA,2024,9307.06752508413
South Asia (IDA & IBRD),TSA,2023,8796.72942063676
South Asia (IDA & IBRD),TSA,2022,8308.38014181846
South Asia (IDA & IBRD),TSA,2021,7815.21278442871
South Asia (IDA & IBRD),TSA,2020,7215.20736191888
South Asia (IDA & IBRD),TSA,2019,7660.41899011306
South Asia (IDA & IBRD),TSA,2018,7430.46384287571
South Asia (IDA & IBRD),TSA,2017,7055.83469512198
South Asia (IDA & IBRD),TSA,2016,6681.44601575684
South Asia (IDA & IBRD),TSA,2015,6259.31717310526
South Asia (IDA & IBRD),TSA,2014,5878.67479791218
South Asia (IDA & IBRD),TSA,2013,5548.16105526486
South Asia (IDA & IBRD),TSA,2012,5285.90684170559
South Asia (IDA & IBRD),TSA,2011,5069.45396503048
South Asia (IDA & IBRD),TSA,2010,4872.71064899734
South Asia (IDA & IBRD),TSA,2009,4566.50695762565
South Asia (IDA & IBRD),TSA,2008,4309.94806835076
South Asia (IDA & IBRD),TSA,2007,4222.24103901725
South Asia (IDA & IBRD),TSA,2006,3983.25023893144
South Asia (IDA & IBRD),TSA,2005,3748.35844477212
South Asia (IDA & IBRD),TSA,2004,3536.63492979436
Sub-Saharan Africa,SSF,2024,4872.91556737875
Sub-Saharan Africa,SSF,2023,4809.48422824725
Sub-Saharan Africa,SSF,2022,4795.24715624599
Sub-Saharan Africa,SSF,2021,4720.48407808675
Sub-Saharan Africa,SSF,2020,4677.92219768928
Sub-Saharan Africa,SSF,2019,4962.55290682237
Sub-Saharan Africa,SSF,2018,4963.20882492551
Sub-Saharan Africa,SSF,2017,4953.2648572016
Sub-Saharan Africa,SSF,2016,4956.58486807326
Sub-Saharan Africa,SSF,2015,5019.95019038994
Sub-Saharan Africa,SSF,2014,5002.96695140382
Sub-Saharan Africa,SSF,2013,4896.32543067071
Sub-Saharan Africa,SSF,2012,4775.8739329678
Sub-Saharan Africa,SSF,2011,4713.42233131106
Sub-Saharan Africa,SSF,2010,4632.84408191438
Sub-Saharan Africa,SSF,2009,4479.1406301998
Sub-Saharan Africa,SSF,2008,4445.5273501557
Sub-Saharan Africa,SSF,2007,4337.79844704611
Sub-Saharan Africa,SSF,2006,4198.85922825456
Sub-Saharan Africa,SSF,2005,4067.54686495063
Sub-Saharan Africa,SSF,2004,3941.14291024738
Sub-Saharan Africa (excluding high income),SSA,2024,4870.62629918304
Sub-Saharan Africa (excluding high income),SSA,2023,4807.21723713092
Sub-Saharan Africa (excluding high income),SSA,2022,4793.06085560333
Sub-Saharan Africa (excluding high income),SSA,2021,4718.40031939935
Sub-Saharan Africa (excluding high income),SSA,2020,4675.79132727431
Sub-Saharan Africa (excluding high income),SSA,2019,4960.03991221743
Sub-Saharan Africa (excluding high income),SSA,2018,4960.78415927401
Sub-Saharan Africa (excluding high income),SSA,2017,4950.9087329327
Sub-Saharan Africa (excluding high income),SSA,2016,4954.34861846369
Sub-Saharan Africa (excluding high income),SSA,2015,5017.95424219798
Sub-Saharan Africa (excluding high income),SSA,2014,5001.112536621
Sub-Saharan Africa (excluding high income),SSA,2013,4894.49542314043
Sub-Saharan Africa (excluding high income),SSA,2012,4774.00118699953
Sub-Saharan Africa (excluding high income),SSA,2011,4711.55900120705
Sub-Saharan Africa (excluding high income),SSA,2010,4631.14077014951
Sub-Saharan Africa (excluding high income),SSA,2009,4477.4566945111
Sub-Saharan Africa (excluding high income),SSA,2008,4443.73351543474
Sub-Saharan Africa (excluding high income),SSA,2007,4335.8656884027
Sub-Saharan Africa (excluding high income),SSA,2006,4197.05577656382
Sub-Saharan Africa (excluding high income),SSA,2005,4065.86938644099
Sub-Saharan Africa (excluding high income),SSA,2004,3939.58298141437
Sub-Saharan Africa (IDA & IBRD countries),TSS,2024,4872.91556737875
Sub-Saharan Africa (IDA & IBRD countries),TSS,2023,4809.48422824725
Sub-Saharan Africa (IDA & IBRD countries),TSS,2022,4795.24715624599
Sub-Saharan Africa (IDA & IBRD countries),TSS,2021,4720.48407808675
Sub-Saharan Africa (IDA & IBRD countries),TSS,2020,4677.92219768928
Sub-Saharan Africa (IDA & IBRD countries),TSS,2019,4962.55290682237
Sub-Saharan Africa (IDA & IBRD countries),TSS,2018,4963.20882492551
Sub-Saharan Africa (IDA & IBRD countries),TSS,2017,4953.2648572016
Sub-Saharan Africa (IDA & IBRD countries),TSS,2016,4956.58486807326
Sub-Saharan Africa (IDA & IBRD countries),TSS,2015,5019.95019038994
Sub-Saharan Africa (IDA & IBRD countries),TSS,2014,5002.96695140382
Sub-Saharan Africa (IDA & IBRD countries),TSS,2013,4896.32543067071
Sub-Saharan Africa (IDA & IBRD countries),TSS,2012,4775.8739329678
Sub-Saharan Africa (IDA & IBRD countries),TSS,2011,4713.42233131106
Sub-Saharan Africa (IDA & IBRD countries),TSS,2010,4632.84408191438
Sub-Saharan Africa (IDA & IBRD countries),TSS,2009,4479.1406301998
Sub-Saharan Africa (IDA & IBRD countries),TSS,2008,4445.5273501557
Sub-Saharan Africa (IDA & IBRD countries),TSS,2007,4337.79844704611
Sub-Saharan Africa (IDA & IBRD countries),TSS,2006,4198.85922825456
Sub-Saharan Africa (IDA & IBRD countries),TSS,2005,4067.54686495063
Sub-Saharan Africa (IDA & IBRD countries),TSS,2004,3941.14291024738
Upper middle income,,2024,20967.3589459748
Upper middle income,,2023,20194.4437195401
Upper middle income,,2022,19378.7095594057
Upper middle income,,2021,18796.441497948
Upper middle income,,2020,17611.7434455076
Upper middle income,,2019,17882.2048457814
Upper middle income,,2018,17308.0850217702
Upper middle income,,2017,16662.4284387368
Upper middle income,,2016,15979.55362127
Upper middle income,,2015,15424.5615868064
Upper middle income,,2014,14947.2403476526
Upper middle income,,2013,14423.8295348435
Upper middle income,,2012,13822.3046874476
Upper middle income,,2011,13236.515304434
Upper middle income,,2010,12531.0895213844
Upper middle income,,2009,11694.2221159018
Upper middle income,,2008,11494.8903381638
Upper middle income,,2007,10958.7142005081
Upper middle income,,2006,10156.8285798117
Upper middle income,,2005,9482.47316024402
Upper middle income,,2004,8939.4315710973
World,WLD,2024,21393.1843594226
World,WLD,2023,20894.8663747649
World,WLD,2022,20421.733679962
World,WLD,2021,19875.5669160609
World,WLD,2020,18812.4921846351
World,WLD,2019,19551.0853720052
World,WLD,2018,19189.4922263446
World,WLD,2017,18714.5736777743
World,WLD,2016,18234.0187668301
World,WLD,2015,17870.9797405245
World,WLD,2014,17502.7804590175
World,WLD,2013,17121.7231789375
World,WLD,2012,16785.0538810187
World,WLD,2011,16478.6508721961
World,WLD,2010,16050.8528459331
World,WLD,2009,15456.5925081159
World,WLD,2008,15756.1973918277
World,WLD,2007,15519.537511648
World,WLD,2006,14934.6932991325
World,WLD,2005,14377.2053638343
World,WLD,2004,13921.3400955101
Afghanistan,AFG,2024,1964.45228895456
Afghanistan,AFG,2023,1983.81261992909
Afghanistan,AFG,2022,1981.71016810561
Afghanistan,AFG,2021,2144.16657002819
Afghanistan,AFG,2020,2769.68574507111
Afghanistan,AFG,2019,2927.2451435353
Afghanistan,AFG,2018,2902.39211285546
Afghanistan,AFG,2017,2952.99891598909
Afghanistan,AFG,2016,2958.7853992308
Afghanistan,AFG,2015,2967.692067153
Afghanistan,AFG,2014,3017.94254424696
Afghanistan,AFG,2013,3046.57993117128
Afghanistan,AFG,2012,2985.31914452845
Afghanistan,AFG,2011,2757.05258747725
Afghanistan,AFG,2010,2848.58606111495
Afghanistan,AFG,2009,2565.02208584099
Afghanistan,AFG,2008,2191.50435559062
Afghanistan,AFG,2007,2155.35306784413
Afghanistan,AFG,2006,1929.72389709372
Afghanistan,AFG,2005,1908.11478234587
Afghanistan,AFG,2004,1776.91820712187
Albania,ALB,2024,21640.9835773271
Albania,ALB,2023,20501.6470726741
Albania,ALB,2022,19388.7927279351
Albania,ALB,2021,18212.794718288
Albania,ALB,2020,16457.7189744991
Albania,ALB,2019,16761.1230178682
Albania,ALB,2018,16170.9234325287
Albania,ALB,2017,15359.3974577025
Albania,ALB,2016,14643.4285614716
Albania,ALB,2015,13876.7616296598
Albania,ALB,2014,13366.5040948145
Albania,ALB,2013,12873.4298184073
Albania,ALB,2012,12463.518369846
Albania,ALB,2011,12153.0636591785
Albania,ALB,2010,11829.0042369631
Albania,ALB,2009,11430.5746310655
Albania,ALB,2008,11056.3059173381
Albania,ALB,2007,10262.9242359026
Albania,ALB,2006,9563.98954154527
Albania,ALB,2005,8964.28082219496
Albania,ALB,2004,8483.25881549279
Algeria,DZA,2024,15501.9197003966
Algeria,DZA,2023,15159.3242373415
Algeria,DZA,2022,14782.2002970247
Algeria,DZA,2021,14496.8654697299
Algeria,DZA,2020,14194.1557479619
Algeria,DZA,2019,15199.1989965639
Algeria,DZA,2018,15343.4261222434
Algeria,DZA,2017,15427.6641894713
Algeria,DZA,2016,15511.6858768094
Algeria,DZA,2015,15239.5171456469
Algeria,DZA,2014,15073.7629403565
Algeria,DZA,2013,14778.1914257233
Algeria,DZA,2012,14697.5396133853
Algeria,DZA,2011,14641.9640935685
Algeria,DZA,2010,14496.4211312996
Algeria,DZA,2009,14104.42817214
Algeria,DZA,2008,14206.7767147039
Algeria,DZA,2007,14114.6745192683
Algeria,DZA,2006,13920.6940553701
Algeria,DZA,2005,13738.495644436
Algeria,DZA,2004,13226.7650481165
Andorra,AND,2024,66232.7444195598
Andorra,AND,2023,64631.2963909271
Andorra,AND,2022,63913.3835079105
Andorra,AND,2021,59332.2029100127
Andorra,AND,2020,55488.4902991095
Andorra,AND,2019,63215.899791913
Andorra,AND,2018,63048.5985572834
Andorra,AND,2017,63239.6577711911
Andorra,AND,2016,64402.8092369468
Andorra,AND,2015,62105.1542389675
Andorra,AND,2014,59929.2444670501
Andorra,AND,2013,57332.1585611366
Andorra,AND,2012,58172.1323929474
Andorra,AND,2011,60470.4662377044
Andorra,AND,2010,58285.0577756981
Andorra,AND,2009,57203.9708883731
Andorra,AND,2008,60691.6051530637
Andorra,AND,2007,65534.1168555171
Andorra,AND,2006,66390.293726491
Andorra,AND,2005,65114.8053663021
Andorra,AND,2004,64353.4858113531
Angola,AGO,2024,8752.7974709833
Angola,AGO,2023,8597.53878787554
Angola,AGO,2022,8750.99363032299
Angola,AGO,2021,8720.18768742123
Angola,AGO,2020,8904.94900580168
Angola,AGO,2019,9712.97944927269
Angola,AGO,2018,10154.8389228005
Angola,AGO,2017,10565.1676483607
Angola,AGO,2016,10963.9967887173
Angola,AGO,2015,11389.7609549481
Angola,AGO,2014,11718.4286832376
Angola,AGO,2013,11622.978345524
Angola,AGO,2012,11516.8133246588
Angola,AGO,2011,11034.5919687814
Angola,AGO,2010,11074.0723813984
Angola,AGO,2009,10930.2531201205
Angola,AGO,2008,11131.6310145389
Angola,AGO,2007,10434.7087224445
Angola,AGO,2006,9586.17542123825
Angola,AGO,2005,8892.92106099154
Angola,AGO,2004,8079.52613328266
Antigua and Barbuda,ATG,2024,29298.6474164727
Antigua and Barbuda,ATG,2023,28712.3970492192
Antigua and Barbuda,ATG,2022,27785.5572316838
Antigua and Barbuda,ATG,2021,25745.4958067746
Antigua and Barbuda,ATG,2020,23930.6714995115
Antigua and Barbuda,ATG,2019,29651.8641526705
Antigua and Barbuda,ATG,2018,28878.6067675471
Antigua and Barbuda,ATG,2017,27199.1952402262
Antigua and Barbuda,ATG,2016,26627.71453894
Antigua and Barbuda,ATG,2015,25734.1516444171
Antigua and Barbuda,ATG,2014,25557.5249124716
Antigua and Barbuda,ATG,2013,25206.8458285339
Antigua and Barbuda,ATG,2012,25592.9066121735
Antigua and Barbuda,ATG,2011,25023.9174488179
Antigua and Barbuda,ATG,2010,25826.6086383235
Antigua and Barbuda,ATG,2009,28405.6900929523
Antigua and Barbuda,ATG,2008,32756.3067839753
Antigua and Barbuda,ATG,2007,33245.2678606765
Antigua and Barbuda,ATG,2006,30827.3416754916
Antigua and Barbuda,ATG,2005,27692.634871178
Antigua and Barbuda,ATG,2004,26303.6179046605
Argentina,ARG,2024,26771.9657650571
Argentina,ARG,2023,27230.3968496682
Argentina,ARG,2022,27825.0273492567
Argentina,ARG,2021,26300.274261175
Argentina,ARG,2020,23877.0931404855
Argentina,ARG,2019,26629.5529419501
Argentina,ARG,2018,27367.115094108
Argentina,ARG,2017,28334.904184742
Argentina,ARG,2016,27802.1057201498
Argentina,ARG,2015,28669.2061336796
Argentina,ARG,2014,28200.8152571318
Argentina,ARG,2013,29227.6601818437
Argentina,ARG,2012,28825.9666865361
Argentina,ARG,2011,29425.7593876084
Argentina,ARG,2010,28056.2570212342
Argentina,ARG,2009,25747.1976809995
Argentina,ARG,2008,27658.4853446831
Argentina,ARG,2007,26850.6645932771
Argentina,ARG,2006,24877.2493922296
Argentina,ARG,2005,23262.4075792816
Argentina,ARG,2004,21591.449396517
Armenia,ARM,2024,20078.7848984844
Armenia,ARM,2023,19402.7510915578
Armenia,ARM,2022,17886.1783877168
Armenia,ARM,2021,15921.705281964
Armenia,ARM,2020,15052.9359791136
Armenia,ARM,2019,16215.3607965094
Armenia,ARM,2018,15037.0452420712
Armenia,ARM,2017,14243.8749003795
Armenia,ARM,2016,13192.9940731731
Armenia,ARM,2015,13112.7600902915
Armenia,ARM,2014,12667.3757330249
Armenia,ARM,2013,12194.0189523843
Armenia,ARM,2012,11796.2741177994
Armenia,ARM,2011,10990.177099035
Armenia,ARM,2010,10438.5641904169
Armenia,ARM,2009,10143.2350796867
Armenia,ARM,2008,11727.4821272949
Armenia,ARM,2007,10898.8483795634
Armenia,ARM,2006,9525.23146779778
Armenia,ARM,2005,8362.90084037119
Armenia,ARM,2004,7299.40001858866
Aruba,ABW,2024,45428.0027283518
Aruba,ABW,2023,42783.2489072067
Aruba,ABW,2022,39083.4616398507
Aruba,ABW,2021,35207.1709088639
Aruba,ABW,2020,30408.8270901983
Aruba,ABW,2019,39754.5600722149
Aruba,ABW,2018,39378.2284109047
Aruba,ABW,2017,38213.2892388309
Aruba,ABW,2016,36926.1130685729
Aruba,ABW,2015,36753.4041726178
Aruba,ABW,2014,35837.3240929711
Aruba,ABW,2013,35711.9290506967
Aruba,ABW,2012,34058.3102329903
Aruba,ABW,2011,34926.1008924322
Aruba,ABW,2010,34037.5423205595
Aruba,ABW,2009,35074.6841221014
Aruba,ABW,2008,39982.5119922148
Aruba,ABW,2007,39562.4488484876
Aruba,ABW,2006,38664.3995098654
Aruba,ABW,2005,38926.4750002706
Aruba,ABW,2004,40101.7876131851
Australia,AUS,2024,60309.5831772339
Australia,AUS,2023,60684.9596204883
Australia,AUS,2022,60029.1329190733
Australia,AUS,2021,58327.4146842325
Australia,AUS,2020,57260.4650530108
Australia,AUS,2019,58048.6188420831
Australia,AUS,2018,57647.8455068105
Australia,AUS,2017,56881.8569859104
Australia,AUS,2016,56529.951824687
Australia,AUS,2015,55879.9958817103
Australia,AUS,2014,55489.068844146
Australia,AUS,2013,54895.0052588984
Australia,AUS,2012,54403.8836902433
Australia,AUS,2011,53257.0473237603
Australia,AUS,2010,52739.2681556133
Australia,AUS,2009,52407.9115378584
Australia,AUS,2008,52473.3819160773
Australia,AUS,2007,51663.2403953881
Australia,AUS,2006,50693.7248649798
Australia,AUS,2005,49997.0664953941
Australia,AUS,2004,49061.2761503925
Austria,AUT,2024,63787.9891749462
Austria,AUT,2023,64536.2076307547
Austria,AUT,2022,65694.4591501468
Austria,AUT,2021,62968.8538770186
Austria,AUT,2020,60276.3307697326
Austria,AUT,2019,64609.2836396895
Austria,AUT,2018,63777.9362157476
Austria,AUT,2017,62535.8105711345
Austria,AUT,2016,61572.6257402404
Austria,AUT,2015,60951.6037273662
Austria,AUT,2014,60845.5743980711
Austria,AUT,2013,60862.9693673785
Austria,AUT,2012,61376.6345930428
Austria,AUT,2011,61272.1724662899
Austria,AUT,2010,59730.4673903053
Austria,AUT,2009,58810.3596828696
Austria,AUT,2008,61157.9014974191
Austria,AUT,2007,60470.825141587
Austria,AUT,2006,58460.1550504163
Austria,AUT,2005,56890.1996184204
Austria,AUT,2004,55980.1531665622
Azerbaijan,AZE,2024,22090.5298026929
Azerbaijan,AZE,2023,21310.7386915022
Azerbaijan,AZE,2022,21051.2442291612
Azerbaijan,AZE,2021,20111.3756952109
Azerbaijan,AZE,2020,19126.096851126
Azerbaijan,AZE,2019,20101.491875147
Azerbaijan,AZE,2018,19781.8509058437
Azerbaijan,AZE,2017,19659.0048562768
Azerbaijan,AZE,2016,19822.4105943941
Azerbaijan,AZE,2015,20678.7539572375
Azerbaijan,AZE,2014,20709.201611232
Azerbaijan,AZE,2013,20398.6462250349
Azerbaijan,AZE,2012,19523.3737161356
Azerbaijan,AZE,2011,19358.0778100345
Azerbaijan,AZE,2010,19925.3900662137
Azerbaijan,AZE,2009,19242.3900077231
Azerbaijan,AZE,2008,17963.0208126838
Azerbaijan,AZE,2007,16587.3657240228
Azerbaijan,AZE,2006,13371.6585214534
Azerbaijan,AZE,2005,10054.1003389401
Azerbaijan,AZE,2004,7937.8594791002
"Bahamas, The",BHS,2024,36244.0500123244
"Bahamas, The",BHS,2023,35221.2696932313
"Bahamas, The",BHS,2022,34342.9285316569
"Bahamas, The",BHS,2021,31064.6822166194
"Bahamas, The",BHS,2020,26452.695760929
"Bahamas, The",BHS,2019,33202.4902105068
"Bahamas, The",BHS,2018,33650.2164350935
"Bahamas, The",BHS,2017,33050.0350128611
"Bahamas, The",BHS,2016,32172.3365152976
"Bahamas, The",BHS,2015,32777.5849410742
"Bahamas, The",BHS,2014,32712.6356664811
"Bahamas, The",BHS,2013,32402.9163503108
"Bahamas, The",BHS,2012,33667.5547098911
"Bahamas, The",BHS,2011,32535.6625139135
"Bahamas, The",BHS,2010,32711.4592459383
"Bahamas, The",BHS,2009,32630.263065979
"Bahamas, The",BHS,2008,34498.0351399173
"Bahamas, The",BHS,2007,35797.118972073
"Bahamas, The",BHS,2006,35789.1322131898
"Bahamas, The",BHS,2005,35365.4663980219
"Bahamas, The",BHS,2004,34617.8051137459
Bahrain,BHR,2024,59060.1818363183
Bahrain,BHR,2023,57819.9051831242
Bahrain,BHR,2022,57572.997981018
Bahrain,BHR,2021,54954.6757895532
Bahrain,BHR,2020,53814.2452592358
Bahrain,BHR,2019,56749.9628370612
Bahrain,BHR,2018,54893.0724411368
Bahrain,BHR,2017,53859.7749589601
Bahrain,BHR,2016,54107.0752236423
Bahrain,BHR,2015,54149.9131524721
Bahrain,BHR,2014,55065.8189472129
Bahrain,BHR,2013,55376.4005147894
Bahrain,BHR,2012,54516.8406594787
Bahrain,BHR,2011,53132.3284162611
Bahrain,BHR,2010,50704.8479679819
Bahrain,BHR,2009,50665.7507489219
Bahrain,BHR,2008,52765.3899455546
Bahrain,BHR,2007,52731.7921672618
Bahrain,BHR,2006,52691.9323366851
Bahrain,BHR,2005,53478.2662415503
Bahrain,BHR,2004,54045.092888858
Bangladesh,BGD,2024,8486.78495660517
Bangladesh,BGD,2023,8242.39798977242
Bangladesh,BGD,2022,7888.16389098304
Bangladesh,BGD,2021,7441.06913961254
Bangladesh,BGD,2020,7015.19792797056
Bangladesh,BGD,2019,6838.32611608243
Bangladesh,BGD,2018,6392.59334024091
Bangladesh,BGD,2017,6005.70718781048
Bangladesh,BGD,2016,5682.53553494306
Bangladesh,BGD,2015,5352.71133299566
Bangladesh,BGD,2014,5068.63965672741
Bangladesh,BGD,2013,4822.72621378266
Bangladesh,BGD,2012,4592.04840919812
Bangladesh,BGD,2011,4352.42643359325
Bangladesh,BGD,2010,4125.46390163202
Bangladesh,BGD,2009,3942.13631207203
Bangladesh,BGD,2008,3787.9382761855
Bangladesh,BGD,2007,3608.91543819399
Bangladesh,BGD,2006,3407.4273502159
Bangladesh,BGD,2005,3231.61370692891
Bangladesh,BGD,2004,3071.83778764611
Barbados,BRB,2024,21557.5276350385
Barbados,BRB,2023,20865.0155437147
Barbados,BRB,2022,20494.5343836936
Barbados,BRB,2021,17686.7469386289
Barbados,BRB,2020,16399.7020111405
Barbados,BRB,2019,19890.455714094
Barbados,BRB,2018,19877.6759569235
Barbados,BRB,2017,19966.3202405154
Barbados,BRB,2016,19877.1120083968
Barbados,BRB,2015,19642.2322500219
Barbados,BRB,2014,19840.8306179644
Barbados,BRB,2013,19730.3469740518
Barbados,BRB,2012,19743.57827095
Barbados,BRB,2011,20383.2530917687
Barbados,BRB,2010,20464.7939658776
Barbados,BRB,2009,22354.8404800399
Barbados,BRB,2008,23657.2900650446
Barbados,BRB,2007,23631.9433885299
Barbados,BRB,2006,23260.8645438811
Barbados,BRB,2005,22035.3859581035
Barbados,BRB,2004,21308.6052569587
Belarus,BLR,2024,29135.9465139232
Belarus,BLR,2023,27782.4380139967
Belarus,BLR,2022,26537.5083081674
Belarus,BLR,2021,27611.1801135157
Belarus,BLR,2020,26731.4953869922
Belarus,BLR,2019,26798.8206398076
Belarus,BLR,2018,26363.4629778536
Belarus,BLR,2017,25503.9809845207
Belarus,BLR,2016,24846.8301529359
Belarus,BLR,2015,25513.2132958317
Belarus,BLR,2014,26564.4347246547
Belarus,BLR,2013,26147.6253584645
Belarus,BLR,2012,25879.1319400701
Belarus,BLR,2011,25404.7566082412
Belarus,BLR,2010,24012.6133040213
Belarus,BLR,2009,22236.8387691136
Belarus,BLR,2008,22137.9472928315
Belarus,BLR,2007,20019.6111676728
Belarus,BLR,2006,18349.8719060634
Belarus,BLR,2005,16579.8731683834
Belarus,BLR,2004,15052.1182160947
Belgium,BEL,2024,63311.2766917178
Belgium,BEL,2023,63042.0099876309
Belgium,BEL,2022,62602.9270469765
Belgium,BEL,2021,60669.2137746534
Belgium,BEL,2020,57333.5424137924
Belgium,BEL,2019,60479.9769955469
Belgium,BEL,2018,59357.6896884396
Belgium,BEL,2017,58529.3302957537
Belgium,BEL,2016,57901.497690315
Belgium,BEL,2015,57509.0245728704
Belgium,BEL,2014,57002.9092185206
Belgium,BEL,2013,56263.175267967
Belgium,BEL,2012,56356.8251292137
Belgium,BEL,2011,56585.302500068
Belgium,BEL,2010,56240.2030936241
Belgium,BEL,2009,55258.7071019668
Belgium,BEL,2008,56787.7366257416
Belgium,BEL,2007,56983.4612170064
Belgium,BEL,2006,55367.6227467909
Belgium,BEL,2005,54346.8934219288
Belgium,BEL,2004,53406.6918625203
Belize,BLZ,2024,12621.4081961897
Belize,BLZ,2023,12371.0086545348
Belize,BLZ,2022,12565.3645829576
Belize,BLZ,2021,11716.3267818656
Belize,BLZ,2020,10045.1404163746
Belize,BLZ,2019,11765.9748661176
Belize,BLZ,2018,11451.8979413877
Belize,BLZ,2017,11572.3007931461
Belize,BLZ,2016,12063.0600374093
Belize,BLZ,2015,12348.7944978311
Belize,BLZ,2014,12272.2957895446
Belize,BLZ,2013,12064.797259406
Belize,BLZ,2012,11843.4153404212
Belize,BLZ,2011,11641.7717375703
Belize,BLZ,2010,11913.6635959061
Belize,BLZ,2009,12033.9096816588
Belize,BLZ,2008,12415.6811300464
Belize,BLZ,2007,12973.2067214746
Belize,BLZ,2006,12912.5300233774
Belize,BLZ,2005,12714.9697390831
Belize,BLZ,2004,12807.1658774384
Benin,BEN,2024,3901.32588494392
Benin,BEN,2023,3721.21254814808
Benin,BEN,2022,3588.32519938147
Benin,BEN,2021,3464.2886286745
Benin,BEN,2020,3317.8597222557
Benin,BEN,2019,3281.10470051465
Benin,BEN,2018,3155.4510650627
Benin,BEN,2017,3041.77929984989
Benin,BEN,2016,2962.66381572265
Benin,BEN,2015,2952.00218338705
Benin,BEN,2014,2987.38236326153
Benin,BEN,2013,2893.0467015352
Benin,BEN,2012,2779.7264808532
Benin,BEN,2011,2732.01249647957
Benin,BEN,2010,2733.57399641151
Benin,BEN,2009,2758.07243150648
Benin,BEN,2008,2777.61974031765
Benin,BEN,2007,2729.13741390352
Benin,BEN,2006,2652.21841967159
Benin,BEN,2005,2632.47251454328
Benin,BEN,2004,2672.84404357157
Bermuda,BMU,2024,104299.944358815
Bermuda,BMU,2023,102268.922803272
Bermuda,BMU,2022,97943.0548977322
Bermuda,BMU,2021,92319.6714861222
Bermuda,BMU,2020,88484.8155997921
Bermuda,BMU,2019,95523.9623126026
Bermuda,BMU,2018,95643.2734055543
Bermuda,BMU,2017,96441.2718767256
Bermuda,BMU,2016,93269.0137558453
Bermuda,BMU,2015,93863.8483363419
Bermuda,BMU,2014,93046.2100976443
Bermuda,BMU,2013,96553.8726827819
Bermuda,BMU,2012,96715.1659966888
Bermuda,BMU,2011,101994.242680484
Bermuda,BMU,2010,105973.358845444
Bermuda,BMU,2009,108967.427366927
Bermuda,BMU,2008,115947.63292703
Bermuda,BMU,2007,118696.092066629
Bermuda,BMU,2006,115175.773016307
Bermuda,BMU,2005,109340.012116084
Bermuda,BMU,2004,107807.760712997
Bhutan,BTN,2024,15603.8871298469
Bhutan,BTN,2023,14610.2959097837
Bhutan,BTN,2022,14061.3120274588
Bhutan,BTN,2021,13458.812666743
Bhutan,BTN,2020,12979.9369485824
Bhutan,BTN,2019,14555.1884045845
Bhutan,BTN,2018,13854.8543977158
Bhutan,BTN,2017,13482.3425280358
Bhutan,BTN,2016,13320.9759036882
Bhutan,BTN,2015,12400.2983237391
Bhutan,BTN,2014,11744.5189124825
Bhutan,BTN,2013,11212.479426698
Bhutan,BTN,2012,11143.9445354588
Bhutan,BTN,2011,10714.686566371
Bhutan,BTN,2010,9985.28455483655
Bhutan,BTN,2009,9019.11861272397
Bhutan,BTN,2008,8470.03471622855
Bhutan,BTN,2007,8195.07074477912
Bhutan,BTN,2006,7140.85609148376
Bhutan,BTN,2005,6850.80441609334
Bhutan,BTN,2004,6517.99683290216
Bolivia,BOL,2024,11329.1518061536
Bolivia,BOL,2023,11616.1575595159
Bolivia,BOL,2022,11487.7148799194
Bolivia,BOL,2021,11202.4409836707
Bolivia,BOL,2020,10285.6590750222
Bolivia,BOL,2019,11930.9159145918
Bolivia,BOL,2018,11920.3135079645
Bolivia,BOL,2017,11755.2556195885
Bolivia,BOL,2016,11448.02180322
Bolivia,BOL,2015,11144.6415720641
Bolivia,BOL,2014,10790.8472887528
Bolivia,BOL,2013,10391.3833756917
Bolivia,BOL,2012,9884.46163594645
Bolivia,BOL,2011,9554.44502513
Bolivia,BOL,2010,9230.3980801466
Bolivia,BOL,2009,9011.55629873547
Bolivia,BOL,2008,8865.27246616683
Bolivia,BOL,2007,8493.94848212653
Bolivia,BOL,2006,8263.31896853691
Bolivia,BOL,2005,8020.63568834793
Bolivia,BOL,2004,7811.59684093936
Bosnia and Herzegovina,BIH,2024,20578.4995446816
Bosnia and Herzegovina,BIH,2023,19804.9181465635
Bosnia and Herzegovina,BIH,2022,19298.117076437
Bosnia and Herzegovina,BIH,2021,18286.6614977175
Bosnia and Herzegovina,BIH,2020,16747.0353918695
Bosnia and Herzegovina,BIH,2019,17029.2971980343
Bosnia and Herzegovina,BIH,2018,16348.9997145353
Bosnia and Herzegovina,BIH,2017,15554.6587430766
Bosnia and Herzegovina,BIH,2016,14873.6411107879
Bosnia and Herzegovina,BIH,2015,14220.0900038037
Bosnia and Herzegovina,BIH,2014,13458.852576408
Bosnia and Herzegovina,BIH,2013,13135.7175053454
Bosnia and Herzegovina,BIH,2012,12626.9263237753
Bosnia and Herzegovina,BIH,2011,12487.6490566037
Bosnia and Herzegovina,BIH,2010,12142.8616958168
Bosnia and Herzegovina,BIH,2009,11826.6501351383
Bosnia and Herzegovina,BIH,2008,11983.7199632138
Bosnia and Herzegovina,BIH,2007,11178.6814832392
Bosnia and Herzegovina,BIH,2006,10430.4119951847
Bosnia and Herzegovina,BIH,2005,9814.46964102531
Bosnia and Herzegovina,BIH,2004,9344.83015887193
Botswana,BWA,2024,18107.614452913
Botswana,BWA,2023,18932.4802712334
Botswana,BWA,2022,18647.3734588832
Botswana,BWA,2021,17960.6254447437
Botswana,BWA,2020,16289.3913582645
Botswana,BWA,2019,18106.0105471124
Botswana,BWA,2018,17825.018569213
Botswana,BWA,2017,17352.8958451454
Botswana,BWA,2016,16905.588740873
Botswana,BWA,2015,15994.9643042101
Botswana,BWA,2014,17052.1924105361
Botswana,BWA,2013,16369.4252971454
Botswana,BWA,2012,14957.6189142932
Botswana,BWA,2011,15236.7188843522
Botswana,BWA,2010,14545.0198074427
Botswana,BWA,2009,13489.9509168296
Botswana,BWA,2008,16040.3153236098
Botswana,BWA,2007,15850.2343496231
Botswana,BWA,2006,15275.5828811117
Botswana,BWA,2005,14361.9576327759
Botswana,BWA,2004,13984.8415112641
Brazil,BRA,2024,19652.365499171
Brazil,BRA,2023,19079.8122134028
Brazil,BRA,2022,18554.0461828566
Brazil,BRA,2021,18075.7060049068
Brazil,BRA,2020,17327.5157249466
Brazil,BRA,2019,18018.6209151518
Brazil,BRA,2018,17917.7492123359
Brazil,BRA,2017,17724.4799577784
Brazil,BRA,2016,17620.9272434136
Brazil,BRA,2015,18357.0690617991
Brazil,BRA,2014,19183.172744636
Brazil,BRA,2013,19241.5059815726
Brazil,BRA,2012,18832.2195527075
Brazil,BRA,2011,18627.8104529397
Brazil,BRA,2010,18062.1581103659
Brazil,BRA,2009,16939.4407810328
Brazil,BRA,2008,17113.3679822643
Brazil,BRA,2007,16440.583740032
Brazil,BRA,2006,15657.4795716983
Brazil,BRA,2005,15221.0138281541
Brazil,BRA,2004,14911.2609608592
Brunei Darussalam,BRN,2024,79071.7333801445
Brunei Darussalam,BRN,2023,76616.7014884981
Brunei Darussalam,BRN,2022,76357.829114996
Brunei Darussalam,BRN,2021,78248.797127611
Brunei Darussalam,BRN,2020,80280.8980640677
Brunei Darussalam,BRN,2019,80228.1598170527
Brunei Darussalam,BRN,2018,78099.0507802561
Brunei Darussalam,BRN,2017,78966.8643142346
Brunei Darussalam,BRN,2016,78880.6228501768
Brunei Darussalam,BRN,2015,81910.1882959493
Brunei Darussalam,BRN,2014,83310.6151819533
Brunei Darussalam,BRN,2013,86606.6518910199
Brunei Darussalam,BRN,2012,89718.4636049982
Brunei Darussalam,BRN,2011,90279.6634042123
Brunei Darussalam,BRN,2010,88586.5133683924
Brunei Darussalam,BRN,2009,87875.8283546044
Brunei Darussalam,BRN,2008,91275.5000919182
Brunei Darussalam,BRN,2007,96752.6204091885
Brunei Darussalam,BRN,2006,102248.510300567
Brunei Darussalam,BRN,2005,99795.6850854526
Brunei Darussalam,BRN,2004,101497.754798655
Bulgaria,BGR,2024,34221.3866940362
Bulgaria,BGR,2023,33073.6803093453
Bulgaria,BGR,2022,32433.6587569626
Bulgaria,BGR,2021,30958.9830238332
Bulgaria,BGR,2020,28521.2062482596
Bulgaria,BGR,2019,29149.921509976
Bulgaria,BGR,2018,27690.893655005
Bulgaria,BGR,2017,26691.758001902
Bulgaria,BGR,2016,25636.7443903478
Bulgaria,BGR,2015,24562.648880929
Bulgaria,BGR,2014,23455.4830019277
Bulgaria,BGR,2013,22954.396399855
Bulgaria,BGR,2012,22618.8104278919
Bulgaria,BGR,2011,22321.033168819
Bulgaria,BGR,2010,21724.2863457596
Bulgaria,BGR,2009,21251.2168646802
Bulgaria,BGR,2008,21845.954719527
Bulgaria,BGR,2007,20440.2525941501
Bulgaria,BGR,2006,19024.543813813
Bulgaria,BGR,2005,17678.0339712293
Bulgaria,BGR,2004,16388.9600145841
Burkina Faso,BFA,2024,2548.50247702504
Burkina Faso,BFA,2023,2486.20669812871
Burkina Faso,BFA,2022,2469.19956941259
Burkina Faso,BFA,2021,2486.43093147762
Burkina Faso,BFA,2020,2380.93171826574
Burkina Faso,BFA,2019,2391.53626844484
Burkina Faso,BFA,2018,2316.39432079045
Burkina Faso,BFA,2017,2232.28781490944
Burkina Faso,BFA,2016,2162.72578977814
Burkina Faso,BFA,2015,2101.70266192027
Burkina Faso,BFA,2014,2083.19844698304
Burkina Faso,BFA,2013,2057.0639319853
Burkina Faso,BFA,2012,2003.6646118745
Burkina Faso,BFA,2011,1939.86659989406
Burkina Faso,BFA,2010,1873.97146230828
Burkina Faso,BFA,2009,1779.32305627973
Burkina Faso,BFA,2008,1779.32710911571
Burkina Faso,BFA,2007,1731.93046335077
Burkina Faso,BFA,2006,1714.76034904509
Burkina Faso,BFA,2005,1664.99543180023
Burkina Faso,BFA,2004,1581.25620933294
Burundi,BDI,2024,1048.05557098193
Burundi,BDI,2023,1033.00937341776
Burundi,BDI,2022,1028.11134640179
Burundi,BDI,2021,1032.38274081999
Burundi,BDI,2020,1027.62896276744
Burundi,BDI,2019,1054.72592734898
Burundi,BDI,2018,1043.40558434036
Burundi,BDI,2017,1020.8498275719
Burundi,BDI,2016,1006.55907385999
Burundi,BDI,2015,992.28580552029
Burundi,BDI,2014,1019.17607398667
Burundi,BDI,2013,1011.43131303134
Burundi,BDI,2012,999.220068163159
Burundi,BDI,2011,991.659881666872
Burundi,BDI,2010,988.018678716302
Burundi,BDI,2009,985.184772509514
Burundi,BDI,2008,998.565055501985
Burundi,BDI,2007,991.931411319069
Burundi,BDI,2006,995.027813698961
Burundi,BDI,2005,978.5419608465
Burundi,BDI,2004,1006.51241783279
Cabo Verde,CPV,2024,9825.53410093619
Cabo Verde,CPV,2023,9228.4604533114
Cabo Verde,CPV,2022,8850.1066918812
Cabo Verde,CPV,2021,7685.41921393669
Cabo Verde,CPV,2020,7207.86853962048
Cabo Verde,CPV,2019,9111.62993173269
Cabo Verde,CPV,2018,8531.12961646549
Cabo Verde,CPV,2017,8234.56000312459
Cabo Verde,CPV,2016,7881.30336227784
Cabo Verde,CPV,2015,7560.13649202469
Cabo Verde,CPV,2014,7491.02198228243
Cabo Verde,CPV,2013,7440.66242650114
Cabo Verde,CPV,2012,7397.82220702474
Cabo Verde,CPV,2011,7325.78441834692
Cabo Verde,CPV,2010,7072.12150207342
Cabo Verde,CPV,2009,6994.5740991365
Cabo Verde,CPV,2008,7169.13944155367
Cabo Verde,CPV,2007,6767.40677380347
Cabo Verde,CPV,2006,5941.38218091511
Cabo Verde,CPV,2005,5565.76951208069
Cabo Verde,CPV,2004,5268.30312485708
Cambodia,KHM,2024,7011.58146903703
Cambodia,KHM,2023,6695.29194763723
Cambodia,KHM,2022,6458.3681488084
Cambodia,KHM,2021,6225.53265474741
Cambodia,KHM,2020,6128.78243783335
Cambodia,KHM,2019,6448.88455952805
Cambodia,KHM,2018,6050.59088262205
Cambodia,KHM,2017,5632.03125629342
Cambodia,KHM,2016,5283.72964943779
Cambodia,KHM,2015,4968.57276699143
Cambodia,KHM,2014,4702.73061823207
Cambodia,KHM,2013,4419.3988680186
Cambodia,KHM,2012,4159.16354123446
Cambodia,KHM,2011,3921.97911563308
Cambodia,KHM,2010,3711.53750580157
Cambodia,KHM,2009,3587.60889588362
Cambodia,KHM,2008,3501.9257021932
Cambodia,KHM,2007,3308.15747246544
Cambodia,KHM,2006,3041.10471220153
Cambodia,KHM,2005,2781.89028895255
Cambodia,KHM,2004,2491.30930003838
Cameroon,CMR,2024,4916.93354019494
Cameroon,CMR,2023,4875.25120768005
Cameroon,CMR,2022,4843.65038202917
Cameroon,CMR,2021,4793.55628200196
Cameroon,CMR,2020,4763.48194388066
Cameroon,CMR,2019,4882.35560028896
Cameroon,CMR,2018,4851.48003949961
Cameroon,CMR,2017,4797.97544185544
Cameroon,CMR,2016,4767.13186148953
Cameroon,CMR,2015,4698.66677843587
Cameroon,CMR,2014,4588.4864949903
Cameroon,CMR,2013,4473.57231896434
Cameroon,CMR,2012,4382.11120797355
Cameroon,CMR,2011,4307.85195558527
Cameroon,CMR,2010,4286.58302947378
Cameroon,CMR,2009,4286.57718166156
Cameroon,CMR,2008,4300.26640352464
Cameroon,CMR,2007,4302.6192630847
Cameroon,CMR,2006,4241.51744722821
Cameroon,CMR,2005,4199.72270969362
Cameroon,CMR,2004,4222.96638689885
Canada,CAN,2024,57534.0915185335
Canada,CAN,2023,58088.3778077995
Canada,CAN,2022,58583.1299860138
Canada,CAN,2021,56995.0952020711
Canada,CAN,2020,54092.8576890836
Canada,CAN,2019,57583.8230739204
Canada,CAN,2018,57337.4682870033
Canada,CAN,2017,56612.3062191777
Canada,CAN,2016,55606.1329948184
Canada,CAN,2015,55660.8455840759
Canada,CAN,2014,55723.4615652506
Canada,CAN,2013,54712.1568593677
Canada,CAN,2012,54034.7821680318
Canada,CAN,2011,53681.1084809345
Canada,CAN,2010,52558.4200617806
Canada,CAN,2009,51552.4020321975
Canada,CAN,2008,53711.6580329654
Canada,CAN,2007,53761.8407991685
Canada,CAN,2006,53195.7608573851
Canada,CAN,2005,52356.5371486354
Canada,CAN,2004,51210.6593966138
Cayman Islands,CYM,2024,80996.6506641666
Cayman Islands,CYM,2023,79580.8872845653
Cayman Islands,CYM,2022,76735.3744333338
Cayman Islands,CYM,2021,74160.4914000191
Cayman Islands,CYM,2020,72183.1359045895
Cayman Islands,CYM,2019,77476.8409913609
Cayman Islands,CYM,2018,76124.5505976249
Cayman Islands,CYM,2017,74599.6799559357
Cayman Islands,CYM,2016,73941.8592413192
Cayman Islands,CYM,2015,73315.3845299162
Cayman Islands,CYM,2014,73051.811230324
Cayman Islands,CYM,2013,72988.7063433775
Cayman Islands,CYM,2012,73982.6781335848
Cayman Islands,CYM,2011,75094.8312990407
Cayman Islands,CYM,2010,76294.7650038522
Cayman Islands,CYM,2009,80631.8442229627
Cayman Islands,CYM,2008,89380.1507450505
Cayman Islands,CYM,2007,92343.7250815203
Cayman Islands,CYM,2006,92213.0760037266
Central African Republic,CAF,2024,1111.21941638883
Central African Republic,CAF,2023,1132.67643369804
Central African Republic,CAF,2022,1136.80171107045
Central African Republic,CAF,2021,1128.55237996459
Central African Republic,CAF,2020,1136.57052993758
Central African Republic,CAF,2019,1145.09563657752
Central African Republic,CAF,2018,1125.70091748228
Central African Republic,CAF,2017,1103.86609318724
Central African Republic,CAF,2016,1073.94477703739
Central African Republic,CAF,2015,1043.92171697157
Central African Republic,CAF,2014,1001.85598053496
Central African Republic,CAF,2013,996.896355923912
Central African Republic,CAF,2012,1577.98053252253
Central African Republic,CAF,2011,1517.14839091011
Central African Republic,CAF,2010,1479.41367757692
Central African Republic,CAF,2009,1402.68164770801
Central African Republic,CAF,2008,1283.2728263106
Central African Republic,CAF,2007,1284.55283590666
Central African Republic,CAF,2006,1251.87082171335
Central African Republic,CAF,2005,1219.5939445674
Central African Republic,CAF,2004,1236.28534712166
Chad,TCD,2024,2430.73298355271
Chad,TCD,2023,2433.53330962707
Chad,TCD,2022,2449.48251052296
Chad,TCD,2021,2435.07274651099
Chad,TCD,2020,2513.02922729305
Chad,TCD,2019,2604.53153661789
Chad,TCD,2018,2552.37036387707
Chad,TCD,2017,2496.26213643158
Chad,TCD,2016,2622.59780844501
Chad,TCD,2015,2822.57929900014
Chad,TCD,2014,2820.67795066663
Chad,TCD,2013,2864.11301407361
Chad,TCD,2012,2886.27474563619
Chad,TCD,2011,2741.0708339941
Chad,TCD,2010,2717.40540181819
Chad,TCD,2009,2474.70758352529
Chad,TCD,2008,2601.36125803883
Chad,TCD,2007,2613.47387385767
Chad,TCD,2006,2596.03235455456
Chad,TCD,2005,2705.81650832729
Chad,TCD,2004,2400.97004978207
Chile,CHL,2024,30267.6440919907
Chile,CHL,2023,29600.4188613168
Chile,CHL,2022,29560.4513805785
Chile,CHL,2021,29106.6356522053
Chile,CHL,2020,26258.4038553242
Chile,CHL,2019,28227.9790507594
Chile,CHL,2018,28499.4064000406
Chile,CHL,2017,27899.5979777012
Chile,CHL,2016,27965.3473526831
Chile,CHL,2015,27817.9584848024
Chile,CHL,2014,27511.5610030404
Chile,CHL,2013,27297.8185145366
Chile,CHL,2012,26676.8110154019
Chile,CHL,2011,25372.2741480772
Chile,CHL,2010,24122.4787924386
Chile,CHL,2009,23019.0299454094
Chile,CHL,2008,23515.3473178269
Chile,CHL,2007,22884.2997108846
Chile,CHL,2006,21973.7382914389
Chile,CHL,2005,20923.479756183
Chile,CHL,2004,19966.7093106095
China,CHN,2024,23841.4769141817
China,CHN,2023,22687.2519534328
China,CHN,2022,21499.3125559757
China,CHN,2021,20843.2978347377
China,CHN,2020,19215.1012491012
China,CHN,2019,18820.5871645645
China,CHN,2018,17807.0490552244
China,CHN,2017,16758.0463976858
China,CHN,2016,15772.8372607502
China,CHN,2015,14857.1088234405
China,CHN,2014,13968.5187785922
China,CHN,2013,13080.8787864744
China,CHN,2012,12217.9343813101
China,CHN,2011,11404.9179835542
China,CHN,2010,10476.1525652407
China,CHN,2009,9518.68128351945
China,CHN,2008,8743.7020031299
China,CHN,2007,8013.78375739131
China,CHN,2006,7057.11131595304
China,CHN,2005,6298.29929808598
China,CHN,2004,5684.3881718733
Colombia,COL,2024,18481.8374929368
Colombia,COL,2023,18406.6242338491
Colombia,COL,2022,18458.7209460704
Colombia,COL,2021,17383.0901728295
Colombia,COL,2020,15861.4999291295
Colombia,COL,2019,17336.7716030551
Colombia,COL,2018,17104.1313545678
Colombia,COL,2017,16986.0334182842
Colombia,COL,2016,17003.244366485
Colombia,COL,2015,16821.3801400631
Colombia,COL,2014,16480.3631474161
Colombia,COL,2013,15912.2471293239
Colombia,COL,2012,15279.4790008058
Colombia,COL,2011,14852.3699513061
Colombia,COL,2010,14037.0642668639
Colombia,COL,2009,13586.7518430982
Colombia,COL,2008,13591.0609028567
Colombia,COL,2007,13318.3033138168
Colombia,COL,2006,12636.6246577724
Colombia,COL,2005,11999.2549591305
Colombia,COL,2004,11607.9384935105
Comoros,COM,2024,3556.0384263801
Comoros,COM,2023,3508.15862331545
Comoros,COM,2022,3465.8402271705
Comoros,COM,2021,3449.0435745318
Comoros,COM,2020,3447.47274904772
Comoros,COM,2019,3522.66866952646
Comoros,COM,2018,3528.95868167877
Comoros,COM,2017,3472.07858942366
Comoros,COM,2016,3411.77123523582
Comoros,COM,2015,3370.5557232032
Comoros,COM,2014,3403.41291459985
Comoros,COM,2013,3406.49918649378
Comoros,COM,2012,3330.52446059187
Comoros,COM,2011,3293.83407668409
Comoros,COM,2010,3226.63502045267
Comoros,COM,2009,3171.6035546392
Comoros,COM,2008,3133.75034704474
Comoros,COM,2007,3074.7346796054
Comoros,COM,2006,3111.62570879692
Comoros,COM,2005,3231.72506154387
Comoros,COM,2004,3121.51677555024
"Congo, Dem. Rep.",COD,2024,1601.70926640422
"Congo, Dem. Rep.",COD,2023,1559.33806475859
"Congo, Dem. Rep.",COD,2022,1484.33841881449
"Congo, Dem. Rep.",COD,2021,1402.38560295221
"Congo, Dem. Rep.",COD,2020,1361.02791099008
"Congo, Dem. Rep.",COD,2019,1394.76461472893
"Congo, Dem. Rep.",COD,2018,1431.7285269693
"Congo, Dem. Rep.",COD,2017,1395.71961761712
"Congo, Dem. Rep.",COD,2016,1388.80163211633
"Congo, Dem. Rep.",COD,2015,1433.21579814709
"Congo, Dem. Rep.",COD,2014,1392.75841334673
"Congo, Dem. Rep.",COD,2013,1342.74156112016
"Congo, Dem. Rep.",COD,2012,1182.14074588327
"Congo, Dem. Rep.",COD,2011,1124.7720535769
"Congo, Dem. Rep.",COD,2010,1166.98306581442
"Congo, Dem. Rep.",COD,2009,1109.18311674431
"Congo, Dem. Rep.",COD,2008,1137.84087315488
"Congo, Dem. Rep.",COD,2007,1091.54081233234
"Congo, Dem. Rep.",COD,2006,1036.13329616563
"Congo, Dem. Rep.",COD,2005,1016.6338907666
"Congo, Dem. Rep.",COD,2004,987.746920881562
"Congo, Rep.",COG,2024,6152.56509118442
"Congo, Rep.",COG,2023,6172.28776650683
"Congo, Rep.",COG,2022,6205.1050414034
"Congo, Rep.",COG,2021,6263.21161292636
"Congo, Rep.",COG,2020,6350.50913409722
"Congo, Rep.",COG,2019,6939.36913397466
"Congo, Rep.",COG,2018,7029.33651566257
"Congo, Rep.",COG,2017,7372.77046737599
"Congo, Rep.",COG,2016,8001.8255194505
"Congo, Rep.",COG,2015,8977.70681641417
"Congo, Rep.",COG,2014,9159.25664414045
"Congo, Rep.",COG,2013,8798.49382506314
"Congo, Rep.",COG,2012,9079.68656400891
"Congo, Rep.",COG,2011,8492.42098392103
"Congo, Rep.",COG,2010,8583.66179834288
"Congo, Rep.",COG,2009,8138.45033818822
"Congo, Rep.",COG,2008,7587.28826163492
"Congo, Rep.",COG,2007,7375.82454100145
"Congo, Rep.",COG,2006,8192.57979719023
"Congo, Rep.",COG,2005,7876.11806658285
"Congo, Rep.",COG,2004,7577.44597274153
Costa Rica,CRI,2024,27325.0470476503
Costa Rica,CRI,2023,26378.5409941926
Costa Rica,CRI,2022,25290.0087466975
Costa Rica,CRI,2021,24083.5988182437
Costa Rica,CRI,2020,22368.1378072638
Costa Rica,CRI,2019,23496.8294622995
Costa Rica,CRI,2018,23069.8622241266
Costa Rica,CRI,2017,22633.7648663302
Costa Rica,CRI,2016,21936.4660575366
Costa Rica,CRI,2015,21265.3176336354
Costa Rica,CRI,2014,20735.1927258406
Costa Rica,CRI,2013,20242.2938648319
Costa Rica,CRI,2012,19970.6856013628
Costa Rica,CRI,2011,19264.4566461776
Costa Rica,CRI,2010,18670.1678827387
Costa Rica,CRI,2009,17941.5019129465
Costa Rica,CRI,2008,18343.0996854851
Costa Rica,CRI,2007,17752.4161954513
Costa Rica,CRI,2006,16628.3723014013
Costa Rica,CRI,2005,15711.7451335337
Costa Rica,CRI,2004,15330.8832332948
Cote d'Ivoire,CIV,2024,6747.0379677706
Cote d'Ivoire,CIV,2023,6520.89886459765
Cote d'Ivoire,CIV,2022,6272.26395760029
Cote d'Ivoire,CIV,2021,6045.20480490881
Cote d'Ivoire,CIV,2020,5787.85814696561
Cote d'Ivoire,CIV,2019,5894.92235259103
Cote d'Ivoire,CIV,2018,5670.24199741353
Cote d'Ivoire,CIV,2017,5556.1547631509
Cote d'Ivoire,CIV,2016,5320.88582199186
Cote d'Ivoire,CIV,2015,5110.90021438908
Cote d'Ivoire,CIV,2014,4907.61080546543
Cote d'Ivoire,CIV,2013,4597.22035890241
Cote d'Ivoire,CIV,2012,4234.21187719492
Cote d'Ivoire,CIV,2011,4017.43753814324
Cote d'Ivoire,CIV,2010,4338.68457800736
Cote d'Ivoire,CIV,2009,4151.08431510133
Cote d'Ivoire,CIV,2008,4096.75377364759
Cote d'Ivoire,CIV,2007,3999.72054350731
Cote d'Ivoire,CIV,2006,4049.29028298687
Cote d'Ivoire,CIV,2005,4032.27570780036
Cote d'Ivoire,CIV,2004,4088.97542020506
Croatia,HRV,2024,42828.7997273569
Croatia,HRV,2023,41320.257995772
Croatia,HRV,2022,39863.9109377649
Croatia,HRV,2021,36930.076102199
Croatia,HRV,2020,32493.4017010055
Croatia,HRV,2019,35122.7966231008
Croatia,HRV,2018,33729.5455811943
Croatia,HRV,2017,32348.5888556174
Croatia,HRV,2016,30820.8050421355
Croatia,HRV,2015,29466.4506365792
Croatia,HRV,2014,28456.3353756076
Croatia,HRV,2013,28397.9820661555
Croatia,HRV,2012,28259.1638073948
Croatia,HRV,2011,28769.0229490882
Croatia,HRV,2010,28701.8754573033
Croatia,HRV,2009,29024.6640551953
Croatia,HRV,2008,31113.555007687
Croatia,HRV,2007,30508.3061279124
Croatia,HRV,2006,29035.6749841445
Croatia,HRV,2005,27641.1374713864
Croatia,HRV,2004,26528.5369054362
Curacao,CUW,2024,28762.0581566389
Curacao,CUW,2023,27617.9204283638
Curacao,CUW,2022,26734.6458998921
Curacao,CUW,2021,24905.7684266978
Curacao,CUW,2020,23669.7711519128
Curacao,CUW,2019,28659.6559014065
Curacao,CUW,2018,29256.8157865286
Curacao,CUW,2017,29729.1013639498
Curacao,CUW,2016,30209.7882553609
Curacao,CUW,2015,30861.3207651786
Curacao,CUW,2014,31128.6473361746
Curacao,CUW,2013,31753.384548357
Curacao,CUW,2012,32320.8770365245
Curacao,CUW,2011,32704.3558692872
Curacao,CUW,2010,33004.5542873273
Curacao,CUW,2009,33397.3973952737
Curacao,CUW,2008,33795.131116557
Curacao,CUW,2007,33490.2551592184
Curacao,CUW,2006,33334.8567825808
Curacao,CUW,2005,33651.5045829526
Curacao,CUW,2004,34288.7402384635
Cyprus,CYP,2024,52861.8359375
Cyprus,CYP,2023,51674.90234375
Cyprus,CYP,2022,50840.9140625
Cyprus,CYP,2021,47632.5703125
Cyprus,CYP,2020,43402.359375
Cyprus,CYP,2019,45454.17578125
Cyprus,CYP,2018,43510.03125
Cyprus,CYP,2017,41417.98828125
Cyprus,CYP,2016,39500.8515625
Cyprus,CYP,2015,37258.5
Cyprus,CYP,2014,36104.90234375
Cyprus,CYP,2013,36650.5703125
Cyprus,CYP,2012,39190.22265625
Cyprus,CYP,2011,41212.6875
Cyprus,CYP,2010,42102.28125
Cyprus,CYP,2009,42253.38671875
Cyprus,CYP,2008,44295.62890625
Cyprus,CYP,2007,43823.76171875
Cyprus,CYP,2006,42595.203125
Cyprus,CYP,2005,41362.09375
Cyprus,CYP,2004,40019.92578125
Czechia,CZE,2024,47972.53171792
Czechia,CZE,2023,47558.4106763314
Czechia,CZE,2022,48390.661678675
Czechia,CZE,2021,47796.0337408466
Czechia,CZE,2020,45119.9387309139
Czechia,CZE,2019,47763.6165520254
Czechia,CZE,2018,46301.082036029
Czechia,CZE,2017,45177.5226053634
Czechia,CZE,2016,43069.4659744727
Czechia,CZE,2015,42066.5759800801
Czechia,CZE,2014,40158.0164275735
Czechia,CZE,2013,39317.5535692377
Czechia,CZE,2012,39347.0492956846
Czechia,CZE,2011,39708.1626280195
Czechia,CZE,2010,39097.3886218756
Czechia,CZE,2009,38175.1422773334
Czechia,CZE,2008,40328.3426630095
Czechia,CZE,2007,39629.0061324728
Czechia,CZE,2006,37786.8781740905
Czechia,CZE,2005,35535.7479961511
Czechia,CZE,2004,33452.3408000614
Denmark,DNK,2024,71034.5789667138
Denmark,DNK,2023,68993.9031100362
Denmark,DNK,2022,69089.4692492289
Denmark,DNK,2021,69327.998216527
Denmark,DNK,2020,65379.3066120995
Denmark,DNK,2019,66758.6323346131
Denmark,DNK,2018,65870.8302554341
Denmark,DNK,2017,64989.4459872347
Denmark,DNK,2016,63468.9888246814
Denmark,DNK,2015,62059.1285991721
Denmark,DNK,2014,61210.9490922919
Denmark,DNK,2013,60745.7784800252
Denmark,DNK,2012,60161.7010660256
Denmark,DNK,2011,60391.7799332206
Denmark,DNK,2010,59856.3490860003
Denmark,DNK,2009,59185.9677505533
Denmark,DNK,2008,62618.4499382451
Denmark,DNK,2007,63251.3169416725
Denmark,DNK,2006,62911.3931382937
Denmark,DNK,2005,60798.1351548444
Denmark,DNK,2004,59560.4599503941
Djibouti,DJI,2024,6871.12440453129
Djibouti,DJI,2023,6510.67859061619
Djibouti,DJI,2022,6180.67998594606
Djibouti,DJI,2021,5960.10807396825
Djibouti,DJI,2020,5791.47767679877
Djibouti,DJI,2019,5809.30455041341
Djibouti,DJI,2018,5590.50426604853
Djibouti,DJI,2017,5421.95649149613
Djibouti,DJI,2016,5226.50026106607
Djibouti,DJI,2015,4961.8681860592
Djibouti,DJI,2014,4705.04926772184
Djibouti,DJI,2013,4469.07409933135
Dominica,DMA,2024,18739.3640404986
Dominica,DMA,2023,18278.2253401989
Dominica,DMA,2022,17550.8009946466
Dominica,DMA,2021,15808.9743503945
Dominica,DMA,2020,14919.5307686719
Dominica,DMA,2019,17619.4335416769
Dominica,DMA,2018,16877.1244880642
Dominica,DMA,2017,16314.2295558891
Dominica,DMA,2016,17364.0773046793
Dominica,DMA,2015,16920.9126555668
Dominica,DMA,2014,17520.8546265613
Dominica,DMA,2013,17282.6368040368
Dominica,DMA,2012,17431.1288003063
Dominica,DMA,2011,17475.0411061698
Dominica,DMA,2010,17516.7879573152
Dominica,DMA,2009,17534.0339616963
Dominica,DMA,2008,17738.0405685048
Dominica,DMA,2007,16560.5179009944
Dominica,DMA,2006,15727.7053232323
Dominica,DMA,2005,15080.5206040984
Dominica,DMA,2004,14962.2456326016
Dominican Republic,DOM,2024,24229.8894872915
Dominican Republic,DOM,2023,23282.4895071054
Dominican Republic,DOM,2022,22986.95808105
Dominican Republic,DOM,2021,22053.4589869955
Dominican Republic,DOM,2020,19545.4099552943
Dominican Republic,DOM,2019,21451.286441995
Dominican Republic,DOM,2018,20662.848586153
Dominican Republic,DOM,2017,19501.8743054078
Dominican Republic,DOM,2016,18968.9752386179
Dominican Republic,DOM,2015,17973.1870256815
Dominican Republic,DOM,2014,16993.587444403
Dominican Republic,DOM,2013,16054.7677297656
Dominican Republic,DOM,2012,15487.2776356321
Dominican Republic,DOM,2011,15258.0858148503
Dominican Republic,DOM,2010,14975.0010126958
Dominican Republic,DOM,2009,13992.4103270189
Dominican Republic,DOM,2008,14030.1411084465
Dominican Republic,DOM,2007,13754.9212674095
Dominican Republic,DOM,2006,12961.9183632133
Dominican Republic,DOM,2005,12022.5080544053
Dominican Republic,DOM,2004,11131.2709216332
Ecuador,ECU,2024,13922.4222780744
Ecuador,ECU,2023,14321.1648295611
Ecuador,ECU,2022,14186.6388544625
Ecuador,ECU,2021,13507.4445638375
Ecuador,ECU,2020,12440.3263747814
Ecuador,ECU,2019,13870.4895118068
Ecuador,ECU,2018,14083.5069982304
Ecuador,ECU,2017,14179.1537503305
Ecuador,ECU,2016,13586.5160772568
Ecuador,ECU,2015,13881.5700738105
Ecuador,ECU,2014,14064.7992246727
Ecuador,ECU,2013,13689.1520460125
Ecuador,ECU,2012,12961.0267423765
Ecuador,ECU,2011,12449.0785549218
Ecuador,ECU,2010,11665.6978598204
Ecuador,ECU,2009,11403.5277978831
Ecuador,ECU,2008,11474.5257023541
Ecuador,ECU,2007,10952.8226853948
Ecuador,ECU,2006,10933.4897470283
Ecuador,ECU,2005,10660.2046228939
Ecuador,ECU,2004,10290.6634264766
"Egypt, Arab Rep.",EGY,2024,16798.151577838
"Egypt, Arab Rep.",EGY,2023,16691.3873991962
"Egypt, Arab Rep.",EGY,2022,16360.390775011
"Egypt, Arab Rep.",EGY,2021,15579.0160861551
"Egypt, Arab Rep.",EGY,2020,15309.2359881835
"Egypt, Arab Rep.",EGY,2019,15026.568243683
"Egypt, Arab Rep.",EGY,2018,14488.2094340261
"Egypt, Arab Rep.",EGY,2017,14018.3605934411
"Egypt, Arab Rep.",EGY,2016,13727.3201600816
"Egypt, Arab Rep.",EGY,2015,13425.9119599492
"Egypt, Arab Rep.",EGY,2014,13136.3656298099
"Egypt, Arab Rep.",EGY,2013,13058.0748238237
"Egypt, Arab Rep.",EGY,2012,13076.8052394876
"Egypt, Arab Rep.",EGY,2011,13082.4263680239
"Egypt, Arab Rep.",EGY,2010,13128.9878334831
"Egypt, Arab Rep.",EGY,2009,12728.0814587564
"Egypt, Arab Rep.",EGY,2008,12391.5847624938
"Egypt, Arab Rep.",EGY,2007,11782.0060717026
"Egypt, Arab Rep.",EGY,2006,11211.8320228671
"Egypt, Arab Rep.",EGY,2005,10700.6090372525
"Egypt, Arab Rep.",EGY,2004,10451.8217511529
El Salvador,SLV,2024,11647.0234480127
El Salvador,SLV,2023,11404.3342262685
El Salvador,SLV,2022,11085.6166169553
El Salvador,SLV,2021,10809.713399518
El Salvador,SLV,2020,9692.44931605799
El Salvador,SLV,2019,10543.9383291317
El Salvador,SLV,2018,10297.203612692
El Salvador,SLV,2017,10064.7934942601
El Salvador,SLV,2016,9863.76121214453
El Salvador,SLV,2015,9646.15432339854
El Salvador,SLV,2014,9451.744607867
El Salvador,SLV,2013,9329.46202222861
El Salvador,SLV,2012,9162.56212613508
El Salvador,SLV,2011,8945.93132970006
El Salvador,SLV,2010,8648.92982717672
El Salvador,SLV,2009,8494.49847423621
El Salvador,SLV,2008,8704.80584632591
El Salvador,SLV,2007,8548.83476118605
El Salvador,SLV,2006,8404.24674903143
El Salvador,SLV,2005,8050.5345128919
El Salvador,SLV,2004,7841.53237886842
Equatorial Guinea,GNQ,2024,14997.7564392976
Equatorial Guinea,GNQ,2023,15302.1517835147
Equatorial Guinea,GNQ,2022,16932.7706827155
Equatorial Guinea,GNQ,2021,16821.4486470413
Equatorial Guinea,GNQ,2020,17089.153726379
Equatorial Guinea,GNQ,2019,18446.5916579681
Equatorial Guinea,GNQ,2018,20165.4795550607
Equatorial Guinea,GNQ,2017,22250.4389230263
Equatorial Guinea,GNQ,2016,24435.0645564801
Equatorial Guinea,GNQ,2015,27797.7942803179
Equatorial Guinea,GNQ,2014,31765.8997056851
Equatorial Guinea,GNQ,2013,32894.3693189101
Equatorial Guinea,GNQ,2012,35711.4919273537
Equatorial Guinea,GNQ,2011,34341.9342607505
Equatorial Guinea,GNQ,2010,33668.8740654852
Equatorial Guinea,GNQ,2009,38706.6052512135
Equatorial Guinea,GNQ,2008,39994.6159790647
Equatorial Guinea,GNQ,2007,35540.4477563657
Equatorial Guinea,GNQ,2006,32251.7680082519
Equatorial Guinea,GNQ,2005,31302.957953874
Equatorial Guinea,GNQ,2004,28225.985816122
Estonia,EST,2024,41185.8348356109
Estonia,EST,2023,41284.7746875532
Estonia,EST,2022,43124.6196563775
Estonia,EST,2021,44247.4198971873
Estonia,EST,2020,40916.7194113327
Estonia,EST,2019,42215.0343835811
Estonia,EST,2018,40849.8473475564
Estonia,EST,2017,39529.785973279
Estonia,EST,2016,37466.5561839318
Estonia,EST,2015,36353.0580520449
Estonia,EST,2014,35720.3025335234
Estonia,EST,2013,34481.0148921506
Estonia,EST,2012,33765.4302075072
Estonia,EST,2011,32453.1008476709
Estonia,EST,2010,30067.501040775
Estonia,EST,2009,29281.6798284656
Estonia,EST,2008,34233.7643806167
Estonia,EST,2007,35986.5161332684
Estonia,EST,2006,33301.4945486206
Estonia,EST,2005,30161.1996133966
Estonia,EST,2004,27381.5350626694
Eswatini,SWZ,2024,10386.2145717572
Eswatini,SWZ,2023,10181.5040730397
Eswatini,SWZ,2022,9927.60567008139
Eswatini,SWZ,2021,9990.43491951205
Eswatini,SWZ,2020,9695.82498058755
Eswatini,SWZ,2019,10099.5863118406
Eswatini,SWZ,2018,9578.10061089805
Eswatini,SWZ,2017,9660.55161538086
Eswatini,SWZ,2016,9402.50834103681
Eswatini,SWZ,2015,9186.65344720515
Eswatini,SWZ,2014,9084.49405780635
Eswatini,SWZ,2013,8951.05749805891
Eswatini,SWZ,2012,8645.84478287802
Eswatini,SWZ,2011,8350.89190932865
Eswatini,SWZ,2010,8245.64153332215
Eswatini,SWZ,2009,7988.59750005303
Eswatini,SWZ,2008,7926.37961138221
Eswatini,SWZ,2007,7866.73073455273
Eswatini,SWZ,2006,7584.72030617794
Eswatini,SWZ,2005,7142.1921864324
Eswatini,SWZ,2004,6775.2217412302
Ethiopia,ETH,2024,2892.22220162795
Ethiopia,ETH,2023,2757.95923626099
Ethiopia,ETH,2022,2655.59276743639
Ethiopia,ETH,2021,2588.41310213778
Ethiopia,ETH,2020,2516.54907638899
Ethiopia,ETH,2019,2437.97046047967
Ethiopia,ETH,2018,2311.16511656359
Ethiopia,ETH,2017,2222.82824478259
Ethiopia,ETH,2016,2084.84055616471
Ethiopia,ETH,2015,1957.41454184551
Ethiopia,ETH,2014,1821.39161772403
Ethiopia,ETH,2013,1696.86515588665
Ethiopia,ETH,2012,1576.76875733933
Ethiopia,ETH,2011,1492.53396469943
Ethiopia,ETH,2010,1381.19044650715
Ethiopia,ETH,2009,1262.46398000981
Ethiopia,ETH,2008,1193.74728331296
Ethiopia,ETH,2007,1109.14330259683
Ethiopia,ETH,2006,1024.72911937532
Ethiopia,ETH,2005,952.115666282409
Ethiopia,ETH,2004,877.114494958363
Faroe Islands,FRO,2024,72113.6513885269
Faroe Islands,FRO,2023,71828.4342781841
Faroe Islands,FRO,2022,70268.4497197492
Faroe Islands,FRO,2021,68433.2144298182
Faroe Islands,FRO,2020,66037.9361506945
Faroe Islands,FRO,2019,68136.6617957112
Faroe Islands,FRO,2018,66192.0494379671
Faroe Islands,FRO,2017,65461.9113301074
Faroe Islands,FRO,2016,64156.3241575516
Faroe Islands,FRO,2015,64010.1614022331
Faroe Islands,FRO,2014,64019.4156670638
Faroe Islands,FRO,2013,60950.0309827571
Faroe Islands,FRO,2012,57524.5150997874
Faroe Islands,FRO,2011,53441.4369353384
Faroe Islands,FRO,2010,51480.252003895
Faroe Islands,FRO,2009,51534.6010087672
Faroe Islands,FRO,2008,54263.326408917
Fiji,FJI,2024,13592.4635937435
Fiji,FJI,2023,13194.8047570404
Fiji,FJI,2022,12118.3182710082
Fiji,FJI,2021,10322.4279638854
Fiji,FJI,2020,10812.0355014178
Fiji,FJI,2019,13056.3310937089
Fiji,FJI,2018,13100.095939444
Fiji,FJI,2017,12597.327485488
Fiji,FJI,2016,11951.9196738327
Fiji,FJI,2015,11674.0633676202
Fiji,FJI,2014,11183.3135250834
Fiji,FJI,2013,10604.1559055372
Fiji,FJI,2012,10140.693585539
Fiji,FJI,2011,10020.6957548052
Fiji,FJI,2010,9784.30360030575
Fiji,FJI,2009,9536.81722352305
Fiji,FJI,2008,9711.96604105756
Fiji,FJI,2007,9672.29020465987
Fiji,FJI,2006,9837.08586688962
Fiji,FJI,2005,9745.58143908405
Fiji,FJI,2004,9766.52774786586
Finland,FIN,2024,55901.3202296588
Finland,FIN,2023,56051.7701129501
Finland,FIN,2022,57068.3056478074
Finland,FIN,2021,56790.3766177692
Finland,FIN,2020,55424.8574989208
Finland,FIN,2019,56922.4873163103
Finland,FIN,2018,56226.337241343
Finland,FIN,2017,55637.2262781223
Finland,FIN,2016,53984.6316254715
Finland,FIN,2015,52782.4873926277
Finland,FIN,2014,52710.7334867778
Finland,FIN,2013,53183.4286685126
Finland,FIN,2012,53957.6680986279
Finland,FIN,2011,55053.3906850323
Finland,FIN,2010,54017.9458623339
Finland,FIN,2009,52599.1487066911
Finland,FIN,2008,57494.585352886
Finland,FIN,2007,57313.2916474478
Finland,FIN,2006,54653.981203281
Finland,FIN,2005,52744.048034135
Finland,FIN,2004,51494.705860401
France,FRA,2024,54799.3482689389
France,FRA,2023,54296.7230897731
France,FRA,2022,53673.8137406422
France,FRA,2021,52517.3354905855
France,FRA,2020,49311.333409639
France,FRA,2019,53448.5548849943
France,FRA,2018,52560.9536243841
France,FRA,2017,51895.5662985838
France,FRA,2016,50984.075297832
France,FRA,2015,50682.8953586333
France,FRA,2014,50326.567863089
France,FRA,2013,50066.5304324783
France,FRA,2012,49935.6269081617
France,FRA,2011,50085.6829779109
France,FRA,2010,49130.422942344
France,FRA,2009,48404.9657826363
France,FRA,2008,50068.2969141379
France,FRA,2007,50157.7837477634
France,FRA,2006,49223.247197008
France,FRA,2005,48257.4650937971
France,FRA,2004,47720.4413351103
Gabon,GAB,2024,18923.6616609778
Gabon,GAB,2023,18701.4227766323
Gabon,GAB,2022,18662.0497970472
Gabon,GAB,2021,18523.5798032135
Gabon,GAB,2020,18681.4840738546
Gabon,GAB,2019,19491.4067631396
Gabon,GAB,2018,19225.5982574678
Gabon,GAB,2017,19555.707882916
Gabon,GAB,2016,19988.1755963186
Gabon,GAB,2015,20147.7116201795
Gabon,GAB,2014,20008.9899778716
Gabon,GAB,2013,19836.455485141
Gabon,GAB,2012,19450.402706679
Gabon,GAB,2011,19153.0878200945
Gabon,GAB,2010,18530.5760935497
Gabon,GAB,2009,17911.1458491118
Gabon,GAB,2008,18493.0921102783
Gabon,GAB,2007,19751.876221581
Gabon,GAB,2006,19224.1268658387
Gabon,GAB,2005,20385.2899909124
Gabon,GAB,2004,20438.9307066593
"Gambia, The",GMB,2024,3057.6841778633
"Gambia, The",GMB,2023,2963.59873467436
"Gambia, The",GMB,2022,2863.18049829859
"Gambia, The",GMB,2021,2777.79620978324
"Gambia, The",GMB,2020,2702.31919474482
"Gambia, The",GMB,2019,2750.82132179634
"Gambia, The",GMB,2018,2651.43281455826
"Gambia, The",GMB,2017,2533.18683710276
"Gambia, The",GMB,2016,2478.46055756999
"Gambia, The",GMB,2015,2495.95741601525
"Gambia, The",GMB,2014,2465.10971144823
"Gambia, The",GMB,2013,2572.44728941685
"Gambia, The",GMB,2012,2574.93509664061
"Gambia, The",GMB,2011,2519.83983255672
"Gambia, The",GMB,2010,2824.21259222517
"Gambia, The",GMB,2009,2745.32540574768
"Gambia, The",GMB,2008,2649.61119865306
"Gambia, The",GMB,2007,2567.15728802982
"Gambia, The",GMB,2006,2564.68653970519
"Gambia, The",GMB,2005,2653.64239155191
"Gambia, The",GMB,2004,2794.19352609118
Georgia,GEO,2024,24146.6234108645
Georgia,GEO,2023,22590.5293649146
Georgia,GEO,2022,20966.5280391134
Georgia,GEO,2021,18915.6534005263
Georgia,GEO,2020,17031.1440283426
Georgia,GEO,2019,18186.8816465807
Georgia,GEO,2018,17228.6790847503
Georgia,GEO,2017,16237.6242230275
Georgia,GEO,2016,15442.9564358054
Georgia,GEO,2015,14936.8434116647
Georgia,GEO,2014,14475.3135356035
Georgia,GEO,2013,13913.0018245661
Georgia,GEO,2012,13193.9596974054
Georgia,GEO,2011,12288.6828861156
Georgia,GEO,2010,11294.3685917112
Georgia,GEO,2009,10553.0896395853
Georgia,GEO,2008,10856.1031328003
Georgia,GEO,2007,10567.2747164758
Georgia,GEO,2006,9337.98906420101
Georgia,GEO,2005,8485.58670534953
Georgia,GEO,2004,7693.91525392067
Germany,DEU,2024,62654.602264023
Germany,DEU,2023,63140.1949099669
Germany,DEU,2022,63777.9291029299
Germany,DEU,2021,62630.7748127737
Germany,DEU,2020,60299.5767710809
Germany,DEU,2019,62949.8932511855
Germany,DEU,2018,62481.1183971045
Germany,DEU,2017,61965.4342904965
Germany,DEU,2016,60504.5857417161
Germany,DEU,2015,59668.9890355282
Germany,DEU,2014,59203.2340879963
Germany,DEU,2013,58182.0766176953
Germany,DEU,2012,58110.3768512245
Germany,DEU,2011,57950.9589729677
Germany,DEU,2010,54826.255453315
Germany,DEU,2009,52568.797424995
Germany,DEU,2008,55513.7558858315
Germany,DEU,2007,54920.6589299724
Germany,DEU,2006,53307.1623767517
Germany,DEU,2005,51264.8193748941
Germany,DEU,2004,50786.0176463275
Ghana,GHA,2024,7072.79879594445
Ghana,GHA,2023,6808.53775003964
Ghana,GHA,2022,6728.45413832472
Ghana,GHA,2021,6607.50297378321
Ghana,GHA,2020,6412.68541762469
Ghana,GHA,2019,6508.24652305901
Ghana,GHA,2018,6234.51208201488
Ghana,GHA,2017,5993.63085211077
Ghana,GHA,2016,5666.07795334591
Ghana,GHA,2015,5607.36635657413
Ghana,GHA,2014,5619.07233511591
Ghana,GHA,2013,5593.77481886917
Ghana,GHA,2012,5339.71321903045
Ghana,GHA,2011,5005.36732498187
Ghana,GHA,2010,4495.68916584106
Ghana,GHA,2009,4269.16005861557
Ghana,GHA,2008,4174.78124103364
Ghana,GHA,2007,3923.12567803728
Ghana,GHA,2006,3857.86154847605
Ghana,GHA,2005,3721.30785741996
Ghana,GHA,2004,3607.36522285021
Greece,GRC,2024,37474.2798239947
Greece,GRC,2023,36700.5134631055
Greece,GRC,2022,35828.1756641776
Greece,GRC,2021,33528.2271202515
Greece,GRC,2020,30487.1129331045
Greece,GRC,2019,33502.7506488997
Greece,GRC,2018,32722.3310444029
Greece,GRC,2017,31995.4108838386
Greece,GRC,2016,31468.6198471099
Greece,GRC,2015,31347.976574604
Greece,GRC,2014,31213.3765120298
Greece,GRC,2013,30762.4432227813
Greece,GRC,2012,31250.2268565956
Greece,GRC,2011,33906.4917435676
Greece,GRC,2010,37566.7483686263
Greece,GRC,2009,39886.2135496664
Greece,GRC,2008,41709.3877420312
Greece,GRC,2007,41796.2336918303
Greece,GRC,2006,40483.1569225337
Greece,GRC,2005,38146.962971083
Greece,GRC,2004,37811.4913664483
Greenland,GRL,2023,71037.5372239623
Greenland,GRL,2022,70681.2253902158
Greenland,GRL,2021,69302.0088788237
Greenland,GRL,2020,68533.7339902964
Greenland,GRL,2019,68534.9419039133
Greenland,GRL,2018,66887.6779268926
Greenland,GRL,2017,66297.1790691281
Greenland,GRL,2016,66245.7294730698
Greenland,GRL,2015,63364.0536061164
Greenland,GRL,2014,64799.3056628017
Greenland,GRL,2013,61659.6415225985
Greenland,GRL,2012,62111.1033086807
Greenland,GRL,2011,61170.9203658321
Greenland,GRL,2010,61863.2826915137
Greenland,GRL,2009,61035.5672997071
Greenland,GRL,2008,60506.1946272328
Greenland,GRL,2007,56763.2387284359
Greenland,GRL,2006,55243.7102798786
Greenland,GRL,2005,52189.001485462
Greenland,GRL,2004,49742.0582266726
Grenada,GRD,2024,17484.5153919556
Grenada,GRD,2023,17093.1562867447
Grenada,GRD,2022,16376.4273099594
Grenada,GRD,2021,15290.250903138
Grenada,GRD,2020,14647.7451384876
Grenada,GRD,2019,17036.9151689715
Grenada,GRD,2018,16964.852001696
Grenada,GRD,2017,16291.4894625979
Grenada,GRD,2016,15640.8274503805
Grenada,GRD,2015,15136.6966673773
Grenada,GRD,2014,14287.9538720088
Grenada,GRD,2013,13386.3189064112
Grenada,GRD,2012,13161.3955324377
Grenada,GRD,2011,13397.8500405513
Grenada,GRD,2010,13354.9085012616
Grenada,GRD,2009,13463.580293958
Grenada,GRD,2008,14463.560012123
Grenada,GRD,2007,14376.2824512778
Grenada,GRD,2006,13594.355159621
Grenada,GRD,2005,14211.8426569264
Grenada,GRD,2004,12593.3546257337
Guatemala,GTM,2024,12643.9841235004
Guatemala,GTM,2023,12380.3715121996
Guatemala,GTM,2022,12144.4800461597
Guatemala,GTM,2021,11825.141273764
Guatemala,GTM,2020,11097.1503902986
Guatemala,GTM,2019,11466.3764932197
Guatemala,GTM,2018,11192.3719192725
Guatemala,GTM,2017,11005.4592851719
Guatemala,GTM,2016,10872.5938902469
Guatemala,GTM,2015,10785.9583125957
Guatemala,GTM,2014,10553.563988977
Guatemala,GTM,2013,10297.8392994827
Guatemala,GTM,2012,10126.8330566224
Guatemala,GTM,2011,10032.0932829709
Guatemala,GTM,2010,9825.022234198
Guatemala,GTM,2009,9740.71387674159
Guatemala,GTM,2008,9889.57668418909
Guatemala,GTM,2007,9772.80992048501
Guatemala,GTM,2006,9386.00549814138
Guatemala,GTM,2005,9099.7275067528
Guatemala,GTM,2004,9003.86136388797
Guinea,GIN,2024,4016.34191385979
Guinea,GIN,2023,3904.82395527998
Guinea,GIN,2022,3792.01068836277
Guinea,GIN,2021,3738.8051255133
Guinea,GIN,2020,3630.99330577677
Guinea,GIN,2019,3557.46233883145
Guinea,GIN,2018,3455.64512638662
Guinea,GIN,2017,3332.76576150531
Guinea,GIN,2016,3099.78874189372
Guinea,GIN,2015,2869.85157178732
Guinea,GIN,2014,2834.96634347846
Guinea,GIN,2013,2802.56007024474
Guinea,GIN,2012,2762.90350938513
Guinea,GIN,2011,2673.40873029955
Guinea,GIN,2010,2594.83050344245
Guinea,GIN,2009,2537.30645758746
Guinea,GIN,2008,2629.5397474637
Guinea,GIN,2007,2587.0048887648
Guinea,GIN,2006,2478.61319510726
Guinea,GIN,2005,2501.22160456279
Guinea,GIN,2004,2477.50282602363
Guinea-Bissau,GNB,2024,2717.54206972499
Guinea-Bissau,GNB,2023,2660.81444655656
Guinea-Bissau,GNB,2022,2600.802474483
Guinea-Bissau,GNB,2021,2522.12869240841
Guinea-Bissau,GNB,2020,2456.01139053324
Guinea-Bissau,GNB,2019,2442.25868377476
Guinea-Bissau,GNB,2018,2373.64935653455
Guinea-Bissau,GNB,2017,2342.56110535416
Guinea-Bissau,GNB,2016,2293.37861360238
Guinea-Bissau,GNB,2015,2230.52993109779
Guinea-Bissau,GNB,2014,2156.33643676255
Guinea-Bissau,GNB,2013,2192.5927863603
Guinea-Bissau,GNB,2012,2180.74338832775
Guinea-Bissau,GNB,2011,2278.54751544448
Guinea-Bissau,GNB,2010,2164.26823755351
Guinea-Bissau,GNB,2009,2103.05813454823
Guinea-Bissau,GNB,2008,2105.67394178792
Guinea-Bissau,GNB,2007,2065.98983875944
Guinea-Bissau,GNB,2006,2065.2122797791
Guinea-Bissau,GNB,2005,2060.66663299612
Guinea-Bissau,GNB,2004,1979.69782670273
Guyana,GUY,2024,70516.7027944836
Guyana,GUY,2023,49312.3603225444
Guyana,GUY,2022,37068.1993827588
Guyana,GUY,2021,22865.9270968882
Guyana,GUY,2020,19234.1301977637
Guyana,GUY,2019,13402.4219472757
Guyana,GUY,2018,12980.3576003177
Guyana,GUY,2017,12801.6408529346
Guyana,GUY,2016,12420.4724727603
Guyana,GUY,2015,12040.08253302
Guyana,GUY,2014,12030.0529344045
Guyana,GUY,2013,11896.9069854942
Guyana,GUY,2012,11534.9985588659
Guyana,GUY,2011,10958.8598838438
Guyana,GUY,2010,10374.3947557656
Guyana,GUY,2009,9924.52660770631
Guyana,GUY,2008,9546.70875949436
Guyana,GUY,2007,9354.08017716534
Guyana,GUY,2006,8702.33133494001
Guyana,GUY,2005,8256.52519071138
Guyana,GUY,2004,8404.2001629708
Haiti,HTI,2024,2783.79140882788
Haiti,HTI,2023,2939.1237948199
Haiti,HTI,2022,3029.77866381702
Haiti,HTI,2021,3116.56505397604
Haiti,HTI,2020,3210.53609854862
Haiti,HTI,2019,3361.75328894114
Haiti,HTI,2018,3465.25480573601
Haiti,HTI,2017,3453.97142164659
Haiti,HTI,2016,3415.58218112308
Haiti,HTI,2015,3402.0283988016
Haiti,HTI,2014,3403.57496642947
Haiti,HTI,2013,3356.8373216264
Haiti,HTI,2012,3266.43832519352
Haiti,HTI,2011,3300.87444105175
Haiti,HTI,2010,3176.50949040109
Haiti,HTI,2009,3406.29486715549
Haiti,HTI,2008,3270.41272369326
Haiti,HTI,2007,3239.25745989841
Haiti,HTI,2006,3146.2634386786
Haiti,HTI,2005,3144.56353969437
Haiti,HTI,2004,3102.54173985545
Honduras,HND,2024,6590.84384301553
Honduras,HND,2023,6467.8800352783
Honduras,HND,2022,6352.58710177732
Honduras,HND,2021,6202.98078812037
Honduras,HND,2020,5603.26398377777
Honduras,HND,2019,6264.01884276715
Honduras,HND,2018,6219.27973775059
Honduras,HND,2017,6099.60734919414
Honduras,HND,2016,5926.49025534228
Honduras,HND,2015,5812.5348879105
Honduras,HND,2014,5705.16246265484
Honduras,HND,2013,5644.13384802045
Honduras,HND,2012,5600.6077605497
Honduras,HND,2011,5488.43371596332
Honduras,HND,2010,5396.07227927744
Honduras,HND,2009,5313.75573967791
Honduras,HND,2008,5566.70639487722
Honduras,HND,2007,5461.90151889031
Honduras,HND,2006,5263.15029099578
Honduras,HND,2005,5056.67544412551
Honduras,HND,2004,4885.34258343422
"Hong Kong SAR, China",HKG,2024,66186.0448635456
"Hong Kong SAR, China",HKG,2023,64387.6654066058
"Hong Kong SAR, China",HKG,2022,64035.6484949629
"Hong Kong SAR, China",HKG,2021,65884.9376260603
"Hong Kong SAR, China",HKG,2020,61328.5367014193
"Hong Kong SAR, China",HKG,2019,65388.3366418212
"Hong Kong SAR, China",HKG,2018,66993.9592604441
"Hong Kong SAR, China",HKG,2017,65662.8543379575
"Hong Kong SAR, China",HKG,2016,63749.4285013369
"Hong Kong SAR, China",HKG,2015,62779.7552386246
"Hong Kong SAR, China",HKG,2014,61839.8044187474
"Hong Kong SAR, China",HKG,2013,60601.6109212886
"Hong Kong SAR, China",HKG,2012,59015.3179560955
"Hong Kong SAR, China",HKG,2011,58672.8050185719
"Hong Kong SAR, China",HKG,2010,56355.409086809
"Hong Kong SAR, China",HKG,2009,53172.2884268262
"Hong Kong SAR, China",HKG,2008,54630.3299120222
"Hong Kong SAR, China",HKG,2007,53813.022139769
"Hong Kong SAR, China",HKG,2006,50981.7296233058
"Hong Kong SAR, China",HKG,2005,47938.8533561286
"Hong Kong SAR, China",HKG,2004,44836.1768653659
Hungary,HUN,2024,40747.1986679668
Hungary,HUN,2023,40333.2546888118
Hungary,HUN,2022,40610.9711368238
Hungary,HUN,2021,38887.1909527154
Hungary,HUN,2020,36119.5211735652
Hungary,HUN,2019,37662.67681014
Hungary,HUN,2018,35798.0412754022
Hungary,HUN,2017,33828.714942571
Hungary,HUN,2016,32378.9674983075
Hungary,HUN,2015,31485.5675425634
Hungary,HUN,2014,30264.9492302161
Hungary,HUN,2013,28891.0217544976
Hungary,HUN,2012,28179.656464434
Hungary,HUN,2011,28415.1173442897
Hungary,HUN,2010,27801.833816111
Hungary,HUN,2009,27445.959458479
Hungary,HUN,2008,29384.0070385818
Hungary,HUN,2007,29044.0669021254
Hungary,HUN,2006,28903.0475407078
Hungary,HUN,2005,27765.7886146197
Hungary,HUN,2004,26568.118861864
Iceland,ISL,2024,68230.356652817
Iceland,ISL,2023,69268.1221404224
Iceland,ISL,2022,66581.2441801002
Iceland,ISL,2021,62720.7916832797
Iceland,ISL,2020,60617.143268851
Iceland,ISL,2019,65994.9860038103
Iceland,ISL,2018,66703.0219398003
Iceland,ISL,2017,65462.5033306299
Iceland,ISL,2016,64759.2275423229
Iceland,ISL,2015,61820.3618857662
Iceland,ISL,2014,60199.1994872756
Iceland,ISL,2013,59729.5439775397
Iceland,ISL,2012,58203.6379459536
Iceland,ISL,2011,57837.8604599413
Iceland,ISL,2010,57225.1024282006
Iceland,ISL,2009,58441.2719673968
Iceland,ISL,2008,63963.7601392225
Iceland,ISL,2007,64075.3098188208
Iceland,ISL,2006,60434.3837931128
Iceland,ISL,2005,58549.1358862183
Iceland,ISL,2004,55576.6099806516
India,IND,2024,9416.05137044735
India,IND,2023,8870.55027609345
India,IND,2022,8347.38478647086
India,IND,2021,7818.65701757504
India,IND,2020,7186.86447099679
India,IND,2019,7702.17634811957
India,IND,2018,7492.62576755145
India,IND,2017,7116.03659185396
India,IND,2016,6741.14883185347
India,IND,2015,6301.67346968236
India,IND,2014,5905.10618204633
India,IND,2013,5567.49439418718
India,IND,2012,5303.50197767655
India,IND,2011,5098.67458775444
India,IND,2010,4913.87639723705
India,IND,2009,4595.37990753812
India,IND,2008,4322.48378983546
India,IND,2007,4253.82139046739
India,IND,2006,4011.08647585805
India,IND,2005,3770.39653173829
India,IND,2004,3551.04731213773
Indonesia,IDN,2024,14470.7179806578
Indonesia,IDN,2023,13889.9495012858
Indonesia,IDN,2022,13334.2653947637
Indonesia,IDN,2021,12757.0746440204
Indonesia,IDN,2020,12388.5449268131
Indonesia,IDN,2019,12757.7850854842
Indonesia,IDN,2018,12262.2310300771
Indonesia,IDN,2017,11772.5743296107
Indonesia,IDN,2016,11319.6634287738
Indonesia,IDN,2015,10893.6621142169
Indonesia,IDN,2014,10504.3869411088
Indonesia,IDN,2013,10121.8141535043
Indonesia,IDN,2012,9708.61182531081
Indonesia,IDN,2011,9274.96955181702
Indonesia,IDN,2010,8848.22473702066
Indonesia,IDN,2009,8435.4557468629
Indonesia,IDN,2008,8165.06155116624
Indonesia,IDN,2007,7802.46406905954
Indonesia,IDN,2006,7434.48785352221
Indonesia,IDN,2005,7140.8545640704
Indonesia,IDN,2004,6843.54654972364
"Iran, Islamic Rep.",IRN,2024,17484.1320140467
"Iran, Islamic Rep.",IRN,2023,17044.8173442641
"Iran, Islamic Rep.",IRN,2022,16377.9610645368
"Iran, Islamic Rep.",IRN,2021,15884.4276775963
"Iran, Islamic Rep.",IRN,2020,15381.5845437266
"Iran, Islamic Rep.",IRN,2019,14841.0751514998
"Iran, Islamic Rep.",IRN,2018,15364.8049052614
"Iran, Islamic Rep.",IRN,2017,16167.9677224227
"Iran, Islamic Rep.",IRN,2016,15920.3718021202
"Iran, Islamic Rep.",IRN,2015,14841.9048340737
"Iran, Islamic Rep.",IRN,2014,15262.8515760903
"Iran, Islamic Rep.",IRN,2013,14734.740588719
"Iran, Islamic Rep.",IRN,2012,15159.2948206531
"Iran, Islamic Rep.",IRN,2011,15947.766097961
"Iran, Islamic Rep.",IRN,2010,15729.9131707266
"Iran, Islamic Rep.",IRN,2009,15055.1494647199
"Iran, Islamic Rep.",IRN,2008,15091.2506521463
"Iran, Islamic Rep.",IRN,2007,15237.4237850549
"Iran, Islamic Rep.",IRN,2006,14320.6568534545
"Iran, Islamic Rep.",IRN,2005,13935.7743087596
"Iran, Islamic Rep.",IRN,2004,13807.1953114023
Iraq,IRQ,2024,12725.0431260364
Iraq,IRQ,2023,13202.3228073856
Iraq,IRQ,2022,13433.3977166956
Iraq,IRQ,2021,12731.7535755128
Iraq,IRQ,2020,12827.6345392293
Iraq,IRQ,2019,14910.225032382
Iraq,IRQ,2018,14456.2357053191
Iraq,IRQ,2017,14417.6306896454
Iraq,IRQ,2016,15016.0920644557
Iraq,IRQ,2015,13516.0271989173
Iraq,IRQ,2014,13536.8227681399
Iraq,IRQ,2013,13712.931714296
Iraq,IRQ,2012,13357.0143882323
Iraq,IRQ,2011,12267.5848940645
Iraq,IRQ,2010,11816.8410150233
Iraq,IRQ,2009,11470.5178061728
Iraq,IRQ,2008,11511.9387643638
Iraq,IRQ,2007,10853.8161022286
Iraq,IRQ,2006,10568.9137652953
Iraq,IRQ,2005,10078.4437646814
Iraq,IRQ,2004,10210.5631004936
Ireland,IRL,2024,118833.312071751
Ireland,IRL,2023,117659.728593716
Ireland,IRL,2022,123007.47648651
Ireland,IRL,2021,116702.85817485
Ireland,IRL,2020,101793.447525871
Ireland,IRL,2019,96205.7961557005
Ireland,IRL,2018,93115.8393498329
Ireland,IRL,2017,87731.7897045734
Ireland,IRL,2016,80760.0974145688
Ireland,IRL,2015,80815.6415277345
Ireland,IRL,2014,65463.1952541564
Ireland,IRL,2013,60285.2376140094
Ireland,IRL,2012,59303.0319813561
Ireland,IRL,2011,59797.0537343463
Ireland,IRL,2010,59107.4220740498
Ireland,IRL,2009,58446.726333492
Ireland,IRL,2008,62213.6453256462
Ireland,IRL,2007,66475.8410142999
Ireland,IRL,2006,64975.4086496251
Ireland,IRL,2005,63579.7134384122
Ireland,IRL,2004,61452.8660388324
Israel,ISR,2024,47388.7236682364
Israel,ISR,2023,47671.2476926086
Israel,ISR,2022,48132.3637205177
Israel,ISR,2021,46151.100820403
Israel,ISR,2020,42926.5415418584
Israel,ISR,2019,44492.1226967084
Israel,ISR,2018,43782.6526491689
Israel,ISR,2017,42895.585129847
Israel,ISR,2016,41914.5802977706
Israel,ISR,2015,40889.5989080834
Israel,ISR,2014,40795.6290927281
Israel,ISR,2013,40095.4756773092
Israel,ISR,2012,39245.5078117687
Israel,ISR,2011,39036.0247356871
Israel,ISR,2010,37686.3420833543
Israel,ISR,2009,36364.7843182661
Israel,ISR,2008,36795.4799112424
Israel,ISR,2007,36288.0655118571
Israel,ISR,2006,34744.8675092298
Israel,ISR,2005,33491.9913996395
Israel,ISR,2004,32665.8537052438
Italy,ITA,2024,53284.8745049149
Italy,ITA,2023,52842.6288831758
Italy,ITA,2022,52333.3274270604
Italy,ITA,2021,49825.3934111848
Italy,ITA,2020,45505.0688708956
Italy,ITA,2019,49690.6298505274
Italy,ITA,2018,49355.8751913504
Italy,ITA,2017,48849.2183534756
Italy,ITA,2016,47987.8379581014
Italy,ITA,2015,47311.8255262709
Italy,ITA,2014,46825.6511245062
Italy,ITA,2013,46833.3615309303
Italy,ITA,2012,47795.9579360541
Italy,ITA,2011,49473.0149235634
Italy,ITA,2010,49301.6959141674
Italy,ITA,2009,48774.3916833748
Italy,ITA,2008,51806.3906176391
Italy,ITA,2007,52747.1905476807
Italy,ITA,2006,52304.2402949819
Italy,ITA,2005,51585.6445807938
Italy,ITA,2004,51495.0028841364
Jamaica,JAM,2024,11340.2638800451
Jamaica,JAM,2023,11398.8120394641
Jamaica,JAM,2022,11096.6377085321
Jamaica,JAM,2021,10430.6909771759
Jamaica,JAM,2020,9891.96932961548
Jamaica,JAM,2019,10816.3720391154
Jamaica,JAM,2018,10636.0929784551
Jamaica,JAM,2017,10391.0378224678
Jamaica,JAM,2016,10179.2536486158
Jamaica,JAM,2015,9931.89875715182
Jamaica,JAM,2014,9872.15913752129
Jamaica,JAM,2013,9839.96506606095
Jamaica,JAM,2012,9829.03510015044
Jamaica,JAM,2011,9932.48380946963
Jamaica,JAM,2010,9805.90172806302
Jamaica,JAM,2009,9992.97699539021
Jamaica,JAM,2008,10490.4686134498
Jamaica,JAM,2007,10622.4442829007
Jamaica,JAM,2006,10522.2367459591
Jamaica,JAM,2005,10278.6834382546
Jamaica,JAM,2004,10244.2066702878
Japan,JPN,2024,47479.8448545667
Japan,JPN,2023,47387.2172542523
Japan,JPN,2022,46819.360613609
Japan,JPN,2021,45999.4617966896
Japan,JPN,2020,44212.5503415724
Japan,JPN,2019,46055.3498672487
Japan,JPN,2018,46133.0225978718
Japan,JPN,2017,45693.3776080987
Japan,JPN,2016,44926.6202909525
Japan,JPN,2015,44589.3032854003
Japan,JPN,2014,43754.438013293
Japan,JPN,2013,43304.1181931426
Japan,JPN,2012,42394.9433175064
Japan,JPN,2011,41640.6608721251
Japan,JPN,2010,41647.0458542008
Japan,JPN,2009,39999.9464203408
Japan,JPN,2008,42518.8423408417
Japan,JPN,2007,43041.5697058021
Japan,JPN,2006,42358.9337348253
Japan,JPN,2005,41740.352036905
Japan,JPN,2004,40986.7225710497
Jordan,JOR,2024,10468.265334284
Jordan,JOR,2023,10308.7821986337
Jordan,JOR,2022,10158.4738771524
Jordan,JOR,2021,10056.5611261239
Jordan,JOR,2020,9872.3094512325
Jordan,JOR,2019,10168.3588523537
Jordan,JOR,2018,10183.0248366235
Jordan,JOR,2017,10220.492781193
Jordan,JOR,2016,10197.5044990617
Jordan,JOR,2015,10469.6306302225
Jordan,JOR,2014,11086.6905487513
Jordan,JOR,2013,11804.1225335126
Jordan,JOR,2012,12104.1217423938
Jordan,JOR,2011,11988.4963110815
Jordan,JOR,2010,11942.572010796
Jordan,JOR,2009,11888.6617212582
Jordan,JOR,2008,11555.728825835
Jordan,JOR,2007,11034.2922176813
Jordan,JOR,2006,10834.8737267915
Jordan,JOR,2005,10684.9424228538
Jordan,JOR,2004,10127.8527547101
Kazakhstan,KAZ,2024,35973.9633287017
Kazakhstan,KAZ,2023,34703.2349286604
Kazakhstan,KAZ,2022,33506.2614893237
Kazakhstan,KAZ,2021,32945.8515725823
Kazakhstan,KAZ,2020,32011.5491499004
Kazakhstan,KAZ,2019,33298.2123695035
Kazakhstan,KAZ,2018,32330.2274546567
Kazakhstan,KAZ,2017,31524.4416339794
Kazakhstan,KAZ,2016,30758.3227260598
Kazakhstan,KAZ,2015,30893.7594851041
Kazakhstan,KAZ,2014,30986.4379168995
Kazakhstan,KAZ,2013,30177.4887221736
Kazakhstan,KAZ,2012,28881.2417563728
Kazakhstan,KAZ,2011,27946.1603432944
Kazakhstan,KAZ,2010,26374.8407672795
Kazakhstan,KAZ,2009,24901.3527260084
Kazakhstan,KAZ,2008,24895.6645683245
Kazakhstan,KAZ,2007,24351.3464102542
Kazakhstan,KAZ,2006,22574.3429577665
Kazakhstan,KAZ,2005,20565.5294470866
Kazakhstan,KAZ,2004,18886.5811908122
Kenya,KEN,2024,5841.59866001706
Kenya,KEN,2023,5691.82513474417
Kenya,KEN,2022,5491.69378280246
Kenya,KEN,2021,5338.85243382781
Kenya,KEN,2020,5057.40115537429
Kenya,KEN,2019,5171.71264279257
Kenya,KEN,2018,5017.66784674664
Kenya,KEN,2017,4846.86210851932
Kenya,KEN,2016,4770.31046388086
Kenya,KEN,2015,4679.62182831938
Kenya,KEN,2014,4558.55155266374
Kenya,KEN,2013,4443.371215682
Kenya,KEN,2012,4387.93790075409
Kenya,KEN,2011,4307.10611556858
Kenya,KEN,2010,4211.52462957784
Kenya,KEN,2009,4012.19428382397
Kenya,KEN,2008,4002.88364073792
Kenya,KEN,2007,4116.45094720856
Kenya,KEN,2006,3970.73349887685
Kenya,KEN,2005,3844.73557120578
Kenya,KEN,2004,3743.56785736929
Kiribati,KIR,2024,3275.00186630433
Kiribati,KIR,2023,3175.02475728903
Kiribati,KIR,2022,3127.17745381556
Kiribati,KIR,2021,3024.21029665634
Kiribati,KIR,2020,2839.17274622563
Kiribati,KIR,2019,2926.59366475855
Kiribati,KIR,2018,2875.41766341166
Kiribati,KIR,2017,2822.02092296284
Kiribati,KIR,2016,2762.28741039854
Kiribati,KIR,2015,2616.17635911711
Kiribati,KIR,2014,2381.65349253168
Kiribati,KIR,2013,2382.67559474112
Kiribati,KIR,2012,2242.30105765006
Kiribati,KIR,2011,2150.65854434166
Kiribati,KIR,2010,2119.91176706204
Kiribati,KIR,2009,2138.23987425041
Kiribati,KIR,2008,2172.63601744656
Kiribati,KIR,2007,2286.73943693111
Kiribati,KIR,2006,2264.4516846113
Kiribati,KIR,2005,2184.06094408808
Kiribati,KIR,2004,2199.95258272342
"Korea, Rep.",KOR,2024,55070.9386194121
"Korea, Rep.",KOR,2023,54029.3434990785
"Korea, Rep.",KOR,2022,53228.6035655365
"Korea, Rep.",KOR,2021,51718.2518656631
"Korea, Rep.",KOR,2020,49374.0926148025
"Korea, Rep.",KOR,2019,49790.8679884821
"Korea, Rep.",KOR,2018,48834.4471157733
"Korea, Rep.",KOR,2017,47536.7898568851
"Korea, Rep.",KOR,2016,46088.2430785383
"Korea, Rep.",KOR,2015,44849.106767089
"Korea, Rep.",KOR,2014,43806.9250985661
"Korea, Rep.",KOR,2013,42709.9751857887
"Korea, Rep.",KOR,2012,41537.6728611117
"Korea, Rep.",KOR,2011,40719.2273771671
"Korea, Rep.",KOR,2010,39574.0500732947
"Korea, Rep.",KOR,2009,37176.1939270969
"Korea, Rep.",KOR,2008,37064.1518484106
"Korea, Rep.",KOR,2007,36257.3401689702
"Korea, Rep.",KOR,2006,34429.6222013137
"Korea, Rep.",KOR,2005,32886.0472450743
"Korea, Rep.",KOR,2004,31579.5283048867
Kosovo,XKX,2024,15716.2925564586
Kosovo,XKX,2023,14240.2030320365
Kosovo,XKX,2022,13022.4627441502
Kosovo,XKX,2021,12362.4210181213
Kosovo,XKX,2020,11137.5028560404
Kosovo,XKX,2019,11774.1178510908
Kosovo,XKX,2018,11188.2244627966
Kosovo,XKX,2017,10856.2902074239
Kosovo,XKX,2016,10434.8888259268
Kosovo,XKX,2015,9824.99105955319
Kosovo,XKX,2014,9150.74997293883
Kosovo,XKX,2013,8828.27683251638
Kosovo,XKX,2012,8431.66232694657
Kosovo,XKX,2011,8359.93621479336
Kosovo,XKX,2010,7877.10199850556
Kosovo,XKX,2009,7481.45889832785
Kosovo,XKX,2008,7098.40301909042
Kuwait,KWT,2024,46664.2195116056
Kuwait,KWT,2023,47790.1933239144
Kuwait,KWT,2022,51379.8833194119
Kuwait,KWT,2021,50651.9575337091
Kuwait,KWT,2020,49372.8187938552
Kuwait,KWT,2019,51380.6455354631
Kuwait,KWT,2018,51623.8078622052
Kuwait,KWT,2017,52285.5871175696
Kuwait,KWT,2016,56936.620842726
Kuwait,KWT,2015,57763.5174574395
Kuwait,KWT,2014,60065.6544076232
Kuwait,KWT,2013,62458.8089221249
Kuwait,KWT,2012,64908.262639237
Kuwait,KWT,2011,64844.5019019408
Kuwait,KWT,2010,62956.2152904125
Kuwait,KWT,2009,67896.2680451995
Kuwait,KWT,2008,77036.5083833055
Kuwait,KWT,2007,79474.7611346377
Kuwait,KWT,2006,79521.3484338455
Kuwait,KWT,2005,78193.9012127585
Kuwait,KWT,2004,73298.0621819477
Kyrgyz Republic,KGZ,2024,7210.57669830499
Kyrgyz Republic,KGZ,2023,6575.77541290499
Kyrgyz Republic,KGZ,2022,6139.77788825006
Kyrgyz Republic,KGZ,2021,5736.47883415154
Kyrgyz Republic,KGZ,2020,5537.79547319377
Kyrgyz Republic,KGZ,2019,6087.60193826927
Kyrgyz Republic,KGZ,2018,5951.82876758606
Kyrgyz Republic,KGZ,2017,5861.22200040503
Kyrgyz Republic,KGZ,2016,5715.01041179003
Kyrgyz Republic,KGZ,2015,5600.2143342846
Kyrgyz Republic,KGZ,2014,5513.7544695252
Kyrgyz Republic,KGZ,2013,5418.54061993935
Kyrgyz Republic,KGZ,2012,4993.39431683528
Kyrgyz Republic,KGZ,2011,5092.85165751678
Kyrgyz Republic,KGZ,2010,4876.47964886483
Kyrgyz Republic,KGZ,2009,4969.96132720374
Kyrgyz Republic,KGZ,2008,4894.9427801376
Kyrgyz Republic,KGZ,2007,4558.71267894172
Kyrgyz Republic,KGZ,2006,4240.17017797554
Kyrgyz Republic,KGZ,2005,4156.95849230116
Kyrgyz Republic,KGZ,2004,4211.52248307857
Lao PDR,LAO,2024,8600.3245466568
Lao PDR,LAO,2023,8372.15591874407
Lao PDR,LAO,2022,8183.03286472653
Lao PDR,LAO,2021,8080.43553249923
Lao PDR,LAO,2020,7995.59502527818
Lao PDR,LAO,2019,8075.27502377003
Lao PDR,LAO,2018,7775.08574451883
Lao PDR,LAO,2017,7432.4596330485
Lao PDR,LAO,2016,7063.25545347926
Lao PDR,LAO,2015,6703.74124348885
Lao PDR,LAO,2014,6341.2122967032
Lao PDR,LAO,2013,5974.47368943414
Lao PDR,LAO,2012,5608.96956337059
Lao PDR,LAO,2011,5266.87866924206
Lao PDR,LAO,2010,4946.10563678173
Lao PDR,LAO,2009,4625.07173324518
Lao PDR,LAO,2008,4367.162880257
Lao PDR,LAO,2007,4112.25301659759
Lao PDR,LAO,2006,3881.53736632657
Lao PDR,LAO,2005,3630.55878769378
Lao PDR,LAO,2004,3441.16999706515
Latvia,LVA,2024,37615.0762450744
Latvia,LVA,2023,37277.7217221317
Latvia,LVA,2022,37718.7097958367
Latvia,LVA,2021,36912.0130602161
Latvia,LVA,2020,34225.8976044058
Latvia,LVA,2019,35208.1934590859
Latvia,LVA,2018,34729.7062763057
Latvia,LVA,2017,33036.3915943437
Latvia,LVA,2016,31668.5148442662
Latvia,LVA,2015,30599.6133134147
Latvia,LVA,2014,29243.7412502629
Latvia,LVA,2013,28375.1842887263
Latvia,LVA,2012,27496.5454583635
Latvia,LVA,2011,25308.7322074626
Latvia,LVA,2010,24119.7307848939
Latvia,LVA,2009,24520.6791475489
Latvia,LVA,2008,28726.9722869522
Latvia,LVA,2007,29423.7371235063
Latvia,LVA,2006,26431.8140222767
Latvia,LVA,2005,23213.3539355881
Latvia,LVA,2004,20574.118201251
Lebanon,LBN,2024,10469.2210966932
Lebanon,LBN,2023,11330.2687387422
Lebanon,LBN,2022,11474.7505845558
Lebanon,LBN,2021,11599.7755083765
Lebanon,LBN,2020,12507.4366368078
Lebanon,LBN,2019,15659.5661040012
Lebanon,LBN,2018,16290.0516478592
Lebanon,LBN,2017,16128.5838196051
Lebanon,LBN,2016,15572.3611739774
Lebanon,LBN,2015,14980.020515614
Lebanon,LBN,2014,15205.873265402
Lebanon,LBN,2013,16396.4969302163
Lebanon,LBN,2012,17323.3013764282
Lebanon,LBN,2011,17353.1960845294
Lebanon,LBN,2010,17390.7584012958
Lebanon,LBN,2009,16264.3506182706
Lebanon,LBN,2008,14955.1413563252
Lebanon,LBN,2007,13941.5614244767
Lebanon,LBN,2006,13003.680803908
Lebanon,LBN,2005,13024.6648924956
Lebanon,LBN,2004,12882.0757995163
Lesotho,LSO,2024,2697.62738436647
Lesotho,LSO,2023,2592.4570129526
Lesotho,LSO,2022,2577.54544127769
Lesotho,LSO,2021,2544.78249551214
Lesotho,LSO,2020,2517.11044486593
Lesotho,LSO,2019,2773.28639887236
Lesotho,LSO,2018,2846.41828124649
Lesotho,LSO,2017,2924.68096193272
Lesotho,LSO,2016,3057.26091568162
Lesotho,LSO,2015,2986.95866729879
Lesotho,LSO,2014,2930.61724036206
Lesotho,LSO,2013,2914.37515966739
Lesotho,LSO,2012,2894.22705048142
Lesotho,LSO,2011,2749.31958166573
Lesotho,LSO,2010,2651.37804898226
Lesotho,LSO,2009,2538.19341751854
Lesotho,LSO,2008,2589.16635854686
Lesotho,LSO,2007,2470.31462127885
Lesotho,LSO,2006,2381.02024562073
Lesotho,LSO,2005,2275.01614419256
Lesotho,LSO,2004,2178.66474674332
Liberia,LBR,2024,1646.05861366601
Liberia,LBR,2023,1616.92373356695
Liberia,LBR,2022,1578.99837069175
Liberia,LBR,2021,1539.20892304674
Liberia,LBR,2020,1497.37692436272
Liberia,LBR,2019,1575.76665001238
Liberia,LBR,2018,1647.97443793846
Liberia,LBR,2017,1661.30290782171
Liberia,LBR,2016,1653.31050211233
Liberia,LBR,2015,1714.09047960464
Liberia,LBR,2014,1750.1438489328
Liberia,LBR,2013,1774.5205777394
Liberia,LBR,2012,1668.97289588776
Liberia,LBR,2011,1601.03374045996
Liberia,LBR,2010,1538.85083488512
Liberia,LBR,2009,1492.99817384053
Liberia,LBR,2008,1463.12408187297
Liberia,LBR,2007,1422.10019670004
Liberia,LBR,2006,1364.60347323709
Liberia,LBR,2005,1335.61728880785
Liberia,LBR,2004,1326.53565502695
Libya,LBY,2024,12583.8338726816
Libya,LBY,2023,12476.5974944083
Libya,LBY,2022,11450.0598552928
Libya,LBY,2021,12641.5097714075
Libya,LBY,2020,9978.66400110743
Libya,LBY,2019,14337.1962987582
Libya,LBY,2018,16385.164476127
Libya,LBY,2017,15428.1164411854
Libya,LBY,2016,11831.8257669559
Libya,LBY,2015,12195.3486990421
Libya,LBY,2014,12499.0829968523
Libya,LBY,2013,16557.500941665
Libya,LBY,2012,20601.0026641
Libya,LBY,2011,10741.9206751908
Libya,LBY,2010,21115.5259846154
Libya,LBY,2009,20518.9642412838
Libya,LBY,2008,21915.1976208274
Libya,LBY,2007,22422.0117594762
Libya,LBY,2006,21545.2986384419
Libya,LBY,2005,20649.4624580172
Libya,LBY,2004,18851.2039109963
Lithuania,LTU,2024,47462.0039386975
Lithuania,LTU,2023,46333.9006965206
Lithuania,LTU,2022,46642.5947251086
Lithuania,LTU,2021,45897.3715026327
Lithuania,LTU,2020,43108.1976060283
Lithuania,LTU,2019,43078.7118585461
Lithuania,LTU,2018,41035.4018152732
Lithuania,LTU,2017,38789.2463179035
Lithuania,LTU,2016,36632.0832798438
Lithuania,LTU,2015,35264.7149248316
Lithuania,LTU,2014,33988.0148951198
Lithuania,LTU,2013,32487.0008217277
Lithuania,LTU,2012,30932.0983180261
Lithuania,LTU,2011,29251.8774718539
Lithuania,LTU,2010,26897.7243702338
Lithuania,LTU,2009,26227.5230201039
Lithuania,LTU,2008,30457.3682543436
Lithuania,LTU,2007,29381.9521464971
Lithuania,LTU,2006,26139.2837773621
Lithuania,LTU,2005,23953.8150681702
Lithuania,LTU,2004,21875.6085796224
Luxembourg,LUX,2024,128475.283540415
Luxembourg,LUX,2023,130048.922273147
Luxembourg,LUX,2022,132570.832272626
Luxembourg,LUX,2021,136772.443753292
Luxembourg,LUX,2020,129865.631871124
Luxembourg,LUX,2019,132724.754668303
Luxembourg,LUX,2018,131733.884471489
Luxembourg,LUX,2017,132169.829576174
Luxembourg,LUX,2016,133661.734541281
Luxembourg,LUX,2015,130097.338289025
Luxembourg,LUX,2014,130249.550482759
Luxembourg,LUX,2013,129947.336184196
Luxembourg,LUX,2012,128897.403218507
Luxembourg,LUX,2011,129887.626962873
Luxembourg,LUX,2010,131434.360018803
Luxembourg,LUX,2009,129004.508948877
Luxembourg,LUX,2008,135814.608862354
Luxembourg,LUX,2007,138683.319852878
Luxembourg,LUX,2006,130290.174082751
Luxembourg,LUX,2005,124871.952523256
Luxembourg,LUX,2004,123725.755122536
"Macao SAR, China",MAC,2024,111693.502831434
"Macao SAR, China",MAC,2023,104815.20003062
"Macao SAR, China",MAC,2022,59921.441691873
"Macao SAR, China",MAC,2021,73374.4486829589
"Macao SAR, China",MAC,2020,59662.4855864551
"Macao SAR, China",MAC,2019,133453.896026037
"Macao SAR, China",MAC,2018,139541.157248769
"Macao SAR, China",MAC,2017,133322.632677744
"Macao SAR, China",MAC,2016,120530.052858314
"Macao SAR, China",MAC,2015,123194.067291275
"Macao SAR, China",MAC,2014,162813.439348589
"Macao SAR, China",MAC,2013,174569.523171267
"Macao SAR, China",MAC,2012,164239.261923457
"Macao SAR, China",MAC,2011,155385.324208541
"Macao SAR, China",MAC,2010,130758.2806979
"Macao SAR, China",MAC,2009,104911.140336462
"Macao SAR, China",MAC,2008,102474.668562926
"Macao SAR, China",MAC,2007,102879.639164559
"Macao SAR, China",MAC,2006,93828.3198758417
"Macao SAR, China",MAC,2005,87185.5254441553
"Macao SAR, China",MAC,2004,84004.4558061302
Madagascar,MDG,2024,1659.15030770194
Madagascar,MDG,2023,1629.6055225489
Madagascar,MDG,2022,1602.42805197529
Madagascar,MDG,2021,1577.43246056529
Madagascar,MDG,2020,1545.72714379204
Madagascar,MDG,2019,1707.83153830039
Madagascar,MDG,2018,1678.78623269491
Madagascar,MDG,2017,1669.72764267278
Madagascar,MDG,2016,1648.91226979296
Madagascar,MDG,2015,1627.5806134224
Madagascar,MDG,2014,1620.357889066
Madagascar,MDG,2013,1610.6023078966
Madagascar,MDG,2012,1617.79082882481
Madagascar,MDG,2011,1614.55137773785
Madagascar,MDG,2010,1635.24511473059
Madagascar,MDG,2009,1673.15551466723
Madagascar,MDG,2008,1794.40235887329
Madagascar,MDG,2007,1731.61751794976
Madagascar,MDG,2006,1686.86335460016
Madagascar,MDG,2005,1648.17631554009
Madagascar,MDG,2004,1620.11953793293
Malawi,MWI,2024,1634.24660266597
Malawi,MWI,2023,1649.29873234551
Malawi,MWI,2022,1659.95933825168
Malawi,MWI,2021,1687.59358179651
Malawi,MWI,2020,1656.43985192533
Malawi,MWI,2019,1687.28944917892
Malawi,MWI,2018,1638.91665761076
Malawi,MWI,2017,1613.0593571462
Malawi,MWI,2016,1593.59549264808
Malawi,MWI,2015,1597.69145324855
Malawi,MWI,2014,1597.56484331405
Malawi,MWI,2013,1555.50607410511
Malawi,MWI,2012,1518.14803849238
Malawi,MWI,2011,1533.22889572405
Malawi,MWI,2010,1504.37514113215
Malawi,MWI,2009,1449.72601522136
Malawi,MWI,2008,1378.42886690465
Malawi,MWI,2007,1318.33196397214
Malawi,MWI,2006,1237.27386519947
Malawi,MWI,2005,1214.7426419188
Malawi,MWI,2004,1208.2196975075
Malaysia,MYS,2024,34116.2317848885
Malaysia,MYS,2023,32857.6676600774
Malaysia,MYS,2022,32129.2217820113
Malaysia,MYS,2021,29822.8491831618
Malaysia,MYS,2020,29200.452632127
Malaysia,MYS,2019,31300.5086554849
Malaysia,MYS,2018,30459.9655338061
Malaysia,MYS,2017,29551.5457597197
Malaysia,MYS,2016,28425.3707609412
Malaysia,MYS,2015,27699.6278860387
Malaysia,MYS,2014,26818.4317281659
Malaysia,MYS,2013,25736.3525554142
Malaysia,MYS,2012,25006.3587781537
Malaysia,MYS,2011,24115.8181203958
Malaysia,MYS,2010,23307.9698543785
Malaysia,MYS,2009,22106.6417311801
Malaysia,MYS,2008,22898.0027575442
Malaysia,MYS,2007,22305.118263117
Malaysia,MYS,2006,21444.4857715028
Malaysia,MYS,2005,20767.5857243346
Malaysia,MYS,2004,20168.5062099425
Maldives,MDV,2024,23034.4098404839
Maldives,MDV,2023,22333.0477138175
Maldives,MDV,2022,21357.8112511153
Maldives,MDV,2021,19052.6224904311
Maldives,MDV,2020,14242.9750701162
Maldives,MDV,2019,21855.501224579
Maldives,MDV,2018,21072.5805249694
Maldives,MDV,2017,20036.7165354949
Maldives,MDV,2016,19345.1792343541
Maldives,MDV,2015,18829.4481529112
Maldives,MDV,2014,18765.3592118344
Maldives,MDV,2013,17986.8907361645
Maldives,MDV,2012,17390.1474995422
Maldives,MDV,2011,17581.7676697752
Maldives,MDV,2010,16730.0144200167
Maldives,MDV,2009,16230.0089361263
Maldives,MDV,2008,18344.4866455436
Maldives,MDV,2007,17439.9504862625
Maldives,MDV,2006,16829.9768208157
Maldives,MDV,2005,13942.8753891662
Maldives,MDV,2004,15958.6557759464
Mali,MLI,2024,2917.93245883671
Mali,MLI,2023,2861.48058063314
Mali,MLI,2022,2813.81095962565
Mali,MLI,2021,2796.22793795431
Mali,MLI,2020,2796.41038444386
Mali,MLI,2019,2916.17167791084
Mali,MLI,2018,2862.40728987476
Mali,MLI,2017,2816.19423901587
Mali,MLI,2016,2759.11051293341
Mali,MLI,2015,2686.56065073799
Mali,MLI,2014,2609.16733048395
Mali,MLI,2013,2528.5300676726
Mali,MLI,2012,2520.52931086804
Mali,MLI,2011,2623.34627008698
Mali,MLI,2010,2632.2646821909
Mali,MLI,2009,2575.54549773648
Mali,MLI,2008,2523.19961270039
Mali,MLI,2007,2515.94692366143
Mali,MLI,2006,2555.07476258805
Mali,MLI,2005,2546.33281405861
Mali,MLI,2004,2565.9774456147
Malta,MLT,2024,62398.4892388947
Malta,MLT,2023,60459.7655182644
Malta,MLT,2022,56874.4339327368
Malta,MLT,2021,56823.9958525022
Malta,MLT,2020,50389.6963309289
Malta,MLT,2019,53393.4231642463
Malta,MLT,2018,53419.0022708322
Malta,MLT,2017,51628.2677400365
Malta,MLT,2016,46967.3486291212
Malta,MLT,2015,46171.8893420758
Malta,MLT,2014,43163.1473000396
Malta,MLT,2013,40921.3167795062
Malta,MLT,2012,38937.1487755674
Malta,MLT,2011,37740.8473665429
Malta,MLT,2010,37528.7341525511
Malta,MLT,2009,35512.6774555483
Malta,MLT,2008,36287.726099619
Malta,MLT,2007,34981.7020970372
Malta,MLT,2006,33420.7141096927
Malta,MLT,2005,32776.9683721182
Malta,MLT,2004,32062.7641222076
Marshall Islands,MHL,2024,7236.8679376649
Marshall Islands,MHL,2023,6774.78265578378
Marshall Islands,MHL,2022,6937.75357050514
Marshall Islands,MHL,2021,6768.82579129624
Marshall Islands,MHL,2020,6418.00663822416
Marshall Islands,MHL,2019,6405.89632387105
Marshall Islands,MHL,2018,5636.02954937672
Marshall Islands,MHL,2017,5200.01066532485
Marshall Islands,MHL,2016,4897.14934002038
Marshall Islands,MHL,2015,4670.70755785577
Marshall Islands,MHL,2014,4492.56749211821
Marshall Islands,MHL,2013,4470.42630092843
Marshall Islands,MHL,2012,4244.58812838612
Marshall Islands,MHL,2011,4259.66173142969
Marshall Islands,MHL,2010,4269.9054604506
Marshall Islands,MHL,2009,4047.74537243531
Marshall Islands,MHL,2008,3903.80571323423
Marshall Islands,MHL,2007,4222.95393537643
Marshall Islands,MHL,2006,4076.09863045701
Marshall Islands,MHL,2005,4075.6807928036
Marshall Islands,MHL,2004,4012.85859698975
Mauritania,MRT,2024,6482.69016635936
Mauritania,MRT,2023,6276.47521075653
Mauritania,MRT,2022,6053.26178124768
Mauritania,MRT,2021,5836.56580821897
Mauritania,MRT,2020,5963.23549724988
Mauritania,MRT,2019,6162.21044455969
Mauritania,MRT,2018,6153.63790241704
Mauritania,MRT,2017,6050.62180325299
Mauritania,MRT,2016,5866.28144674129
Mauritania,MRT,2015,5969.54239289516
Mauritania,MRT,2014,5837.85203095508
Mauritania,MRT,2013,5769.72870902318
Mauritania,MRT,2012,5716.25195414285
Mauritania,MRT,2011,5653.21720092427
Mauritania,MRT,2010,5605.76388862715
Mauritania,MRT,2009,5639.78744910419
Mauritania,MRT,2008,5813.35608502791
Mauritania,MRT,2007,6002.77832134488
Mauritania,MRT,2006,6284.70209004217
Mauritania,MRT,2005,5445.82950903243
Mauritania,MRT,2004,5139.22552032468
Mauritius,MUS,2024,27844.8956114831
Mauritius,MUS,2023,26471.0351422892
Mauritius,MUS,2022,25005.0666145723
Mauritius,MUS,2021,23010.2013826906
Mauritius,MUS,2020,22272.5398696677
Mauritius,MUS,2019,25958.4900281465
Mauritius,MUS,2018,25243.886462031
Mauritius,MUS,2017,24258.988821567
Mauritius,MUS,2016,23357.230006621
Mauritius,MUS,2015,22499.0254570551
Mauritius,MUS,2014,21721.3096444788
Mauritius,MUS,2013,20952.3775734986
Mauritius,MUS,2012,20313.0328941469
Mauritius,MUS,2011,19678.6022639733
Mauritius,MUS,2010,18925.5713852829
Mauritius,MUS,2009,18171.6870025783
Mauritius,MUS,2008,17627.1121948078
Mauritius,MUS,2007,16774.5685137565
Mauritius,MUS,2006,15932.8192222795
Mauritius,MUS,2005,15264.5981839157
Mauritius,MUS,2004,15087.0687832797
Mexico,MEX,2024,21970.3520412926
Mexico,MEX,2023,21864.9236104145
Mexico,MEX,2022,21391.8573698845
Mexico,MEX,2021,20782.5877440905
Mexico,MEX,2020,19728.4817827455
Mexico,MEX,2019,21704.185952748
Mexico,MEX,2018,21997.7730219494
Mexico,MEX,2017,21777.5225127275
Mexico,MEX,2016,21578.263354126
Mexico,MEX,2015,21408.9283216195
Mexico,MEX,2014,21069.7661653886
Mexico,MEX,2013,20805.3480406564
Mexico,MEX,2012,20898.935720908
Mexico,MEX,2011,20457.6001677783
Mexico,MEX,2010,20058.3854882301
Mexico,MEX,2009,19385.5437251877
Mexico,MEX,2008,20992.5602662364
Mexico,MEX,2007,21102.2688338349
Mexico,MEX,2006,20965.8256087044
Mexico,MEX,2005,20277.2552852007
Mexico,MEX,2004,20127.2242902968
"Micronesia, Fed. Sts.",FSM,2024,3911.26631940407
"Micronesia, Fed. Sts.",FSM,2023,3841.27116510816
"Micronesia, Fed. Sts.",FSM,2022,3815.79465699672
"Micronesia, Fed. Sts.",FSM,2021,3955.73141317971
"Micronesia, Fed. Sts.",FSM,2020,3861.29319570301
"Micronesia, Fed. Sts.",FSM,2019,3965.05377269396
"Micronesia, Fed. Sts.",FSM,2018,3838.64054793262
"Micronesia, Fed. Sts.",FSM,2017,3838.04534289261
"Micronesia, Fed. Sts.",FSM,2016,3774.03193396948
"Micronesia, Fed. Sts.",FSM,2015,3739.35968767448
"Micronesia, Fed. Sts.",FSM,2014,3592.81901389543
"Micronesia, Fed. Sts.",FSM,2013,3696.74550378941
"Micronesia, Fed. Sts.",FSM,2012,3847.14743528337
"Micronesia, Fed. Sts.",FSM,2011,3917.44641481482
"Micronesia, Fed. Sts.",FSM,2010,3780.25132792653
"Micronesia, Fed. Sts.",FSM,2009,3702.36131622048
"Micronesia, Fed. Sts.",FSM,2008,3622.04886559734
"Micronesia, Fed. Sts.",FSM,2007,3684.20209326281
"Micronesia, Fed. Sts.",FSM,2006,3717.65782403635
"Micronesia, Fed. Sts.",FSM,2005,3710.19849742597
"Micronesia, Fed. Sts.",FSM,2004,3594.57718999286
Moldova,MDA,2024,16393.8633257184
Moldova,MDA,2023,15980.5668889856
Moldova,MDA,2022,15350.3120408391
Moldova,MDA,2021,15682.0703284653
Moldova,MDA,2020,13559.2600217483
Moldova,MDA,2019,14621.2401362286
Moldova,MDA,2018,13895.5043655692
Moldova,MDA,2017,13118.8219369605
Moldova,MDA,2016,12377.366678394
Moldova,MDA,2015,11691.0797484184
Moldova,MDA,2014,11641.1208436577
Moldova,MDA,2013,11080.0634585341
Moldova,MDA,2012,10158.3854676883
Moldova,MDA,2011,10217.3087761255
Moldova,MDA,2010,9649.9509930271
Moldova,MDA,2009,9001.23432081622
Moldova,MDA,2008,9563.69814290939
Moldova,MDA,2007,8854.83397616724
Moldova,MDA,2006,8577.02858037286
Moldova,MDA,2005,8161.47344724765
Moldova,MDA,2004,7573.6178454751
Mongolia,MNG,2024,16842.6505873797
Mongolia,MNG,2023,16222.8638898529
Mongolia,MNG,2022,15310.4349469163
Mongolia,MNG,2021,14792.2509086422
Mongolia,MNG,2020,14801.3420829185
Mongolia,MNG,2019,15790.6961126441
Mongolia,MNG,2018,15230.2408828847
Mongolia,MNG,2017,14401.5375067562
Mongolia,MNG,2016,13898.1456953585
Mongolia,MNG,2015,13974.5967260365
Mongolia,MNG,2014,13943.4277148653
Mongolia,MNG,2013,13210.0945665668
Mongolia,MNG,2012,12078.9185320062
Mongolia,MNG,2011,10960.0959283864
Mongolia,MNG,2010,9507.118823625
Mongolia,MNG,2009,9095.9769892529
Mongolia,MNG,2008,9379.85489687765
Mongolia,MNG,2007,8750.13407442299
Mongolia,MNG,2006,8043.99678108557
Mongolia,MNG,2005,7499.84803935428
Mongolia,MNG,2004,7070.667158451
Montenegro,MNE,2024,28105.5927726624
Montenegro,MNE,2023,27243.404228981
Montenegro,MNE,2022,25583.3155690619
Montenegro,MNE,2021,23689.9791090651
Montenegro,MNE,2020,20904.5999314513
Montenegro,MNE,2019,24585.1159529158
Montenegro,MNE,2018,23562.1762558957
Montenegro,MNE,2017,22513.7807637171
Montenegro,MNE,2016,21834.0918741924
Montenegro,MNE,2015,21131.8410316247
Montenegro,MNE,2014,20641.7645176561
Montenegro,MNE,2013,20201.2916344369
Montenegro,MNE,2012,19576.412051459
Montenegro,MNE,2011,20110.4869725048
Montenegro,MNE,2010,19476.1626179487
Montenegro,MNE,2009,18984.9379136097
Montenegro,MNE,2008,20238.9216459135
Montenegro,MNE,2007,18966.4529580465
Montenegro,MNE,2006,17727.3660449403
Montenegro,MNE,2005,16348.8994494652
Montenegro,MNE,2004,15716.0755725572
Morocco,MAR,2024,9162.7470703125
Morocco,MAR,2023,8915.3515625
Morocco,MAR,2022,8690.4482421875
Morocco,MAR,2021,8623.265625
Morocco,MAR,2020,8054.56298828125
Morocco,MAR,2019,8768.17578125
Morocco,MAR,2018,8611.75
Morocco,MAR,2017,8450.0087890625
Morocco,MAR,2016,8141.9404296875
Morocco,MAR,2015,8198.80859375
Morocco,MAR,2014,7951.79833984375
Morocco,MAR,2013,7839.0322265625
Morocco,MAR,2012,7628.64404296875
Morocco,MAR,2011,7503.79296875
Morocco,MAR,2010,7210.63671875
Morocco,MAR,2009,7063.72705078125
Morocco,MAR,2008,6901.95068359375
Morocco,MAR,2007,6620.59033203125
Morocco,MAR,2006,6488.673828125
Morocco,MAR,2005,6103.42236328125
Morocco,MAR,2004,5996.39013671875
Mozambique,MOZ,2024,1500.70758504856
Mozambique,MOZ,2023,1512.66729609671
Mozambique,MOZ,2022,1476.73432917026
Mozambique,MOZ,2021,1457.23540930922
Mozambique,MOZ,2020,1466.12476474476
Mozambique,MOZ,2019,1528.88988354373
Mozambique,MOZ,2018,1538.83512127022
Mozambique,MOZ,2017,1532.0073576114
Mozambique,MOZ,2016,1537.90853271216
Mozambique,MOZ,2015,1512.5997455554
Mozambique,MOZ,2014,1449.92926632722
Mozambique,MOZ,2013,1385.83254864214
Mozambique,MOZ,2012,1338.51594866104
Mozambique,MOZ,2011,1275.52959822581
Mozambique,MOZ,2010,1224.23020471309
Mozambique,MOZ,2009,1178.70909947834
Mozambique,MOZ,2008,1141.94256161019
Mozambique,MOZ,2007,1095.12568701598
Mozambique,MOZ,2006,1041.80471709595
Mozambique,MOZ,2005,970.38995609863
Mozambique,MOZ,2004,934.133964844421
Myanmar,MMR,2024,5276.29433987853
Myanmar,MMR,2023,5364.13797034429
Myanmar,MMR,2022,5350.47666899931
Myanmar,MMR,2021,5178.44718217164
Myanmar,MMR,2020,5926.83450206681
Myanmar,MMR,2019,6562.98898478625
Myanmar,MMR,2018,6201.26341429803
Myanmar,MMR,2017,5877.87465558175
Myanmar,MMR,2016,5580.98977273232
Myanmar,MMR,2015,5313.88615901476
Myanmar,MMR,2014,5006.50667149767
Myanmar,MMR,2013,4666.95376141392
Myanmar,MMR,2012,4340.99945069174
Myanmar,MMR,2011,4078.61220919965
Myanmar,MMR,2010,3893.79030665874
Myanmar,MMR,2009,3578.17424704515
Myanmar,MMR,2008,3254.738978881
Myanmar,MMR,2007,2968.3033151236
Myanmar,MMR,2006,2669.32700379999
Myanmar,MMR,2005,2377.90258162976
Myanmar,MMR,2004,2110.23728495831
Namibia,NAM,2024,10276.3686426386
Namibia,NAM,2023,10126.2359555611
Namibia,NAM,2022,9953.09752403491
Namibia,NAM,2021,9709.09930646771
Namibia,NAM,2020,9652.24827219463
Namibia,NAM,2019,10813.3044681944
Namibia,NAM,2018,11214.38604306
Namibia,NAM,2017,11408.7253099967
Namibia,NAM,2016,11846.7880832757
Namibia,NAM,2015,12166.5658392058
Namibia,NAM,2014,11982.6963648348
Namibia,NAM,2013,11593.5753768689
Namibia,NAM,2012,11266.6089486464
Namibia,NAM,2011,10965.2729759535
Namibia,NAM,2010,10614.6201576671
Namibia,NAM,2009,10166.2899453939
Namibia,NAM,2008,10286.5124067605
Namibia,NAM,2007,10162.2400708746
Namibia,NAM,2006,9773.29833199798
Namibia,NAM,2005,9245.1365329555
Namibia,NAM,2004,9130.82442337694
Naoero,NRU,2024,11957.8785504229
Naoero,NRU,2023,11858.5184696436
Naoero,NRU,2022,12019.3492868791
Naoero,NRU,2021,12113.787764494
Naoero,NRU,2020,11306.0207729999
Naoero,NRU,2019,11184.5284927206
Naoero,NRU,2018,10402.6131019197
Naoero,NRU,2017,10633.2766406018
Naoero,NRU,2016,11531.3630078665
Naoero,NRU,2015,11271.9122695363
Naoero,NRU,2014,11114.3912279587
Naoero,NRU,2013,9799.7380290632
Naoero,NRU,2012,9640.80144364362
Naoero,NRU,2011,7882.14105570292
Naoero,NRU,2010,6909.24218919312
Naoero,NRU,2009,6927.86734285808
Naoero,NRU,2008,7340.51910638777
Naoero,NRU,2007,6110.38387689914
Naoero,NRU,2006,7830.71818547398
Naoero,NRU,2005,7209.75436644373
Naoero,NRU,2004,7201.87093721601
Nepal,NPL,2024,5047.42449022702
Nepal,NPL,2023,4861.230303797
Nepal,NPL,2022,4763.38751073946
Nepal,NPL,2021,4546.22970006289
Nepal,NPL,2020,4412.5420439395
Nepal,NPL,2019,4607.52454717112
Nepal,NPL,2018,4371.38571771897
Nepal,NPL,2017,4071.70431755798
Nepal,NPL,2016,3743.7445783578
Nepal,NPL,2015,3745.26182249477
Nepal,NPL,2014,3621.73168937112
Nepal,NPL,2013,3426.5579593796
Nepal,NPL,2012,3316.50073452021
Nepal,NPL,2011,3176.65040602417
Nepal,NPL,2010,3085.31407004502
Nepal,NPL,2009,2961.83900365912
Nepal,NPL,2008,2852.60983167965
Nepal,NPL,2007,2708.7143922589
Nepal,NPL,2006,2641.34799494749
Nepal,NPL,2005,2580.23106308364
Nepal,NPL,2004,2521.54105171428
Netherlands,NLD,2024,70493.9051219267
Netherlands,NLD,2023,70198.9546022361
Netherlands,NLD,2022,71324.0360229425
Netherlands,NLD,2021,68573.5648786447
Netherlands,NLD,2020,64862.1890353474
Netherlands,NLD,2019,67847.8818461095
Netherlands,NLD,2018,66758.2454283317
Netherlands,NLD,2017,65665.9910229578
Netherlands,NLD,2016,64267.7476553623
Netherlands,NLD,2015,63081.4083495966
Netherlands,NLD,2014,62045.849197561
Netherlands,NLD,2013,61281.3125686741
Netherlands,NLD,2012,61480.8416416324
Netherlands,NLD,2011,62318.1391154389
Netherlands,NLD,2010,61518.5768954231
Netherlands,NLD,2009,61029.7329801783
Netherlands,NLD,2008,63678.4005491428
Netherlands,NLD,2007,62601.6612832425
Netherlands,NLD,2006,60391.5155033324
Netherlands,NLD,2005,58422.0304069674
Netherlands,NLD,2004,57391.3516342059
New Zealand,NZL,2024,48325.3650985684
New Zealand,NZL,2023,49592.5875512098
New Zealand,NZL,2022,49842.9845334162
New Zealand,NZL,2021,48202.0913368233
New Zealand,NZL,2020,46326.3804672976
New Zealand,NZL,2019,47392.1933135172
New Zealand,NZL,2018,46974.6818400482
New Zealand,NZL,2017,46285.9810980642
New Zealand,NZL,2016,45746.135981069
New Zealand,NZL,2015,45097.016468387
New Zealand,NZL,2014,44369.7664241859
New Zealand,NZL,2013,43453.2814172317
New Zealand,NZL,2012,42693.4234516571
New Zealand,NZL,2011,41961.9202263641
New Zealand,NZL,2010,41395.370375582
New Zealand,NZL,2009,41250.9985717425
New Zealand,NZL,2008,41682.2459069155
New Zealand,NZL,2007,42473.1182614499
New Zealand,NZL,2006,41596.8311289998
New Zealand,NZL,2005,40970.295838255
New Zealand,NZL,2004,40091.1399487332
Nicaragua,NIC,2024,7661.09410113202
Nicaragua,NIC,2023,7496.53056557505
Nicaragua,NIC,2022,7277.82041652584
Nicaragua,NIC,2021,7119.16874782601
Nicaragua,NIC,2020,6523.36944661195
Nicaragua,NIC,2019,6756.59334024487
Nicaragua,NIC,2018,7049.02709828403
Nicaragua,NIC,2017,7391.19638215265
Nicaragua,NIC,2016,7158.75755467501
Nicaragua,NIC,2015,6939.03243274344
Nicaragua,NIC,2014,6712.21708286288
Nicaragua,NIC,2013,6494.14920922407
Nicaragua,NIC,2012,6275.78730248003
Nicaragua,NIC,2011,5976.25247519395
Nicaragua,NIC,2010,5701.12754906379
Nicaragua,NIC,2009,5538.36555049931
Nicaragua,NIC,2008,5809.09928522386
Nicaragua,NIC,2007,5697.2107429964
Nicaragua,NIC,2006,5500.40543544526
Nicaragua,NIC,2005,5356.95817825808
Nicaragua,NIC,2004,5204.38170601052
Niger,NER,2024,1795.65266888022
Niger,NER,2023,1712.97031726521
Niger,NER,2022,1724.89699425215
Niger,NER,2021,1587.84784907329
Niger,NER,2020,1622.27873602911
Niger,NER,2019,1605.19476569029
Niger,NER,2018,1565.01970005142
Niger,NER,2017,1515.48307317618
Niger,NER,2016,1488.08648074655
Niger,NER,2015,1480.39815168147
Niger,NER,2014,1471.50554729559
Niger,NER,2013,1431.71115490341
Niger,NER,2012,1411.52001409831
Niger,NER,2011,1325.92646987416
Niger,NER,2010,1344.4988701596
Niger,NER,2009,1285.27757373191
Niger,NER,2008,1308.2751730424
Niger,NER,2007,1260.18545165015
Niger,NER,2006,1267.601412271
Niger,NER,2005,1241.20064789059
Niger,NER,2004,1199.15937505794
Nigeria,NGA,2024,7994.03754470824
Nigeria,NGA,2023,7843.00399007675
Nigeria,NGA,2022,7752.26206495247
Nigeria,NGA,2021,7588.47885587002
Nigeria,NGA,2020,7664.21099575168
Nigeria,NGA,2019,8361.78664836
Nigeria,NGA,2018,8362.62330860296
Nigeria,NGA,2017,8396.78452243227
Nigeria,NGA,2016,8534.69281482375
Nigeria,NGA,2015,8892.05798673631
Nigeria,NGA,2014,8884.77428628672
Nigeria,NGA,2013,8581.20782264031
Nigeria,NGA,2012,8265.90551181051
Nigeria,NGA,2011,8153.53178650271
Nigeria,NGA,2010,7962.63957281031
Nigeria,NGA,2009,7581.40572089092
Nigeria,NGA,2008,7215.76946195762
Nigeria,NGA,2007,6949.42650711567
Nigeria,NGA,2006,6702.94533333874
Nigeria,NGA,2005,6496.93228175977
Nigeria,NGA,2004,6275.29894506434
North Macedonia,MKD,2024,24203.1855800189
North Macedonia,MKD,2023,23455.2221318176
North Macedonia,MKD,2022,22822.2333994259
North Macedonia,MKD,2021,22144.1924252732
North Macedonia,MKD,2020,20971.4421033593
North Macedonia,MKD,2019,21766.8842062487
North Macedonia,MKD,2018,20805.9221192555
North Macedonia,MKD,2017,20121.0510180726
North Macedonia,MKD,2016,19825.7724685057
North Macedonia,MKD,2015,19215.0740381192
North Macedonia,MKD,2014,18452.2062280148
North Macedonia,MKD,2013,17758.2275594412
North Macedonia,MKD,2012,17189.9956305456
North Macedonia,MKD,2011,17201.236162644
North Macedonia,MKD,2010,16731.0901838425
North Macedonia,MKD,2009,16084.2279730567
North Macedonia,MKD,2008,16038.0413530579
North Macedonia,MKD,2007,15118.2436719552
North Macedonia,MKD,2006,14118.2297877525
North Macedonia,MKD,2005,13354.4611473701
North Macedonia,MKD,2004,12683.3809111151
Norway,NOR,2024,94803.6704931641
Norway,NOR,2023,94364.9641754336
Norway,NOR,2022,95109.8201605729
Norway,NOR,2021,92205.7698636049
Norway,NOR,2020,89012.2723804504
Norway,NOR,2019,90772.9017041865
Norway,NOR,2018,90064.0687974358
Norway,NOR,2017,89664.9086415829
Norway,NOR,2016,88041.6414808956
Norway,NOR,2015,87688.1196708993
Norway,NOR,2014,86790.7924625691
Norway,NOR,2013,85973.7694976801
Norway,NOR,2012,85925.8723352057
Norway,NOR,2011,84670.8344398355
Norway,NOR,2010,84604.5143891947
Norway,NOR,2009,84812.6851277638
Norway,NOR,2008,87297.3980291813
Norway,NOR,2007,87670.8617980792
Norway,NOR,2006,85653.1367825864
Norway,NOR,2005,83955.3365007578
Norway,NOR,2004,82091.1935035949
Oman,OMN,2024,36721.0804548374
Oman,OMN,2023,37793.6163957515
Oman,OMN,2022,39780.2122774985
Oman,OMN,2021,38719.4587682049
Oman,OMN,2020,37560.5998714953
Oman,OMN,2019,38292.3859682752
Oman,OMN,2018,38673.6045360857
Oman,OMN,2017,38691.1077105097
Oman,OMN,2016,39860.9893909688
Oman,OMN,2015,39813.7887054675
Oman,OMN,2014,39639.9870514802
Oman,OMN,2013,40854.4853548905
Oman,OMN,2012,41964.0828578552
Oman,OMN,2011,44440.3092616125
Oman,OMN,2010,48191.6145135737
Oman,OMN,2009,48304.1178923167
Oman,OMN,2008,46586.3955926767
Oman,OMN,2007,43696.9691440917
Oman,OMN,2006,42540.4398485334
Oman,OMN,2005,41551.1413844552
Oman,OMN,2004,41351.7687385072
Pakistan,PAK,2024,5502.0736120186
Pakistan,PAK,2023,5418.7693189297
Pakistan,PAK,2022,5526.27928310213
Pakistan,PAK,2021,5367.27364714762
Pakistan,PAK,2020,5135.01459288839
Pakistan,PAK,2019,5295.95295138203
Pakistan,PAK,2018,5255.06350681272
Pakistan,PAK,2017,5031.56060738433
Pakistan,PAK,2016,4886.61212115378
Pakistan,PAK,2015,4645.28631071145
Pakistan,PAK,2014,4520.23463399286
Pakistan,PAK,2013,4407.14705841377
Pakistan,PAK,2012,4292.02110293486
Pakistan,PAK,2011,4246.06710882497
Pakistan,PAK,2010,4228.7817715945
Pakistan,PAK,2009,4270.43882264229
Pakistan,PAK,2008,4233.34830715497
Pakistan,PAK,2007,4257.92556870432
Pakistan,PAK,2006,4185.86655659206
Pakistan,PAK,2005,4042.15457513378
Pakistan,PAK,2004,3859.64601808903
Palau,PLW,2024,18499.9921921281
Palau,PLW,2023,16487.15375427
Palau,PLW,2022,16258.6271292912
Palau,PLW,2021,16312.190220013
Palau,PLW,2020,18509.2491855913
Palau,PLW,2019,19685.6037989273
Palau,PLW,2018,19608.9617027822
Palau,PLW,2017,19693.4082379382
Palau,PLW,2016,20408.2613269723
Palau,PLW,2015,20104.2315379069
Palau,PLW,2014,18574.7889489655
Palau,PLW,2013,17891.3784371353
Palau,PLW,2012,18024.7540996872
Palau,PLW,2011,17354.9336767951
Palau,PLW,2010,16313.4287679398
Palau,PLW,2009,16541.1206311875
Palau,PLW,2008,17355.2423019079
Palau,PLW,2007,18096.7989531775
Palau,PLW,2006,17706.3673621904
Palau,PLW,2005,17464.6208167636
Palau,PLW,2004,16974.0682933412
Panama,PAN,2024,36394.9235366316
Panama,PAN,2023,35872.9719200069
Panama,PAN,2022,33915.1693306309
Panama,PAN,2021,30932.7627780514
Panama,PAN,2020,26881.8277221689
Panama,PAN,2019,33163.7172814857
Panama,PAN,2018,32681.4729886331
Panama,PAN,2017,31979.8246437748
Panama,PAN,2016,30765.2490653506
Panama,PAN,2015,29933.1671530011
Panama,PAN,2014,28931.8156401199
Panama,PAN,2013,28135.3387835383
Panama,PAN,2012,26926.8956928065
Panama,PAN,2011,24999.4702655482
Panama,PAN,2010,22739.1194141341
Panama,PAN,2009,21822.996136155
Panama,PAN,2008,21867.8272186787
Panama,PAN,2007,20208.8293911964
Panama,PAN,2006,18190.281154717
Panama,PAN,2005,16867.9674513124
Panama,PAN,2004,15875.1188201453
Papua New Guinea,PNG,2024,4292.71205430013
Papua New Guinea,PNG,2023,4206.37834691367
Papua New Guinea,PNG,2022,4126.03032145403
Papua New Guinea,PNG,2021,3977.44297360749
Papua New Guinea,PNG,2020,4078.15378358566
Papua New Guinea,PNG,2019,4302.16255230002
Papua New Guinea,PNG,2018,4211.68504310327
Papua New Guinea,PNG,2017,4322.77662200998
Papua New Guinea,PNG,2016,4276.29643263164
Papua New Guinea,PNG,2015,4155.05563962107
Papua New Guinea,PNG,2014,3999.13038811865
Papua New Guinea,PNG,2013,3615.74646029074
Papua New Guinea,PNG,2012,3577.91014722774
Papua New Guinea,PNG,2011,3515.28312517363
Papua New Guinea,PNG,2010,3579.63000710983
Papua New Guinea,PNG,2009,3350.07263964739
Papua New Guinea,PNG,2008,3234.33247673
Papua New Guinea,PNG,2007,3346.27900337124
Papua New Guinea,PNG,2006,3202.89763507367
Papua New Guinea,PNG,2005,3136.98756942536
Papua New Guinea,PNG,2004,3046.72321896172
Paraguay,PRY,2024,16367.4940166481
Paraguay,PRY,2023,15831.5849831308
Paraguay,PRY,2022,15222.8920228598
Paraguay,PRY,2021,15400.9446332428
Paraguay,PRY,2020,14989.7667130162
Paraguay,PRY,2019,15319.3889991221
Paraguay,PRY,2018,15591.0142663085
Paraguay,PRY,2017,15318.4012187276
Paraguay,PRY,2016,14824.7906280812
Paraguay,PRY,2015,14425.777586033
Paraguay,PRY,2014,14217.5580896983
Paraguay,PRY,2013,13698.9722320262
Paraguay,PRY,2012,12833.1801619413
Paraguay,PRY,2011,13107.8104435989
Paraguay,PRY,2010,12736.9672867807
Paraguay,PRY,2009,11599.8198579092
Paraguay,PRY,2008,11749.6546354418
Paraguay,PRY,2007,11140.4629098064
Paraguay,PRY,2006,10671.6449984385
Paraguay,PRY,2005,10288.800866577
Paraguay,PRY,2004,10185.9074387779
Peru,PER,2024,15708.8329440963
Peru,PER,2023,15342.2741359642
Peru,PER,2022,15566.5242612563
Peru,PER,2021,15285.7706852395
Peru,PER,2020,13607.7640705828
Peru,PER,2019,15461.4572585466
Peru,PER,2018,15384.1846082423
Peru,PER,2017,15067.489279382
Peru,PER,2016,14915.4366324454
Peru,PER,2015,14540.8313160635
Peru,PER,2014,14242.6444760801
Peru,PER,2013,14050.2420319137
Peru,PER,2012,13393.5923851679
Peru,PER,2011,12724.8832049429
Peru,PER,2010,12057.3912963716
Peru,PER,2009,11202.8654418496
Peru,PER,2008,11150.0262166889
Peru,PER,2007,10284.9672238506
Peru,PER,2006,9546.62529545456
Peru,PER,2005,8948.74710742664
Peru,PER,2004,8494.84031217202
Philippines,PHL,2024,10378.1717703535
Philippines,PHL,2023,9898.53294588106
Philippines,PHL,2022,9457.10395402883
Philippines,PHL,2021,8857.78995115514
Philippines,PHL,2020,8455.18457134106
Philippines,PHL,2019,9452.2939715981
Philippines,PHL,2018,9016.28659637608
Philippines,PHL,2017,8584.13622709699
Philippines,PHL,2016,8131.82537948653
Philippines,PHL,2015,7691.76308685047
Philippines,PHL,2014,7340.361585912
Philippines,PHL,2013,7016.53846470436
Philippines,PHL,2012,6697.55620962768
Philippines,PHL,2011,6388.31296959977
Philippines,PHL,2010,6273.03927731515
Philippines,PHL,2009,5965.30730902221
Philippines,PHL,2008,5987.03757861835
Philippines,PHL,2007,5840.06810169965
Philippines,PHL,2006,5578.57225112139
Philippines,PHL,2005,5386.81653712891
Philippines,PHL,2004,5229.45080700165
Poland,POL,2024,45153.0439773281
Poland,POL,2023,43672.7668014946
Poland,POL,2022,43405.0215797441
Poland,POL,2021,41059.5847829682
Poland,POL,2020,37852.8021313639
Poland,POL,2019,38181.6230334689
Poland,POL,2018,36500.4114282584
Poland,POL,2017,34354.5987616319
Poland,POL,2016,32675.3052259954
Poland,POL,2015,31700.3682364154
Poland,POL,2014,30334.8786569618
Poland,POL,2013,29168.624211075
Poland,POL,2012,28952.9157305301
Poland,POL,2011,28521.6612623568
Poland,POL,2010,27112.1333797381
Poland,POL,2009,26204.410367111
Poland,POL,2008,25553.9058406534
Poland,POL,2007,24484.0656663756
Poland,POL,2006,22921.1975887696
Poland,POL,2005,21568.9476594356
Poland,POL,2004,20878.6545002534
Portugal,PRT,2024,42228.1580446502
Portugal,PRT,2023,41768.2583096874
Portugal,PRT,2022,41070.8611529744
Portugal,PRT,2021,38657.6677223429
Portugal,PRT,2020,36852.2287338103
Portugal,PRT,2019,40188.2868799223
Portugal,PRT,2018,39123.6151282575
Portugal,PRT,2017,37943.1150505677
Portugal,PRT,2016,36636.2978441636
Portugal,PRT,2015,35803.3575649772
Portugal,PRT,2014,35097.4098263232
Portugal,PRT,2013,34651.7719455059
Portugal,PRT,2012,34804.6333340484
Portugal,PRT,2011,36127.2949766157
Portugal,PRT,2010,36703.1141882825
Portugal,PRT,2009,36092.8109314688
Portugal,PRT,2008,37291.5048969664
Portugal,PRT,2007,37226.4702626704
Portugal,PRT,2006,36387.5367379523
Portugal,PRT,2005,35870.3092741502
Portugal,PRT,2004,35658.1298257507
Puerto Rico (US),PRI,2024,44216.4333367133
Puerto Rico (US),PRI,2023,42837.872737145
Puerto Rico (US),PRI,2022,42310.8139725719
Puerto Rico (US),PRI,2021,40559.226188957
Puerto Rico (US),PRI,2020,40171.3744461738
Puerto Rico (US),PRI,2019,41656.3291581369
Puerto Rico (US),PRI,2018,41119.3088051648
Puerto Rico (US),PRI,2017,41479.9977732034
Puerto Rico (US),PRI,2016,41858.2626698462
Puerto Rico (US),PRI,2015,41737.6068571153
Puerto Rico (US),PRI,2014,41593.6798280708
Puerto Rico (US),PRI,2013,41556.7852350074
Puerto Rico (US),PRI,2012,41347.4542013586
Puerto Rico (US),PRI,2011,40972.5364074959
Puerto Rico (US),PRI,2010,40777.6892825687
Puerto Rico (US),PRI,2009,40772.3514249612
Puerto Rico (US),PRI,2008,41358.0689136668
Puerto Rico (US),PRI,2007,41888.6232716478
Puerto Rico (US),PRI,2006,42133.9682748773
Puerto Rico (US),PRI,2005,42555.7081189669
Puerto Rico (US),PRI,2004,43355.8226365269
Qatar,QAT,2024,111314.250355891
Qatar,QAT,2023,116159.142564088
Qatar,QAT,2022,114740.12361423
Qatar,QAT,2021,116832.570294098
Qatar,QAT,2020,103061.913422502
Qatar,QAT,2019,113160.973779334
Qatar,QAT,2018,114909.945485127
Qatar,QAT,2017,115064.943662853
Qatar,QAT,2016,120054.408736518
Qatar,QAT,2015,123070.887876565
Qatar,QAT,2014,128013.987050891
Qatar,QAT,2013,138046.596315458
Qatar,QAT,2012,147077.406092637
Qatar,QAT,2011,149025.116325024
Qatar,QAT,2010,132502.281828313
Qatar,QAT,2009,114069.652335284
Qatar,QAT,2008,114879.221727674
Qatar,QAT,2007,115272.510003238
Qatar,QAT,2006,121378.43895737
Qatar,QAT,2005,113384.267001706
Qatar,QAT,2004,112583.929924606
Romania,ROU,2024,40503.8323253789
Romania,ROU,2023,40116.6891416904
Romania,ROU,2022,39256.8260854977
Romania,ROU,2021,37534.0002643549
Romania,ROU,2020,35283.6060358241
Romania,ROU,2019,36399.4746080793
Romania,ROU,2018,34828.8958637884
Romania,ROU,2017,32852.6355672255
Romania,ROU,2016,30189.147723024
Romania,ROU,2015,29181.8781722441
Romania,ROU,2014,28156.1307843293
Romania,ROU,2013,26941.9318849595
Romania,ROU,2012,26767.4556487181
Romania,ROU,2011,26150.7476231736
Romania,ROU,2010,24902.9044891466
Romania,ROU,2009,25761.6305517205
Romania,ROU,2008,27039.6000864291
Romania,ROU,2007,24328.3931332788
Romania,ROU,2006,22354.5637860053
Romania,ROU,2005,20570.925514681
Romania,ROU,2004,19532.4800205184
Russian Federation,RUS,2024,41891.171875
Russian Federation,RUS,2023,39881.44921875
Russian Federation,RUS,2022,38214.69140625
Russian Federation,RUS,2021,38638.4296875
Russian Federation,RUS,2020,36376.3359375
Russian Federation,RUS,2019,37319.3203125
Russian Federation,RUS,2018,36536.6953125
Russian Federation,RUS,2017,35570.703125
Russian Federation,RUS,2016,35005.4453125
Russian Federation,RUS,2015,35037.15234375
Russian Federation,RUS,2014,35853.24609375
Russian Federation,RUS,2013,36260.06640625
Russian Federation,RUS,2012,35740.69921875
Russian Federation,RUS,2011,34444.64453125
Russian Federation,RUS,2010,33063.5859375
Russian Federation,RUS,2009,31654.00390625
Russian Federation,RUS,2008,34342.2265625
Russian Federation,RUS,2007,32630.369140625
Russian Federation,RUS,2006,30022.671875
Russian Federation,RUS,2005,27656.658203125
Russian Federation,RUS,2004,25894.146484375
Rwanda,RWA,2024,3325.00769683815
Rwanda,RWA,2023,3168.03075281515
Rwanda,RWA,2022,2983.10774007304
Rwanda,RWA,2021,2776.39276387923
Rwanda,RWA,2020,2617.70706034364
Rwanda,RWA,2019,2753.53959810856
Rwanda,RWA,2018,2577.69730366075
Rwanda,RWA,2017,2441.08540816509
Rwanda,RWA,2016,2386.74841002826
Rwanda,RWA,2015,2313.09716940962
Rwanda,RWA,2014,2176.09492014666
Rwanda,RWA,2013,2109.74668811567
Rwanda,RWA,2012,2063.66474823031
Rwanda,RWA,2011,1945.53705383878
Rwanda,RWA,2010,1846.86326840066
Rwanda,RWA,2009,1764.63484961094
Rwanda,RWA,2008,1704.25449057727
Rwanda,RWA,2007,1573.96811218011
Rwanda,RWA,2006,1501.7646218593
Rwanda,RWA,2005,1412.06107949967
Rwanda,RWA,2004,1325.79557312503
Samoa,WSM,2024,7687.23425552485
Samoa,WSM,2023,7384.69163688613
Samoa,WSM,2022,6450.19151677842
Samoa,WSM,2021,6350.92787033711
Samoa,WSM,2020,6746.15667963109
Samoa,WSM,2019,7034.42233036815
Samoa,WSM,2018,6805.91709392797
Samoa,WSM,2017,6919.90225366914
Samoa,WSM,2016,6888.18769751001
Samoa,WSM,2015,6433.1839621351
Samoa,WSM,2014,6248.70534550413
Samoa,WSM,2013,6263.12610411359
Samoa,WSM,2012,6312.76944621145
Samoa,WSM,2011,6617.61889509588
Samoa,WSM,2010,6428.13508590333
Samoa,WSM,2009,6104.90962936041
Samoa,WSM,2008,6183.55546849942
Samoa,WSM,2007,6014.046762066
Samoa,WSM,2006,6018.2480546697
Samoa,WSM,2005,5915.6475736791
Samoa,WSM,2004,5569.06081180669
San Marino,SMR,2023,70951.7919690715
San Marino,SMR,2022,70887.5780565982
San Marino,SMR,2021,64745.1322795901
San Marino,SMR,2020,55998.0734625278
San Marino,SMR,2019,60171.0506033928
San Marino,SMR,2018,59194.04440794
San Marino,SMR,2017,59524.5606827202
San Marino,SMR,2016,60669.8228947966
San Marino,SMR,2015,59647.6600146934
San Marino,SMR,2014,58743.5863890151
San Marino,SMR,2013,58467.9789128485
San Marino,SMR,2012,58176.3797454761
San Marino,SMR,2011,64214.120906595
San Marino,SMR,2010,68669.2549485757
San Marino,SMR,2009,73093.8341489444
San Marino,SMR,2008,85120.2897275883
San Marino,SMR,2007,86785.0210208274
San Marino,SMR,2006,83781.550199101
San Marino,SMR,2005,81632.1776324722
San Marino,SMR,2004,80724.8114711728
Sao Tome and Principe,STP,2024,5511.87785469752
Sao Tome and Principe,STP,2023,5541.3016760535
Sao Tome and Principe,STP,2022,5632.13890715047
Sao Tome and Principe,STP,2021,5732.69456061536
Sao Tome and Principe,STP,2020,5742.94724858826
Sao Tome and Principe,STP,2019,5702.08347071236
Sao Tome and Principe,STP,2018,5674.72379094011
Sao Tome and Principe,STP,2017,5521.20249597413
Sao Tome and Principe,STP,2016,5388.5091334891
Sao Tome and Principe,STP,2015,5210.2037755431
Sao Tome and Principe,STP,2014,5223.09572886388
Sao Tome and Principe,STP,2013,5072.11200195866
Sao Tome and Principe,STP,2012,4919.55294386577
Sao Tome and Principe,STP,2011,4876.47315792145
Sao Tome and Principe,STP,2010,4882.04796466341
Sao Tome and Principe,STP,2009,4919.19529822865
Sao Tome and Principe,STP,2008,4873.1813112046
Sao Tome and Principe,STP,2007,4698.08416961839
Sao Tome and Principe,STP,2006,4644.18044669991
Sao Tome and Principe,STP,2005,4371.49721644128
Sao Tome and Principe,STP,2004,4202.56186898775
Saudi Arabia,SAU,2024,63194.4332528832
Saudi Arabia,SAU,2023,64481.8441927288
Saudi Arabia,SAU,2022,67178.5902274906
Saudi Arabia,SAU,2021,62690.4966645929
Saudi Arabia,SAU,2020,57420.7335736424
Saudi Arabia,SAU,2019,62647.7299487842
Saudi Arabia,SAU,2018,61359.4653740388
Saudi Arabia,SAU,2017,57942.5484983044
Saudi Arabia,SAU,2016,57308.4484127497
Saudi Arabia,SAU,2015,58498.5399040699
Saudi Arabia,SAU,2014,58872.2671400126
Saudi Arabia,SAU,2013,57998.4644619155
Saudi Arabia,SAU,2012,59471.7001909394
Saudi Arabia,SAU,2011,58645.4459416531
Saudi Arabia,SAU,2010,54911.547517012
Saudi Arabia,SAU,2009,51760.7643987566
Saudi Arabia,SAU,2008,54407.7081673247
Saudi Arabia,SAU,2007,53318.4191601834
Saudi Arabia,SAU,2006,54373.737695386
Saudi Arabia,SAU,2005,54931.7942450845
Saudi Arabia,SAU,2004,54196.5514152953
Senegal,SEN,2024,4477.81736836258
Senegal,SEN,2023,4304.76148721773
Senegal,SEN,2022,4228.73382643662
Senegal,SEN,2021,4173.67741399617
Senegal,SEN,2020,4018.04129279044
Senegal,SEN,2019,4070.6122705955
Senegal,SEN,2018,3998.28635303867
Senegal,SEN,2017,3871.45146786374
Senegal,SEN,2016,3710.05531591559
Senegal,SEN,2015,3593.79477121279
Senegal,SEN,2014,3484.01219750661
Senegal,SEN,2013,3385.425906874
Senegal,SEN,2012,3405.10864461668
Senegal,SEN,2011,3362.87940538165
Senegal,SEN,2010,3403.56707166762
Senegal,SEN,2009,3371.46166689451
Senegal,SEN,2008,3359.70567091144
Senegal,SEN,2007,3316.42037835596
Senegal,SEN,2006,3301.03152415011
Senegal,SEN,2005,3301.82076161633
Senegal,SEN,2004,3240.30201670643
Serbia,SRB,2024,26900.7415340646
Serbia,SRB,2023,25735.1334774195
Serbia,SRB,2022,24651.8478183529
Serbia,SRB,2021,23406.3065657117
Serbia,SRB,2020,21479.0788553347
Serbia,SRB,2019,21541.1264037184
Serbia,SRB,2018,20454.225884367
Serbia,SRB,2017,19438.9917129776
Serbia,SRB,2016,18889.3816415548
Serbia,SRB,2015,18247.8091057968
Serbia,SRB,2014,17922.4357685757
Serbia,SRB,2013,18163.2047330246
Serbia,SRB,2012,17993.8147169993
Serbia,SRB,2011,17986.5840283539
Serbia,SRB,2010,17841.4312599018
Serbia,SRB,2009,17488.1227241581
Serbia,SRB,2008,17983.2811855695
Serbia,SRB,2007,17028.0866985832
Serbia,SRB,2006,15727.4033683685
Serbia,SRB,2005,15077.5586462578
Serbia,SRB,2004,14194.3651317933
Seychelles,SYC,2024,29288.019181519
Seychelles,SYC,2023,28713.6672353088
Seychelles,SYC,2022,27275.6883819803
Seychelles,SYC,2021,29979.8272686091
Seychelles,SYC,2020,30056.1994300968
Seychelles,SYC,2019,34346.0708923483
Seychelles,SYC,2018,32841.4242467381
Seychelles,SYC,2017,31595.6680570505
Seychelles,SYC,2016,29905.1347389952
Seychelles,SYC,2015,27032.2083880002
Seychelles,SYC,2014,25379.4180707013
Seychelles,SYC,2013,24770.6514591794
Seychelles,SYC,2012,24919.955210328
Seychelles,SYC,2011,24406.4129764105
Seychelles,SYC,2010,21708.7554506566
Seychelles,SYC,2009,21361.1307875284
Seychelles,SYC,2008,21990.3685269705
Seychelles,SYC,2007,23117.8555224771
Seychelles,SYC,2006,21341.8597526003
Seychelles,SYC,2005,19917.1194534221
Seychelles,SYC,2004,18356.4711447212
Sierra Leone,SLE,2024,3098.76290446676
Sierra Leone,SLE,2023,3034.94608192505
Sierra Leone,SLE,2022,2934.7332634039
Sierra Leone,SLE,2021,2849.38865839009
Sierra Leone,SLE,2020,2752.62615355663
Sierra Leone,SLE,2019,2852.66269829967
Sierra Leone,SLE,2018,2767.38003296688
Sierra Leone,SLE,2017,2753.42719762222
Sierra Leone,SLE,2016,2732.26093913215
Sierra Leone,SLE,2015,2628.17058065746
Sierra Leone,SLE,2014,2812.5283210882
Sierra Leone,SLE,2013,3124.72832355066
Sierra Leone,SLE,2012,2792.92626459232
Sierra Leone,SLE,2011,2590.52839404167
Sierra Leone,SLE,2010,2459.76814343236
Sierra Leone,SLE,2009,2376.58254446039
Sierra Leone,SLE,2008,2404.65198710572
Sierra Leone,SLE,2007,2377.80530040404
Sierra Leone,SLE,2006,2342.75461064658
Sierra Leone,SLE,2005,2296.65767816581
Sierra Leone,SLE,2004,2260.83818892177
Singapore,SGP,2024,134548.764138482
Singapore,SGP,2023,130296.843789261
Singapore,SGP,2022,134828.001392614
Singapore,SGP,2021,133990.186782104
Singapore,SGP,2020,116684.213596572
Singapore,SGP,2019,120678.341978557
Singapore,SGP,2018,120668.888726158
Singapore,SGP,2017,117492.967994526
Singapore,SGP,2016,112719.947951111
Singapore,SGP,2015,109894.041337341
Singapore,SGP,2014,107990.891202625
Singapore,SGP,2013,105259.693561054
Singapore,SGP,2012,102061.11936105
Singapore,SGP,2011,100153.729405945
Singapore,SGP,2010,96280.0168756448
Singapore,SGP,2009,85575.755106675
Singapore,SGP,2008,88083.2853664583
Singapore,SGP,2007,91198.1515708456
Singapore,SGP,2006,87210.0480467646
Singapore,SGP,2005,82547.482835778
Singapore,SGP,2004,78712.5347297388
Sint Maarten (Dutch part),SXM,2024,47303.1946453277
Sint Maarten (Dutch part),SXM,2023,46571.08813424
Sint Maarten (Dutch part),SXM,2022,45515.6528430026
Sint Maarten (Dutch part),SXM,2021,40507.0672411717
Sint Maarten (Dutch part),SXM,2020,39265.7616790568
Sint Maarten (Dutch part),SXM,2019,45996.7912346922
Sint Maarten (Dutch part),SXM,2018,42154.1020267504
Sint Maarten (Dutch part),SXM,2017,46088.3583839152
Sint Maarten (Dutch part),SXM,2016,50817.6814942681
Sint Maarten (Dutch part),SXM,2015,51375.6032503737
Sint Maarten (Dutch part),SXM,2014,52439.4736756048
Sint Maarten (Dutch part),SXM,2013,52801.4031054792
Sint Maarten (Dutch part),SXM,2012,53357.003462797
Sint Maarten (Dutch part),SXM,2011,53786.2462000327
Sint Maarten (Dutch part),SXM,2010,52140.59965779
Sint Maarten (Dutch part),SXM,2009,50980.9400838983
Slovak Republic,SVK,2024,40302.4514288424
Slovak Republic,SVK,2023,39501.9474231962
Slovak Republic,SVK,2022,38648.9855746919
Slovak Republic,SVK,2021,38330.302743447
Slovak Republic,SVK,2020,36201.4863805533
Slovak Republic,SVK,2019,37194.2104548698
Slovak Republic,SVK,2018,36415.7920529507
Slovak Republic,SVK,2017,35042.7858925618
Slovak Republic,SVK,2016,34116.4502039273
Slovak Republic,SVK,2015,33507.7913603774
Slovak Republic,SVK,2014,31888.805351531
Slovak Republic,SVK,2013,31078.1848215695
Slovak Republic,SVK,2012,30894.3118010926
Slovak Republic,SVK,2011,30468.8257049455
Slovak Republic,SVK,2010,29745.9196662166
Slovak Republic,SVK,2009,27880.4111227638
Slovak Republic,SVK,2008,29544.090596762
Slovak Republic,SVK,2007,28064.2457264668
Slovak Republic,SVK,2006,25331.8740217421
Slovak Republic,SVK,2005,23257.1758521642
Slovak Republic,SVK,2004,21842.9563752621
Slovenia,SVN,2024,48658.0265180267
Slovenia,SVN,2023,47986.4195855821
Slovenia,SVN,2022,47058.8865960028
Slovenia,SVN,2021,45922.6632600134
Slovenia,SVN,2020,42471.5228031277
Slovenia,SVN,2019,44577.9418583069
Slovenia,SVN,2018,43369.221946981
Slovenia,SVN,2017,41700.651085028
Slovenia,SVN,2016,39674.8931561968
Slovenia,SVN,2015,38534.6437425951
Slovenia,SVN,2014,37662.2559898098
Slovenia,SVN,2013,36685.7496645094
Slovenia,SVN,2012,37040.7082746106
Slovenia,SVN,2011,38233.2905622851
Slovenia,SVN,2010,38063.314683572
Slovenia,SVN,2009,37809.1735513927
Slovenia,SVN,2008,41286.3462491223
Slovenia,SVN,2007,40002.7018991991
Slovenia,SVN,2006,37546.4956078863
Slovenia,SVN,2005,35565.0427189638
Slovenia,SVN,2004,34304.5565023331
Solomon Islands,SLB,2024,2353.54960111186
Solomon Islands,SLB,2023,2339.87469992347
Solomon Islands,SLB,2022,2330.40164523401
Solomon Islands,SLB,2021,2450.18399709553
Solomon Islands,SLB,2020,2515.46369413305
Solomon Islands,SLB,2019,2661.95770893588
Solomon Islands,SLB,2018,2686.46317027984
Solomon Islands,SLB,2017,2704.00988015555
Solomon Islands,SLB,2016,2715.58152252659
Solomon Islands,SLB,2015,2665.06620679799
Solomon Islands,SLB,2014,2716.77005403122
Solomon Islands,SLB,2013,2783.94856666363
Solomon Islands,SLB,2012,2743.8100151451
Solomon Islands,SLB,2011,2777.83439007893
Solomon Islands,SLB,2010,2682.62900140516
Solomon Islands,SLB,2009,2515.21324036507
Solomon Islands,SLB,2008,2490.10207495758
Solomon Islands,SLB,2007,2384.62333040945
Solomon Islands,SLB,2006,2340.95143662493
Solomon Islands,SLB,2005,2287.56668822715
Solomon Islands,SLB,2004,2168.78371648018
"Somalia, Fed. Rep.",SOM,2024,1409.33492233283
"Somalia, Fed. Rep.",SOM,2023,1401.64735228455
"Somalia, Fed. Rep.",SOM,2022,1387.54753732191
"Somalia, Fed. Rep.",SOM,2021,1392.31782053371
"Somalia, Fed. Rep.",SOM,2020,1396.05544674978
"Somalia, Fed. Rep.",SOM,2019,1491.29493918405
"Somalia, Fed. Rep.",SOM,2018,1504.97908203481
"Somalia, Fed. Rep.",SOM,2017,1527.66029071648
"Somalia, Fed. Rep.",SOM,2016,1384.15517410124
"Somalia, Fed. Rep.",SOM,2015,1343.92517439594
"Somalia, Fed. Rep.",SOM,2014,1259.27432882605
"Somalia, Fed. Rep.",SOM,2013,1197.72166459722
"Somalia, Fed. Rep.",SOM,2012,1114.8041489283
"Somalia, Fed. Rep.",SOM,2011,1054.36214979093
"Somalia, Fed. Rep.",SOM,2010,995.225555512017
"Somalia, Fed. Rep.",SOM,2009,956.220325392593
"Somalia, Fed. Rep.",SOM,2008,919.132083453107
"Somalia, Fed. Rep.",SOM,2007,887.369352235607
"Somalia, Fed. Rep.",SOM,2006,857.993655902122
"Somalia, Fed. Rep.",SOM,2005,830.807245939502
"Somalia, Fed. Rep.",SOM,2004,803.059780580226
South Africa,ZAF,2024,13597.6538495998
South Africa,ZAF,2023,13695.3755694076
South Africa,ZAF,2022,13767.4967589936
South Africa,ZAF,2021,13681.9548144813
South Africa,ZAF,2020,13250.5666594456
South Africa,ZAF,2019,14352.6698709871
South Africa,ZAF,2018,14553.5615668957
South Africa,ZAF,2017,14573.5980840004
South Africa,ZAF,2016,14501.2807823402
South Africa,ZAF,2015,14541.6748613669
South Africa,ZAF,2014,14643.3384782936
South Africa,ZAF,2013,14681.096638957
South Africa,ZAF,2012,14563.7624041032
South Africa,ZAF,2011,14434.2611456048
South Africa,ZAF,2010,14164.9958363115
South Africa,ZAF,2009,13910.7017093394
South Africa,ZAF,2008,14297.6887802632
South Africa,ZAF,2007,14016.2444716386
South Africa,ZAF,2006,13444.2332126058
South Africa,ZAF,2005,12861.5633089114
South Africa,ZAF,2004,12341.2102655828
Spain,ESP,2024,48460.2914069661
Spain,ESP,2023,47322.5937004504
Spain,ESP,2022,46733.4809780536
Spain,ESP,2021,44251.6658222621
Spain,ESP,2020,41553.4477945675
Spain,ESP,2019,46896.4171141424
Spain,ESP,2018,46325.2099441141
Spain,ESP,2017,45446.2508575695
Spain,ESP,2016,44274.6676149922
Spain,ESP,2015,43053.761430314
Spain,ESP,2014,41339.4111169417
Spain,ESP,2013,40594.914008768
Spain,ESP,2012,41034.0481566356
Spain,ESP,2011,42271.8346788238
Spain,ESP,2010,42695.5274189933
Spain,ESP,2009,42852.220888454
Spain,ESP,2008,44926.348951812
Spain,ESP,2007,45301.2843416374
Spain,ESP,2006,44572.6815459931
Spain,ESP,2005,43570.7652574033
Spain,ESP,2004,42793.3902326006
Sri Lanka,LKA,2024,13793.0669827677
Sri Lanka,LKA,2023,13065.0698305722
Sri Lanka,LKA,2022,13249.0650505201
Sri Lanka,LKA,2021,14316.1352225567
Sri Lanka,LKA,2020,13886.6513728689
Sri Lanka,LKA,2019,14637.4442912676
Sri Lanka,LKA,2018,14759.8248945226
Sri Lanka,LKA,2017,14572.4858214616
Sri Lanka,LKA,2016,13845.6146782218
Sri Lanka,LKA,2015,13329.779343882
Sri Lanka,LKA,2014,12909.9663068113
Sri Lanka,LKA,2013,12249.7223347846
Sri Lanka,LKA,2012,11447.6937737782
Sri Lanka,LKA,2011,10618.4925999722
Sri Lanka,LKA,2010,9832.18622335265
Sri Lanka,LKA,2009,9156.31906481264
Sri Lanka,LKA,2008,8897.82686005016
Sri Lanka,LKA,2007,8454.20675331505
Sri Lanka,LKA,2006,7970.6649101939
Sri Lanka,LKA,2005,7452.7423412297
Sri Lanka,LKA,2004,7059.91098067102
St. Kitts and Nevis,KNA,2024,30656.4410109367
St. Kitts and Nevis,KNA,2023,30616.577281386
St. Kitts and Nevis,KNA,2022,29749.8700864823
St. Kitts and Nevis,KNA,2021,26896.6177065978
St. Kitts and Nevis,KNA,2020,26736.9283563771
St. Kitts and Nevis,KNA,2019,31512.1943105684
St. Kitts and Nevis,KNA,2018,30576.2486749244
St. Kitts and Nevis,KNA,2017,29948.9200065682
St. Kitts and Nevis,KNA,2016,29867.0265589791
St. Kitts and Nevis,KNA,2015,28729.566447667
St. Kitts and Nevis,KNA,2014,28530.3072249013
St. Kitts and Nevis,KNA,2013,26532.1016561725
St. Kitts and Nevis,KNA,2012,25114.0572603244
St. Kitts and Nevis,KNA,2011,25380.0087348215
St. Kitts and Nevis,KNA,2010,24997.5672513428
St. Kitts and Nevis,KNA,2009,24973.8045286303
St. Kitts and Nevis,KNA,2008,25898.7823620981
St. Kitts and Nevis,KNA,2007,23330.0442404195
St. Kitts and Nevis,KNA,2006,23258.9842253211
St. Kitts and Nevis,KNA,2005,22612.7126559455
St. Kitts and Nevis,KNA,2004,20661.3458642993
St. Lucia,LCA,2024,24699.9694711589
St. Lucia,LCA,2023,23636.0265940253
St. Lucia,LCA,2022,22811.2524480383
St. Lucia,LCA,2021,19141.3272253168
St. Lucia,LCA,2020,17247.9578674753
St. Lucia,LCA,2019,22445.2080507874
St. Lucia,LCA,2018,22761.1613461447
St. Lucia,LCA,2017,22207.2131041263
St. Lucia,LCA,2016,21566.3058799575
St. Lucia,LCA,2015,20939.8810312364
St. Lucia,LCA,2014,21010.6981919895
St. Lucia,LCA,2013,20827.2886025849
St. Lucia,LCA,2012,21309.2251296295
St. Lucia,LCA,2011,21430.0225948015
St. Lucia,LCA,2010,20648.7861045765
St. Lucia,LCA,2009,20706.505527623
St. Lucia,LCA,2008,21443.2592977841
St. Lucia,LCA,2007,20559.8974830119
St. Lucia,LCA,2006,20353.6533720188
St. Lucia,LCA,2005,19303.9921315127
St. Lucia,LCA,2004,19526.4461369718
St. Vincent and the Grenadines,VCT,2024,18714.198849353
St. Vincent and the Grenadines,VCT,2023,17858.2446468702
St. Vincent and the Grenadines,VCT,2022,16835.023514541
St. Vincent and the Grenadines,VCT,2021,16200.8994597845
St. Vincent and the Grenadines,VCT,2020,15763.7054382539
St. Vincent and the Grenadines,VCT,2019,16365.3255785124
St. Vincent and the Grenadines,VCT,2018,16139.0661084965
St. Vincent and the Grenadines,VCT,2017,15533.2212821544
St. Vincent and the Grenadines,VCT,2016,15197.7482513352
St. Vincent and the Grenadines,VCT,2015,14508.8609465459
St. Vincent and the Grenadines,VCT,2014,14040.2460690452
St. Vincent and the Grenadines,VCT,2013,13804.1837951887
St. Vincent and the Grenadines,VCT,2012,13397.9632982701
St. Vincent and the Grenadines,VCT,2011,13168.8964291743
St. Vincent and the Grenadines,VCT,2010,13175.7230154228
St. Vincent and the Grenadines,VCT,2009,13723.7838252622
St. Vincent and the Grenadines,VCT,2008,13850.3936790063
St. Vincent and the Grenadines,VCT,2007,13732.3622591495
St. Vincent and the Grenadines,VCT,2006,13233.4068930431
St. Vincent and the Grenadines,VCT,2005,12320.0710011077
St. Vincent and the Grenadines,VCT,2004,11979.907294501
Sudan,SDN,2024,1861.39794921875
Sudan,SDN,2023,2181.0791015625
Sudan,SDN,2022,3132.0771484375
Sudan,SDN,2021,3248.9755859375
Sudan,SDN,2020,3401.24975585938
Sudan,SDN,2019,3625.52319335938
Sudan,SDN,2018,3816.65991210938
Sudan,SDN,2017,4061.01831054688
Sudan,SDN,2016,4174.56103515625
Sudan,SDN,2015,4159.1943359375
Sudan,SDN,2014,4207.50048828125
Sudan,SDN,2013,4130.48583984375
Sudan,SDN,2012,4145.931640625
Sudan,SDN,2011,4467.6259765625
Sudan,SDN,2010,4219.8369140625
Sudan,SDN,2009,4188.0546875
Sudan,SDN,2008,4446.40966796875
Sudan,SDN,2007,4415.78515625
Sudan,SDN,2006,4299.97412109375
Sudan,SDN,2005,4152.32275390625
Sudan,SDN,2004,4041.05712890625
Suriname,SUR,2024,19179.101839106
Suriname,SUR,2023,19020.8663751009
Suriname,SUR,2022,18742.5873760369
Suriname,SUR,2021,18458.234999681
Suriname,SUR,2020,19091.3617184226
Suriname,SUR,2019,22966.7405999124
Suriname,SUR,2018,22938.5353715545
Suriname,SUR,2017,22070.5137570835
Suriname,SUR,2016,21950.4122148625
Suriname,SUR,2015,23327.5252497447
Suriname,SUR,2014,24414.3554759734
Suriname,SUR,2013,24624.0219854601
Suriname,SUR,2012,24193.8412373922
Suriname,SUR,2011,23829.5332856393
Suriname,SUR,2010,22772.4754543689
Suriname,SUR,2009,21906.4105447498
Suriname,SUR,2008,21515.8119551093
Suriname,SUR,2007,20902.1391589279
Suriname,SUR,2006,20113.6707547695
Suriname,SUR,2005,19220.2839696605
Suriname,SUR,2004,18585.5170864176
Sweden,SWE,2024,62558.4065876041
Sweden,SWE,2023,62122.5116950792
Sweden,SWE,2022,62544.5002248644
Sweden,SWE,2021,62190.8526983825
Sweden,SWE,2020,59458.2805291969
Sweden,SWE,2019,61070.5243445838
Sweden,SWE,2018,60124.5711994179
Sweden,SWE,2017,59769.0136237
Sweden,SWE,2016,59460.2872722689
Sweden,SWE,2015,58955.6412361461
Sweden,SWE,2014,57077.6693544196
Sweden,SWE,2013,56353.0856347897
Sweden,SWE,2012,56193.3287488246
Sweden,SWE,2011,56846.1368290625
Sweden,SWE,2010,55520.4324178534
Sweden,SWE,2009,52950.7103332467
Sweden,SWE,2008,55777.3973050094
Sweden,SWE,2007,56737.3689179302
Sweden,SWE,2006,55373.9338115393
Sweden,SWE,2005,53198.67120001
Sweden,SWE,2004,51960.5321902953
Switzerland,CHE,2024,85448.0585577007
Switzerland,CHE,2023,85383.3564504008
Switzerland,CHE,2022,85762.2829174304
Switzerland,CHE,2021,83524.9832880195
Switzerland,CHE,2020,79270.8713687141
Switzerland,CHE,2019,81694.630652314
Switzerland,CHE,2018,81371.8944120855
Switzerland,CHE,2017,79333.7437810881
Switzerland,CHE,2016,78956.0667315042
Switzerland,CHE,2015,78325.7487417695
Switzerland,CHE,2014,78086.6805249841
Switzerland,CHE,2013,77084.6656456739
Switzerland,CHE,2012,76570.2378987121
Switzerland,CHE,2011,76527.3361539945
Switzerland,CHE,2010,76308.8064520802
Switzerland,CHE,2009,74672.9512725807
Switzerland,CHE,2008,77103.7188320632
Switzerland,CHE,2007,76161.5600232116
Switzerland,CHE,2006,73901.6149628577
Switzerland,CHE,2005,71414.3495582368
Switzerland,CHE,2004,69812.378758031
Syrian Arab Republic,SYR,2022,4579.43973633341
Syrian Arab Republic,SYR,2021,4765.52911357702
Syrian Arab Republic,SYR,2020,4810.61072632598
Syrian Arab Republic,SYR,2019,4928.02885412028
Syrian Arab Republic,SYR,2018,5061.49399424562
Syrian Arab Republic,SYR,2017,5083.65173888422
Syrian Arab Republic,SYR,2016,5128.91822862296
Syrian Arab Republic,SYR,2015,5414.83905242808
Syrian Arab Republic,SYR,2014,5414.37509688242
Syrian Arab Republic,SYR,2013,5648.60213025874
Syrian Arab Republic,SYR,2012,7296.32886794228
Syrian Arab Republic,SYR,2011,9854.03380162757
Syrian Arab Republic,SYR,2010,9749.57445219825
Syrian Arab Republic,SYR,2009,9481.56997895749
Syrian Arab Republic,SYR,2008,9093.12956891463
Syrian Arab Republic,SYR,2007,9017.08718303559
Syrian Arab Republic,SYR,2006,9074.77248149943
Syrian Arab Republic,SYR,2005,9016.72035122178
Syrian Arab Republic,SYR,2004,8710.00892967907
Tajikistan,TJK,2024,4755.93296704719
Tajikistan,TJK,2023,4472.3241378777
Tajikistan,TJK,2022,4213.75618362687
Tajikistan,TJK,2021,3985.91247611219
Tajikistan,TJK,2020,3724.7489591466
Tajikistan,TJK,2019,3649.88375518646
Tajikistan,TJK,2018,3479.69235966041
Tajikistan,TJK,2017,3312.71202243506
Tajikistan,TJK,2016,3169.9667820524
Tajikistan,TJK,2015,3041.44479553257
Tajikistan,TJK,2014,2943.08867917317
Tajikistan,TJK,2013,2828.38542075147
Tajikistan,TJK,2012,2700.09546037358
Tajikistan,TJK,2011,2572.48074895498
Tajikistan,TJK,2010,2449.27358745359
Tajikistan,TJK,2009,2349.50030269416
Tajikistan,TJK,2008,2308.09430040334
Tajikistan,TJK,2007,2181.89798056536
Tajikistan,TJK,2006,2063.288508243
Tajikistan,TJK,2005,1965.30020458256
Tajikistan,TJK,2004,1878.28696227255
Tanzania,TZA,2024,3713.26293945313
Tanzania,TZA,2023,3620.79345703125
Tanzania,TZA,2022,3546.98095703125
Tanzania,TZA,2021,3493.0830078125
Tanzania,TZA,2020,3449.82153320313
Tanzania,TZA,2019,3484.63256835938
Tanzania,TZA,2018,3392.68872070313
Tanzania,TZA,2017,3318.28833007813
Tanzania,TZA,2016,3214.24682617188
Tanzania,TZA,2015,3111.44458007813
Tanzania,TZA,2014,3027.56909179688
Tanzania,TZA,2013,2924.86328125
Tanzania,TZA,2012,2822.4853515625
Tanzania,TZA,2011,2779.70776367188
Tanzania,TZA,2010,2654.80346679688
Tanzania,TZA,2009,2560.81103515625
Tanzania,TZA,2008,2493.25927734375
Tanzania,TZA,2007,2423.61596679688
Tanzania,TZA,2006,2334.1044921875
Tanzania,TZA,2005,2253.09326171875
Tanzania,TZA,2004,2155.24145507813
Thailand,THA,2024,21882.2142474833
Thailand,THA,2023,21245.2706771879
Thailand,THA,2022,20768.4800093577
Thailand,THA,2021,20236.9760408784
Thailand,THA,2020,19950.2844063147
Thailand,THA,2019,21280.1504518601
Thailand,THA,2018,20882.1707419576
Thailand,THA,2017,20096.8605455164
Thailand,THA,2016,19372.7128024107
Thailand,THA,2015,18814.0408554566
Thailand,THA,2014,18326.604873747
Thailand,THA,2013,18244.4071505088
Thailand,THA,2012,17871.5786477565
Thailand,THA,2011,16768.1688542486
Thailand,THA,2010,16732.187029014
Thailand,THA,2009,15667.6047343164
Thailand,THA,2008,15893.5084947968
Thailand,THA,2007,15744.3652449147
Thailand,THA,2006,15052.6955101059
Thailand,THA,2005,14459.825626203
Thailand,THA,2004,13998.521730812
Timor-Leste,TLS,2024,3890.95754653453
Timor-Leste,TLS,2023,4331.07792560386
Timor-Leste,TLS,2022,5348.49182701353
Timor-Leste,TLS,2021,6825.0458085995
Timor-Leste,TLS,2020,6594.8817078452
Timor-Leste,TLS,2019,5103.14964292207
Timor-Leste,TLS,2018,4188.84099191337
Timor-Leste,TLS,2017,4290.02709296562
Timor-Leste,TLS,2016,4515.422459894
Timor-Leste,TLS,2015,4467.80007184896
Timor-Leste,TLS,2014,4445.35926887033
Timor-Leste,TLS,2013,4340.27839503511
Timor-Leste,TLS,2012,4297.91482449132
Timor-Leste,TLS,2011,4189.79978481015
Timor-Leste,TLS,2010,4047.24940614314
Timor-Leste,TLS,2009,3792.35831612987
Timor-Leste,TLS,2008,3530.88217479074
Timor-Leste,TLS,2007,3256.56980118129
Timor-Leste,TLS,2006,3038.9523176563
Timor-Leste,TLS,2005,3263.94446005573
Timor-Leste,TLS,2004,3234.97583674338
Togo,TGO,2024,3351.24993111939
Togo,TGO,2023,3215.82300022488
Togo,TGO,2022,3086.40878742334
Togo,TGO,2021,2952.09730066985
Togo,TGO,2020,2861.29796240513
Togo,TGO,2019,2862.62661160331
Togo,TGO,2018,2787.56398409759
Togo,TGO,2017,2708.61122396846
Togo,TGO,2016,2648.90084835076
Togo,TGO,2015,2588.27260980499
Togo,TGO,2014,2501.43253092917
Togo,TGO,2013,2416.37805101152
Togo,TGO,2012,2333.19276737886
Togo,TGO,2011,2246.56204522679
Togo,TGO,2010,2181.59889262038
Togo,TGO,2009,2126.4413192509
Togo,TGO,2008,2082.64201553182
Togo,TGO,2007,2067.21836135015
Togo,TGO,2006,2158.94393995769
Togo,TGO,2005,2164.01599552728
Togo,TGO,2004,2326.60102463281
Tonga,TON,2024,7180.98743332878
Tonga,TON,2023,7031.32021704688
Tonga,TON,2022,6811.48234641523
Tonga,TON,2021,6930.06482518663
Tonga,TON,2020,6981.30436453629
Tonga,TON,2019,6859.71739851786
Tonga,TON,2018,6885.98490469718
Tonga,TON,2017,6863.54796430087
Tonga,TON,2016,6639.98719699561
Tonga,TON,2015,6195.43302733786
Tonga,TON,2014,6097.65041861635
Tonga,TON,2013,5952.45690447913
Tonga,TON,2012,5908.02400699798
Tonga,TON,2011,5848.19312009382
Tonga,TON,2010,5489.45367019062
Tonga,TON,2009,5454.57394388907
Tonga,TON,2008,5759.30612501464
Tonga,TON,2007,5507.35733894364
Tonga,TON,2006,5671.64079163565
Tonga,TON,2005,5829.1173260211
Tonga,TON,2004,5901.21343135785
Trinidad and Tobago,TTO,2024,31960.1568888983
Trinidad and Tobago,TTO,2023,31196.603554718
Trinidad and Tobago,TTO,2022,30784.1112580356
Trinidad and Tobago,TTO,2021,30482.1201798631
Trinidad and Tobago,TTO,2020,30720.8876936042
Trinidad and Tobago,TTO,2019,33748.7060849924
Trinidad and Tobago,TTO,2018,33710.0178540008
Trinidad and Tobago,TTO,2017,34095.9899256152
Trinidad and Tobago,TTO,2016,35914.9901970983
Trinidad and Tobago,TTO,2015,38963.9641783011
Trinidad and Tobago,TTO,2014,39248.6570516023
Trinidad and Tobago,TTO,2013,37994.0686480473
Trinidad and Tobago,TTO,2012,36903.6898574094
Trinidad and Tobago,TTO,2011,34769.7620251376
Trinidad and Tobago,TTO,2010,35145.1253639062
Trinidad and Tobago,TTO,2009,34212.2683057008
Trinidad and Tobago,TTO,2008,35825.3333456362
Trinidad and Tobago,TTO,2007,34793.6457521105
Trinidad and Tobago,TTO,2006,33348.7507470886
Trinidad and Tobago,TTO,2005,29536.4394101096
Trinidad and Tobago,TTO,2004,26757.9075601429
Tunisia,TUN,2024,12774.9158568021
Tunisia,TUN,2023,12650.9615158166
Tunisia,TUN,2022,12712.22345453
Tunisia,TUN,2021,12444.3264026887
Tunisia,TUN,2020,11955.5983698479
Tunisia,TUN,2019,13243.9024233246
Tunisia,TUN,2018,13163.1952230357
Tunisia,TUN,2017,12955.4014814241
Tunisia,TUN,2016,12803.8797371543
Tunisia,TUN,2015,12802.7917211433
Tunisia,TUN,2014,12824.0028914441
Tunisia,TUN,2013,12587.9950645596
Tunisia,TUN,2012,12436.3958115735
Tunisia,TUN,2011,12068.7136257667
Tunisia,TUN,2010,12458.2710366551
Tunisia,TUN,2009,12229.7752536693
Tunisia,TUN,2008,11990.1962371716
Tunisia,TUN,2007,11613.9247511428
Tunisia,TUN,2006,10983.9221903991
Tunisia,TUN,2005,10529.1598956845
Tunisia,TUN,2004,10263.8055422408
Turkiye,TUR,2024,36154.490436557
Turkiye,TUR,2023,35069.1701714685
Turkiye,TUR,2022,33520.8111384208
Turkiye,TUR,2021,32105.5474400506
Turkiye,TUR,2020,28976.7179161611
Turkiye,TUR,2019,28741.0535082701
Turkiye,TUR,2018,28780.3036458151
Turkiye,TUR,2017,28194.688309381
Turkiye,TUR,2016,26489.6436816046
Turkiye,TUR,2015,25984.8027306177
Turkiye,TUR,2014,24888.8521742576
Turkiye,TUR,2013,24117.3121099839
Turkiye,TUR,2012,22517.7148287875
Turkiye,TUR,2011,21760.4291923634
Turkiye,TUR,2010,19897.4464836887
Turkiye,TUR,2009,18612.1925231905
Turkiye,TUR,2008,19839.5845462269
Turkiye,TUR,2007,19909.083519675
Turkiye,TUR,2006,18972.0089563632
Turkiye,TUR,2005,17902.5966004487
Turkiye,TUR,2004,16583.8837094062
Turkmenistan,TKM,2024,18470.7438450744
Turkmenistan,TKM,2023,17685.8585929282
Turkmenistan,TKM,2022,16943.6046037141
Turkmenistan,TKM,2021,16259.8700051884
Turkmenistan,TKM,2020,15630.9145192529
Turkmenistan,TKM,2019,15080.9034007693
Turkmenistan,TKM,2018,14499.1684377606
Turkmenistan,TKM,2017,13963.4045877295
Turkmenistan,TKM,2016,13420.3849717471
Turkmenistan,TKM,2015,12926.6637306966
Turkmenistan,TKM,2014,12423.9246417745
Turkmenistan,TKM,2013,11516.3741234527
Turkmenistan,TKM,2012,10689.3537347285
Turkmenistan,TKM,2011,9837.56345513458
Turkmenistan,TKM,2010,8758.89686680508
Turkmenistan,TKM,2009,8186.87833253045
Turkmenistan,TKM,2008,7870.0271753063
Turkmenistan,TKM,2007,6993.52911567076
Turkmenistan,TKM,2006,6415.71290854977
Turkmenistan,TKM,2005,5889.84657742616
Turkmenistan,TKM,2004,5309.64539382487
Turks and Caicos Islands,TCA,2024,33390.5267148059
Turks and Caicos Islands,TCA,2023,31839.3705381969
Turks and Caicos Islands,TCA,2022,28209.6242536079
Turks and Caicos Islands,TCA,2021,25056.4880515569
Turks and Caicos Islands,TCA,2020,19702.5368196855
Turks and Caicos Islands,TCA,2019,30611.2130237381
Turks and Caicos Islands,TCA,2018,30286.1196112151
Turks and Caicos Islands,TCA,2017,29540.3537473151
Turks and Caicos Islands,TCA,2016,17625.7202843515
Turks and Caicos Islands,TCA,2015,17201.7720345933
Turks and Caicos Islands,TCA,2014,16138.8487604249
Turks and Caicos Islands,TCA,2013,15461.873511271
Turks and Caicos Islands,TCA,2012,16024.6915652254
Turks and Caicos Islands,TCA,2011,17147.424764127
Turks and Caicos Islands,TCA,2010,17000.2227766463
Turks and Caicos Islands,TCA,2009,17512.1977777876
Turks and Caicos Islands,TCA,2008,22689.3160133769
Turks and Caicos Islands,TCA,2007,21878.8206013071
Tuvalu,TUV,2024,5592.18723602659
Tuvalu,TUV,2023,5315.16301028104
Tuvalu,TUV,2022,5044.53984578911
Tuvalu,TUV,2021,5551.80841999248
Tuvalu,TUV,2020,5442.36321121293
Tuvalu,TUV,2019,5515.89953720794
Tuvalu,TUV,2018,4785.23289965077
Tuvalu,TUV,2017,4668.54376684727
Tuvalu,TUV,2016,4495.57215692486
Tuvalu,TUV,2015,4277.7146690273
Tuvalu,TUV,2014,3903.4345149878
Tuvalu,TUV,2013,3833.48955456181
Tuvalu,TUV,2012,3715.60046956613
Tuvalu,TUV,2011,3879.3490996995
Tuvalu,TUV,2010,3664.45034598789
Tuvalu,TUV,2009,3812.13929570827
Tuvalu,TUV,2008,4093.92473951632
Tuvalu,TUV,2007,3893.64259975408
Tuvalu,TUV,2006,3687.77123312778
Tuvalu,TUV,2005,3682.89175926232
Tuvalu,TUV,2004,3874.58266822844
Uganda,UGA,2024,2879.67009290376
Uganda,UGA,2023,2791.05576885861
Uganda,UGA,2022,2724.90609568409
Uganda,UGA,2021,2684.92035939744
Uganda,UGA,2020,2678.00907202293
Uganda,UGA,2019,2689.41009144919
Uganda,UGA,2018,2613.87976413963
Uganda,UGA,2017,2543.84754394956
Uganda,UGA,2016,2554.22769062073
Uganda,UGA,2015,2520.0201028843
Uganda,UGA,2014,2470.50380909598
Uganda,UGA,2013,2420.88808087266
Uganda,UGA,2012,2405.09455932767
Uganda,UGA,2011,2384.4653273154
Uganda,UGA,2010,2244.60595194584
Uganda,UGA,2009,2188.29916246327
Uganda,UGA,2008,2110.10049271503
Uganda,UGA,2007,1999.0624896434
Uganda,UGA,2006,1898.97915280479
Uganda,UGA,2005,1765.03788457066
Uganda,UGA,2004,1709.36159216857
Ukraine,UKR,2024,16371.44140625
Ukraine,UKR,2023,15916.9580078125
Ukraine,UKR,2022,13787.12109375
Ukraine,UKR,2021,17846.408203125
Ukraine,UKR,2020,17092.5390625
Ukraine,UKR,2019,17636.5546875
Ukraine,UKR,2018,16978.984375
Ukraine,UKR,2017,16310.3603515625
Ukraine,UKR,2016,15856.8125
Ukraine,UKR,2015,15403.7099609375
Ukraine,UKR,2014,16978.8125
Ukraine,UKR,2013,17889.091796875
Ukraine,UKR,2012,17848.740234375
Ukraine,UKR,2011,17783.95703125
Ukraine,UKR,2010,16811.794921875
Ukraine,UKR,2009,16092.7958984375
Ukraine,UKR,2008,18883.986328125
Ukraine,UKR,2007,18374.013671875
Ukraine,UKR,2006,16901.5078125
Ukraine,UKR,2005,15610.5732421875
Ukraine,UKR,2004,15021.06640625
United Arab Emirates,ARE,2024,69701.785835525
United Arab Emirates,ARE,2023,70239.8328337228
United Arab Emirates,ARE,2022,70075.63837395
United Arab Emirates,ARE,2021,68580.1312912676
United Arab Emirates,ARE,2020,66808.6209256028
United Arab Emirates,ARE,2019,72822.9466438922
United Arab Emirates,ARE,2018,72671.0787288764
United Arab Emirates,ARE,2017,72529.0423512365
United Arab Emirates,ARE,2016,75671.036861385
United Arab Emirates,ARE,2015,75238.5571858454
United Arab Emirates,ARE,2014,74145.1175448951
United Arab Emirates,ARE,2013,74237.2038000319
United Arab Emirates,ARE,2012,73644.0549928884
United Arab Emirates,ARE,2011,73190.4056300014
United Arab Emirates,ARE,2010,70913.7569272495
United Arab Emirates,ARE,2009,71488.9696792101
United Arab Emirates,ARE,2008,80285.1613062103
United Arab Emirates,ARE,2007,87180.6001633546
United Arab Emirates,ARE,2006,94872.5121329578
United Arab Emirates,ARE,2005,92750.9226341994
United Arab Emirates,ARE,2004,93166.1568863784
United Kingdom,GBR,2024,53412.0647163589
United Kingdom,GBR,2023,53423.4226338292
United Kingdom,GBR,2022,53979.7679116234
United Kingdom,GBR,2021,51840.4424245515
United Kingdom,GBR,2020,47930.5490378931
United Kingdom,GBR,2019,53374.0927628482
United Kingdom,GBR,2018,52983.039541197
United Kingdom,GBR,2017,52429.1275538988
United Kingdom,GBR,2016,51168.2925796814
United Kingdom,GBR,2015,50462.8329992477
United Kingdom,GBR,2014,49763.17387988
United Kingdom,GBR,2013,48600.5100807266
United Kingdom,GBR,2012,48099.6594401942
United Kingdom,GBR,2011,47714.2894262827
United Kingdom,GBR,2010,47682.6525150443
United Kingdom,GBR,2009,46995.5449961945
United Kingdom,GBR,2008,49629.0498697349
United Kingdom,GBR,2007,50045.9163092519
United Kingdom,GBR,2006,49000.9535382241
United Kingdom,GBR,2005,48304.6753205932
United Kingdom,GBR,2004,47317.027070979
United States,USA,2024,75698.1773354629
United States,USA,2023,74351.6718197429
United States,USA,2022,72828.7430907189
United States,USA,2021,71441.231980595
United States,USA,2020,67406.8311325507
United States,USA,2019,69121.4580016741
United States,USA,2018,67728.4424921024
United States,USA,2017,66164.0320014289
United States,USA,2016,65025.9855980616
United States,USA,2015,64367.7188912582
United States,USA,2014,63026.8779187814
United States,USA,2013,61966.6621370894
United States,USA,2012,61142.3637034265
United States,USA,2011,60253.2035796719
United States,USA,2010,59797.0736545937
United States,USA,2009,58722.496767251
United States,USA,2008,60806.2238713713
United States,USA,2007,61314.4520816367
United States,USA,2006,60684.3399832539
United States,USA,2005,59612.3907215559
United States,USA,2004,58139.0820195229
Uruguay,URY,2024,32149.480073986
Uruguay,URY,2023,31100.9696889882
Uruguay,URY,2022,30840.0709827676
Uruguay,URY,2021,29431.8738833361
Uruguay,URY,2020,27788.1749600196
Uruguay,URY,2019,30010.5628834294
Uruguay,URY,2018,29757.9276055415
Uruguay,URY,2017,29762.4220666605
Uruguay,URY,2016,29332.5561568815
Uruguay,URY,2015,28941.6184540581
Uruguay,URY,2014,28935.086486757
Uruguay,URY,2013,28119.4726887432
Uruguay,URY,2012,26953.2709026389
Uruguay,URY,2011,26099.3116487704
Uruguay,URY,2010,24879.8256003219
Uruguay,URY,2009,23138.0733091496
Uruguay,URY,2008,22249.3750934425
Uruguay,URY,2007,20803.885306175
Uruguay,URY,2006,19560.0743506382
Uruguay,URY,2005,18811.3124755641
Uruguay,URY,2004,17519.3729926744
Uzbekistan,UZB,2024,10997.1707291644
Uzbekistan,UZB,2023,10514.0955721447
Uzbekistan,UZB,2022,10091.3877869999
Uzbekistan,UZB,2021,9705.60054565692
Uzbekistan,UZB,2020,9145.23119844239
Uzbekistan,UZB,2019,9169.01147508351
Uzbekistan,UZB,2018,8742.5491991216
Uzbekistan,UZB,2017,8413.29975299494
Uzbekistan,UZB,2016,8172.9216949615
Uzbekistan,UZB,2015,7792.23605983713
Uzbekistan,UZB,2014,7344.44304405623
Uzbekistan,UZB,2013,6932.93371228586
Uzbekistan,UZB,2012,6525.4971525889
Uzbekistan,UZB,2011,6170.84149747534
Uzbekistan,UZB,2010,5794.98037704358
Uzbekistan,UZB,2009,5471.82013683888
Uzbekistan,UZB,2008,5145.99183378479
Uzbekistan,UZB,2007,4792.8290951141
Uzbekistan,UZB,2006,4439.90667205623
Uzbekistan,UZB,2005,4185.63947675734
Uzbekistan,UZB,2004,3962.90117061128
Vanuatu,VUT,2024,3837.03937446048
Vanuatu,VUT,2023,3782.82649029418
Vanuatu,VUT,2022,3658.51871182046
Vanuatu,VUT,2021,3546.08021896872
Vanuatu,VUT,2020,3671.97390565303
Vanuatu,VUT,2019,3986.65620021472
Vanuatu,VUT,2018,3951.18453122592
Vanuatu,VUT,2017,3947.67824193203
Vanuatu,VUT,2016,3877.08354643548
Vanuatu,VUT,2015,3825.81231400229
Vanuatu,VUT,2014,3779.64941165998
Vanuatu,VUT,2013,3748.76509025679
Vanuatu,VUT,2012,3815.41895246816
Vanuatu,VUT,2011,3861.18223002309
Vanuatu,VUT,2010,3825.75653571613
Vanuatu,VUT,2009,3867.75799280135
Vanuatu,VUT,2008,3850.27902468628
Vanuatu,VUT,2007,3738.66656241804
Vanuatu,VUT,2006,3724.24741699945
Vanuatu,VUT,2005,3517.84619857461
Vanuatu,VUT,2004,3422.60817759375
Viet Nam,VNM,2024,14396.4217369473
Viet Nam,VNM,2023,13534.7997843016
Viet Nam,VNM,2022,12979.7638983711
Viet Nam,VNM,2021,12048.9019935536
Viet Nam,VNM,2020,11851.3965685649
Viet Nam,VNM,2019,11628.6139147451
Viet Nam,VNM,2018,10936.8937859558
Viet Nam,VNM,2017,10290.5487142244
Viet Nam,VNM,2016,9743.1882231455
Viet Nam,VNM,2015,9248.02396069622
Viet Nam,VNM,2014,8751.88280634375
Viet Nam,VNM,2013,8324.19871250047
Viet Nam,VNM,2012,7979.86828926858
Viet Nam,VNM,2011,7652.61895672271
Viet Nam,VNM,2010,7274.73310698016
Viet Nam,VNM,2009,6914.33863589545
Viet Nam,VNM,2008,6659.13561432065
Viet Nam,VNM,2007,6418.54381402878
Viet Nam,VNM,2006,6098.24495436514
Viet Nam,VNM,2005,5776.36304451268
Viet Nam,VNM,2004,5421.09702829121
Virgin Islands (U.S.),VIR,2022,46479.2996685326
Virgin Islands (U.S.),VIR,2021,46893.5496988741
Virgin Islands (U.S.),VIR,2020,45055.7829303523
Virgin Islands (U.S.),VIR,2019,45632.6364715693
Virgin Islands (U.S.),VIR,2018,44205.4071324394
Virgin Islands (U.S.),VIR,2017,43277.1546523522
Virgin Islands (U.S.),VIR,2016,43502.4336941564
Virgin Islands (U.S.),VIR,2015,42739.0835022993
Virgin Islands (U.S.),VIR,2014,42853.8986599185
Virgin Islands (U.S.),VIR,2013,43563.8864931407
Virgin Islands (U.S.),VIR,2012,46422.4151236223
Virgin Islands (U.S.),VIR,2011,54443.0686942498
Virgin Islands (U.S.),VIR,2010,59272.2456856343
Virgin Islands (U.S.),VIR,2009,58895.3056899496
Virgin Islands (U.S.),VIR,2008,63057.6263123638
Virgin Islands (U.S.),VIR,2007,62332.9445371347
Virgin Islands (U.S.),VIR,2006,59911.7224453162
Virgin Islands (U.S.),VIR,2005,57838.0977142823
Virgin Islands (U.S.),VIR,2004,55883.4545510864
West Bank and Gaza,PSE,2024,4190.90911333626
West Bank and Gaza,PSE,2023,5562.42442563953
West Bank and Gaza,PSE,2022,5753.08395899307
West Bank and Gaza,PSE,2021,5663.12160743584
West Bank and Gaza,PSE,2020,5423.68254653126
West Bank and Gaza,PSE,2019,6269.89134527985
West Bank and Gaza,PSE,2018,6342.9374800852
West Bank and Gaza,PSE,2017,6426.79521615335
West Bank and Gaza,PSE,2016,6464.13352537371
West Bank and Gaza,PSE,2015,6072.65031768549
West Bank and Gaza,PSE,2014,5990.42661523778
West Bank and Gaza,PSE,2013,6142.20204342591
West Bank and Gaza,PSE,2012,6009.10925822042
West Bank and Gaza,PSE,2011,5805.32115329251
West Bank and Gaza,PSE,2010,5432.24363072522
West Bank and Gaza,PSE,2009,5270.66331643219
West Bank and Gaza,PSE,2008,4984.80579890695
West Bank and Gaza,PSE,2007,4769.52328096801
West Bank and Gaza,PSE,2006,4714.37331793342
West Bank and Gaza,PSE,2005,4885.07252184444
West Bank and Gaza,PSE,2004,4503.08034061409
Zambia,ZMB,2024,3708.06904295647
Zambia,ZMB,2023,3673.4841969922
Zambia,ZMB,2022,3585.12379084347
Zambia,ZMB,2021,3503.03491418372
Zambia,ZMB,2020,3391.59541156095
Zambia,ZMB,2019,3591.56418883108
Zambia,ZMB,2018,3646.95966481655
Zambia,ZMB,2017,3612.50597664593
Zambia,ZMB,2016,3598.17166023389
Zambia,ZMB,2015,3576.92544834125
Zambia,ZMB,2014,3585.57748507131
Zambia,ZMB,2013,3535.22449043144
Zambia,ZMB,2012,3474.55252844092
Zambia,ZMB,2011,3335.64339500657
Zambia,ZMB,2010,3266.50749293828
Zambia,ZMB,2009,3065.84420108998
Zambia,ZMB,2008,2908.14362510668
Zambia,ZMB,2007,2796.3529332184
Zambia,ZMB,2006,2673.46151928529
Zambia,ZMB,2005,2564.47560965912
Zambia,ZMB,2004,2471.72073328685
Zimbabwe,ZWE,2024,5211.89755587954
Zimbabwe,ZWE,2023,5218.04526596398
Zimbabwe,ZWE,2022,5036.78317732239
Zimbabwe,ZWE,2021,4827.10960165994
Zimbabwe,ZWE,2020,4527.73949219254
Zimbabwe,ZWE,2019,4993.86546928208
Zimbabwe,ZWE,2018,5415.49322028193
Zimbabwe,ZWE,2017,5234.4065377844
Zimbabwe,ZWE,2016,5070.42413209981
Zimbabwe,ZWE,2015,5102.73642537223
Zimbabwe,ZWE,2014,5081.13441232186
Zimbabwe,ZWE,2013,5031.70923825425
Zimbabwe,ZWE,2012,5003.50873397069
Zimbabwe,ZWE,2011,4358.94470674386
Zimbabwe,ZWE,2010,3885.41061373756
Zimbabwe,ZWE,2009,3299.42808702922
Zimbabwe,ZWE,2008,2954.11211916469
Zimbabwe,ZWE,2007,3631.55334530411
Zimbabwe,ZWE,2006,3819.24997116607
Zimbabwe,ZWE,2005,4004.68178301248
Zimbabwe,ZWE,2004,4287.61686326352
